colour	x	y	showSelected3	PANEL	group
transparent	-0.4689826737158	0.663797976449132	not	1	1
#000000	-0.25575220072642	0.533685508649796	spam	1	2
#000000	0.145706726703793	-0.454439367167652	spam	1	3
transparent	0.816415579989553	-0.623673402238637	not	1	4
#000000	-0.596636137925088	-0.548476330470294	spam	1	5
transparent	0.796779369935393	-0.876059264875948	not	1	6
#000000	0.889350537210703	-0.880199518054724	spam	1	7
#000000	0.321595584973693	-0.703688259236515	spam	1	8
#000000	0.258228087797761	-0.854024228174239	spam	1	9
transparent	-0.876427459064871	-0.914228216279298	not	1	10
#000000	-0.588050850201398	0.0449225446209312	spam	1	11
transparent	-0.646886494942009	0.578462978824973	not	1	12
transparent	0.374045693315566	0.38950669625774	not	1	13
#000000	-0.231792563572526	-0.86684790533036	spam	1	14
#000000	0.539682839997113	-0.964084506966174	spam	1	15
transparent	-0.00460151582956314	-0.115683153271675	not	1	16
transparent	0.435237016528845	-0.684795833658427	not	1	17
#000000	0.983812189660966	0.437720231711864	spam	1	18
#000000	-0.239929641131312	0.407883665058762	spam	1	19
#000000	0.554890442639589	0.770452609751374	spam	1	20
#000000	0.869410462211818	-0.349477969575673	spam	1	21
#000000	-0.575714957434684	0.941763133276254	spam	1	22
#000000	0.303347532171756	0.969640532508492	spam	1	23
transparent	-0.748889808077365	-0.921630564611405	not	1	24
#000000	-0.465558662544936	0.787142576184124	spam	1	25
transparent	-0.227771814912558	0.644798302557319	not	1	26
transparent	-0.973219333682209	0.448489385657012	not	1	27
transparent	-0.235224085859954	-0.422159724403173	not	1	28
#000000	0.73938169144094	0.00389720918610692	spam	1	29
#000000	-0.319302006624639	-0.143305997364223	spam	1	30
#000000	-0.0358397690579295	0.220032032113522	spam	1	31
#000000	0.199131650850177	0.85222634812817	spam	1	32
transparent	-0.0129173859022558	-0.519753484521061	not	1	33
transparent	-0.627564797177911	-0.456236332189292	not	1	34
#000000	0.654746637213975	0.470007292926312	spam	1	35
#000000	0.336933476384729	0.503091746009886	spam	1	36
#000000	0.588479721453041	0.861183841712773	spam	1	37
transparent	-0.784112748224288	-0.0745394504629076	not	1	38
transparent	0.447421892080456	0.721382353454828	not	1	39
transparent	-0.177451140712947	-0.375927160959691	not	1	40
transparent	0.641892588231713	-0.583921973127872	not	1	41
#000000	0.29412038763985	0.841654934454709	spam	1	42
#000000	0.56586552457884	-0.894526231568307	spam	1	43
#000000	0.106072623282671	-0.177689137868583	spam	1	44
transparent	0.0594391603954136	-0.0873175696469843	not	1	45
#000000	0.578712463378906	-0.168279504869133	spam	1	46
#000000	-0.953337595332414	0.340706903487444	spam	1	47
#000000	-0.0455398699268699	0.513808160088956	spam	1	48
transparent	0.4646274773404	0.823302628938109	not	1	49
#000000	0.385463112965226	0.63990417169407	spam	1	50
#000000	-0.0447607557289302	-0.81270029488951	spam	1	51
transparent	0.722418953664601	-0.644187837373465	not	1	52
#000000	-0.123805785551667	0.284429160412401	spam	1	53
#000000	-0.510405445937067	0.748565987683833	spam	1	54
transparent	-0.858641905710101	0.184626700822264	not	1	55
#000000	-0.801067679654807	-0.475135615561158	spam	1	56
#000000	-0.3674565856345	0.767504528164864	spam	1	57
#000000	0.0372685263864696	-0.624621307477355	spam	1	58
transparent	0.324010152835399	-0.0222660354338586	not	1	59
transparent	-0.186339625623077	-0.98035902576521	not	1	60
transparent	0.825751848518848	-0.279131913557649	not	1	61
transparent	-0.412793254479766	-0.115676618181169	not	1	62
transparent	-0.0818685474805534	-0.748541557230055	not	1	63
#000000	-0.335210651624948	0.248729095328599	spam	1	64
transparent	0.30174093414098	-0.39513733657077	not	1	65
transparent	-0.483966438565403	-0.520725543610752	not	1	66
#000000	-0.0429095034487546	-0.282740472815931	spam	1	67
transparent	0.532621341291815	0.785820825025439	not	1	68
#000000	-0.831506171263754	0.981254530139267	spam	1	69
transparent	0.750642660073936	0.464842394925654	not	1	70
#000000	-0.321854124311358	0.985576176550239	spam	1	71
#000000	0.678880700375885	0.0795787242241204	spam	1	72
transparent	-0.306633021682501	-0.132396476343274	not	1	73
transparent	-0.332450138404965	0.92934734839946	not	1	74
transparent	-0.0472975098527968	-0.703360713552684	not	1	75
transparent	0.784396671690047	-0.867013888433576	not	1	76
#000000	0.728678941261023	-0.951497023925185	spam	1	77
#000000	-0.220020913053304	0.2248464836739	spam	1	78
#000000	0.554641397669911	0.393217496108264	spam	1	79
#000000	0.921235994435847	0.602283774409443	spam	1	80
#000000	-0.130681030452251	-0.724539432208985	spam	1	81
#000000	0.425029357429594	-0.680430354550481	spam	1	82
transparent	-0.200011262204498	0.977667185943574	not	1	83
#000000	-0.349295696243644	-0.202708608936518	spam	1	84
#000000	0.514174296054989	-0.624176367651671	spam	1	85
#000000	-0.594615489710122	-0.0445435177534819	spam	1	86
transparent	0.422242444939911	0.0884680454619229	not	1	87
transparent	-0.756616157945246	-0.343684038612992	not	1	88
#000000	-0.509022972080857	0.999861187301576	spam	1	89
#000000	-0.71339124115184	0.0555636719800532	spam	1	90
transparent	-0.52074116980657	-0.732530983630568	not	1	91
transparent	-0.882131245452911	-0.122919864486903	not	1	92
#000000	0.284576517064124	0.241587879601866	spam	1	93
#000000	0.752538425382227	-0.594175175763667	spam	1	94
#000000	0.557829354889691	-0.731660454533994	spam	1	95
transparent	0.594617651775479	0.55366799607873	not	1	96
transparent	-0.0894510927610099	0.271899697370827	not	1	97
transparent	-0.179831835906953	-0.435727406758815	not	1	98
transparent	0.621740485541523	-0.617481087800115	not	1	99
transparent	0.209866580553353	-0.468926560133696	not	1	100
#000000	0.309447856154293	0.0616175858303905	spam	1	101
#000000	-0.293605456128716	0.369721808005124	spam	1	102
transparent	-0.459479708224535	-0.233433212619275	not	1	103
#000000	0.985368122346699	0.909975996706635	spam	1	104
#000000	0.266986528877169	-0.763286838773638	spam	1	105
transparent	-0.573583729565144	-0.921799889300019	not	1	106
#000000	-0.74125530384481	0.00901006581261754	spam	1	107
transparent	-0.0437639313749969	0.156965110450983	not	1	108
transparent	0.848148939665407	0.678607815876603	not	1	109
#000000	0.19752193428576	0.308889950625598	spam	1	110
transparent	0.952341389842331	0.889056679792702	not	1	111
transparent	0.463585023768246	0.0233152592554688	not	1	112
transparent	-0.286546175833792	-0.830157881602645	not	1	113
transparent	-0.137052618898451	0.989541018847376	not	1	114
#000000	-0.703576878644526	-0.197111760266125	spam	1	115
transparent	-0.973844849038869	0.791292593348771	not	1	116
transparent	0.431132132187486	0.753716824110597	not	1	117
transparent	-0.793631528504193	-0.407030404079706	not	1	118
transparent	-0.107431302778423	-0.734816180542111	not	1	119
#000000	0.280202090274543	-0.468178184702992	spam	1	120
transparent	0.983677240088582	-0.988544914405793	not	1	121
#000000	-0.00881284428760409	0.639203642960638	spam	1	122
#000000	-0.0313009512610734	-0.650676642078906	spam	1	123
#000000	-0.653115330263972	0.686161104124039	spam	1	124
#000000	0.509641889017075	-0.666575666517019	spam	1	125
transparent	-0.0922090215608478	0.52803887007758	not	1	126
transparent	0.0223395675420761	0.0378761747851968	not	1	127
#000000	-0.584909773431718	-0.454629393294454	spam	1	128
transparent	-0.542683714535087	-0.313593728467822	not	1	129
#000000	0.191423992626369	0.410150680225343	spam	1	130
transparent	0.149744396563619	0.183070602361113	not	1	131
transparent	-0.845871239434928	-0.0612419247627258	not	1	132
transparent	-0.928918840829283	-0.32724678888917	not	1	133
transparent	0.285590984392911	0.935674857348204	not	1	134
#000000	0.857230399269611	0.291683767456561	spam	1	135
#000000	0.196184844709933	-0.607397661544383	spam	1	136
transparent	0.121801496017724	-0.285639229696244	not	1	137
#000000	0.0520554478280246	0.0260361642576754	spam	1	138
#000000	0.970190447755158	0.765993481036276	spam	1	139
transparent	0.0152836446650326	-0.694664869457483	not	1	140
#000000	0.365576157346368	-0.539076805114746	spam	1	141
#000000	0.203082435298711	-0.674022843129933	spam	1	142
transparent	-0.522262644488365	0.228693718090653	not	1	143
transparent	-0.483668146654964	0.00327288778498769	not	1	144
#000000	0.458619246724993	-0.623762223869562	spam	1	145
#000000	-0.0948583371937275	-0.184570294804871	spam	1	146
#000000	-0.649746463168412	0.16477609379217	spam	1	147
#000000	0.493396539241076	-0.382141869980842	spam	1	148
#000000	-0.790024719201028	-0.0380687196739018	spam	1	149
#000000	0.729089898057282	0.878789584618062	spam	1	150
#000000	0.229289943352342	-0.907918903511018	spam	1	151
#000000	0.114319077692926	0.0697234594263136	spam	1	152
transparent	-0.342445361893624	-0.114678435493261	not	1	153
#000000	-0.0937371090985835	0.812730939127505	spam	1	154
#000000	0.000881945248693228	0.762084763497114	spam	1	155
transparent	-0.638267277739942	-0.673517767339945	not	1	156
#000000	0.0592612056061626	0.504381531383842	spam	1	157
transparent	-0.849448508583009	-0.194025595672429	not	1	158
#000000	-0.444488134700805	0.113905386999249	spam	1	159
transparent	-0.574600961524993	-0.839661436155438	not	1	160
transparent	-0.430419038049877	-0.766862815245986	not	1	161
#000000	0.790188205894083	0.850385122466832	spam	1	162
#000000	-0.107529353350401	0.757688481360674	spam	1	163
transparent	0.559969779569656	-0.673584746196866	not	1	164
transparent	0.761238069739193	0.0631278026849031	not	1	165
transparent	-0.173751580994576	0.859584336634725	not	1	166
transparent	-0.872383038979024	-0.348568012472242	not	1	167
transparent	-0.329025016631931	-0.678410738240928	not	1	168
transparent	0.447451893240213	0.899415835738182	not	1	169
#000000	-0.324769333004952	-0.0752859027124941	spam	1	170
#000000	0.260828244965524	-0.558458225335926	spam	1	171
transparent	0.681229108013213	-0.995961534790695	not	1	172
transparent	0.712263329420239	0.238385206554085	not	1	173
#000000	-0.217281437944621	-0.194988155737519	spam	1	174
#000000	-0.239012228790671	0.800065221264958	spam	1	175
transparent	0.790890851989389	0.0117639689706266	not	1	176
transparent	0.288631525821984	0.452974162064493	not	1	177
transparent	0.482157297432423	-0.945026770234108	not	1	178
#000000	0.210606893058866	-0.241173573769629	spam	1	179
transparent	0.806163222994655	-0.226510675624013	not	1	180
#000000	-0.412539689801633	-0.324358549434692	spam	1	181
transparent	-0.617479780223221	-0.271136297378689	not	1	182
#000000	0.772901886608452	0.277511939406395	spam	1	183
#000000	0.00667897146195173	-0.934171345084906	spam	1	184
#000000	0.754115086048842	0.39238517684862	spam	1	185
transparent	-0.621612755116075	0.631128349341452	not	1	186
#000000	0.516206104774028	0.014845706988126	spam	1	187
transparent	0.448997785337269	-0.774814748205245	not	1	188
#000000	0.887449636589736	0.812646602280438	spam	1	189
#000000	0.0952931740321219	-0.17332209367305	spam	1	190
#000000	0.423487735446543	-0.0524884243495762	spam	1	191
#000000	-0.222189800348133	0.42742836009711	spam	1	192
transparent	-0.79825374763459	-0.516257578972727	not	1	193
transparent	0.854604177176952	-0.400718744844198	not	1	194
transparent	-0.433534999378026	0.408957642968744	not	1	195
transparent	0.181146317627281	0.543349896091968	not	1	196
#000000	-0.779278790112585	-0.972319318912923	spam	1	197
#000000	0.68101406423375	0.102627906948328	spam	1	198
transparent	-0.364072631113231	0.304922380950302	not	1	199
#000000	0.565702673979104	0.863321416079998	spam	1	200
#000000	-0.464983585290611	0.380783410277218	spam	1	201
transparent	-0.562709430232644	-0.492465721908957	not	1	202
#000000	0.0335936727933586	-0.177923259790987	spam	1	203
transparent	-0.462098815944046	-0.754217773675919	not	1	204
#000000	-0.637663345318288	-0.736066888552159	spam	1	205
#000000	0.0371522749774158	0.280236016493291	spam	1	206
transparent	0.125565871596336	-0.307153135538101	not	1	207
transparent	-0.741686291061342	-0.154486790765077	not	1	208
transparent	-0.48726479196921	0.878817760851234	not	1	209
#000000	0.435870551969856	-0.232221538200974	spam	1	210
#000000	0.922819872852415	-0.542829737998545	spam	1	211
#000000	-0.799718306865543	0.3805573717691	spam	1	212
#000000	0.526445379015058	-0.98028416512534	spam	1	213
#000000	0.895932709332556	0.372261788696051	spam	1	214
transparent	0.637269376777113	0.583349192049354	not	1	215
#000000	-0.383415338583291	0.0149869774468243	spam	1	216
transparent	0.299158920999616	-0.383847502060235	not	1	217
transparent	0.906710902228951	0.474424554500729	not	1	218
transparent	0.907465300057083	-0.390569513197988	not	1	219
transparent	-0.320041593164206	0.549417403526604	not	1	220
transparent	-0.475051779765636	-0.775772724300623	not	1	221
transparent	-0.669092133641243	0.595487399958074	not	1	222
transparent	-0.35566388675943	-0.0179976653307676	not	1	223
transparent	0.0202504131011665	0.665836349595338	not	1	224
#000000	0.847936942707747	0.516846309881657	spam	1	225
transparent	0.0219193967059255	0.804293121676892	not	1	226
transparent	-0.484757478348911	-0.443119973875582	not	1	227
transparent	-0.907078226096928	-0.108614300377667	not	1	228
transparent	-0.16428748331964	-0.455968528520316	not	1	229
transparent	0.708003004547209	-0.340163348708302	not	1	230
#000000	-0.305538644548506	0.727201307658106	spam	1	231
transparent	-0.737115358933806	-0.780284093227238	not	1	232
transparent	-0.251026270911098	-0.19548620050773	not	1	233
transparent	0.262840456794947	-0.187849812675267	not	1	234
#000000	-0.21984213264659	-0.127041490282863	spam	1	235
#000000	0.379255697596818	-0.645999807398766	spam	1	236
transparent	0.378826824948192	-0.468539599794895	not	1	237
transparent	0.109801246318966	0.319100026972592	not	1	238
#000000	-0.140751184429973	0.632111009676009	spam	1	239
transparent	-0.0945598743855953	-0.157631310634315	not	1	240
#000000	-0.387113482225686	-0.679871391505003	spam	1	241
#000000	0.156707888003439	-0.422779745422304	spam	1	242
transparent	0.820740608498454	0.604258016683161	not	1	243
#000000	-0.714791835751385	-0.671508636325598	spam	1	244
#000000	-0.169904749374837	0.57958547025919	spam	1	245
transparent	-0.578148498665541	0.0484299398958683	not	1	246
transparent	-0.142499258276075	-0.359929994679987	not	1	247
transparent	-0.734620049595833	-0.449645824264735	not	1	248
#000000	-0.0798071082681418	0.6037960764952	spam	1	249
transparent	0.885914118494839	-0.791951137594879	not	1	250
transparent	0.523947723209858	0.676244533155114	not	1	251
transparent	0.865819657687098	-0.84147425275296	not	1	252
#000000	-0.0586430048570037	0.435128134209663	spam	1	253
transparent	0.207176135387272	0.729235653299838	not	1	254
transparent	-0.0300206388346851	0.95711641618982	not	1	255
transparent	-0.78238736698404	-0.50174758490175	not	1	256
#000000	-0.504546334035695	-0.950278619304299	spam	1	257
transparent	-0.00297093857079744	-0.55404353607446	not	1	258
transparent	-0.254266583826393	-0.755949000827968	not	1	259
transparent	0.869382740464062	-0.229521150235087	not	1	260
transparent	0.0479721557348967	-0.831339051015675	not	1	261
#000000	-0.365710656624287	-0.43483620043844	spam	1	262
#000000	-0.444067941047251	0.133164917584509	spam	1	263
transparent	0.575081015471369	-0.342915395274758	not	1	264
transparent	0.404925025068224	0.88694936549291	not	1	265
transparent	-0.669944722671062	-0.245392972137779	not	1	266
#000000	-0.871084922458977	0.906631224788725	spam	1	267
transparent	0.509411243256182	-0.453494264744222	not	1	268
transparent	0.240820066072047	0.374660312198102	not	1	269
transparent	-0.660846466664225	-0.726016391068697	not	1	270
transparent	-0.875571895390749	0.620421543251723	not	1	271
transparent	-0.78194146277383	0.525209384039044	not	1	272
#000000	-0.236567296553403	-0.115190332289785	spam	1	273
#000000	-0.661378170829266	-0.0866486108861864	spam	1	274
#000000	-0.402694915886968	0.360910177696496	spam	1	275
#000000	-0.615580929908902	-0.85120418202132	spam	1	276
transparent	-0.485659957397729	0.293258150108159	not	1	277
#000000	-0.637536354362965	0.579828223213553	spam	1	278
transparent	-0.0453725806437433	-0.553366986569017	not	1	279
transparent	0.541474085766822	-0.918112019076943	not	1	280
#000000	-0.944425755180418	-0.230703273322433	spam	1	281
transparent	0.0546215539798141	-0.31181569211185	not	1	282
transparent	0.760638137813658	-0.107262615580112	not	1	283
transparent	-0.253873256035149	-0.226333661004901	not	1	284
#000000	-0.904081736691296	0.836635830812156	spam	1	285
#000000	-0.722743506543338	-0.651964913122356	spam	1	286
#000000	-0.357015759218484	-0.700258875265718	spam	1	287
transparent	-0.690336777362973	0.22639845777303	not	1	288
#000000	-0.735543655697256	-0.965513336006552	spam	1	289
transparent	-0.557388144545257	-0.867779031395912	not	1	290
#000000	-0.54723840765655	0.557678082957864	spam	1	291
transparent	-0.73716693231836	0.871312254108489	not	1	292
transparent	0.963126920629293	-0.585591720882803	not	1	293
#000000	-0.345972546376288	0.286686313804239	spam	1	294
transparent	0.0138789941556752	-0.337240849621594	not	1	295
transparent	0.362885029520839	0.910843181889504	not	1	296
#000000	-0.801661793608218	0.63437831401825	spam	1	297
transparent	-0.762194883543998	0.480552286375314	not	1	298
transparent	-0.899120680987835	-0.554588046390563	not	1	299
transparent	0.858507839497179	-0.908550566993654	not	1	300
transparent	0.347424465697259	-0.266946841496974	not	1	301
#000000	-0.810284289065749	0.482786050066352	spam	1	302
transparent	-0.0148077583871782	0.867012499831617	not	1	303
transparent	-0.0768963187001646	0.346419899724424	not	1	304
#000000	-0.249566938262433	0.40271421475336	spam	1	305
#000000	0.982198439072818	0.695250815711916	spam	1	306
transparent	-0.647298572584987	0.412313309963793	not	1	307
transparent	0.626870417036116	0.717615519184619	not	1	308
#000000	-0.863106725737453	-0.108711017761379	spam	1	309
#000000	-0.199100506491959	0.353269984014332	spam	1	310
transparent	-0.717711348552257	-0.744350434746593	not	1	311
#000000	-0.613380275201052	0.472343070432544	spam	1	312
#000000	0.682703433558345	-0.865509703289717	spam	1	313
transparent	0.439827976748347	-0.4383998606354	not	1	314
#000000	-0.465575833804905	-0.176764632575214	spam	1	315
#000000	-0.00999671034514904	0.886849994305521	spam	1	316
#000000	-0.83377220435068	0.95468506636098	spam	1	317
transparent	-0.292231518775225	-0.922266829758883	not	1	318
#000000	0.938417610712349	0.175455554388464	spam	1	319
#000000	0.249428379349411	-0.939976645633578	spam	1	320
transparent	0.32923649949953	0.130562416743487	not	1	321
#000000	-0.375020687002689	-0.803545538336039	spam	1	322
#000000	-0.18862077454105	0.260581577196717	spam	1	323
transparent	0.992154743056744	0.637003669049591	not	1	324
#000000	0.710164712741971	-0.299916673917323	spam	1	325
#000000	0.907096792012453	-0.732032650150359	spam	1	326
transparent	0.624610184691846	-0.838113243225962	not	1	327
transparent	0.564364231657237	-0.299113371409476	not	1	328
#000000	-0.464243742171675	0.992543569300324	spam	1	329
transparent	0.524303059093654	0.0659376215189695	not	1	330
transparent	0.972623178269714	-0.328205239027739	not	1	331
#000000	-0.412788901943713	-0.371530713047832	spam	1	332
#000000	-0.201297786086798	-0.23475587926805	spam	1	333
transparent	0.624263047706336	-0.962907184381038	not	1	334
transparent	-0.845696661621332	-0.926921766251326	not	1	335
#000000	-0.272606380283833	0.757026588078588	spam	1	336
#000000	-0.114815065637231	-0.195871952455491	spam	1	337
#000000	-0.686571734957397	-0.0612378516234458	spam	1	338
transparent	0.164410540368408	-0.195326979737729	not	1	339
transparent	0.940324357710779	0.404180204961449	not	1	340
#000000	0.97899966686964	-0.201671069487929	spam	1	341
#000000	-0.647095927037299	0.00391664542257786	spam	1	342
transparent	0.0842608488164842	-0.926052498631179	not	1	343
transparent	-0.231392215937376	-0.404048530384898	not	1	344
transparent	0.352328101638705	0.925683963578194	not	1	345
transparent	-0.46141244051978	0.870193809270859	not	1	346
#000000	-0.0614981153048575	0.922198354732245	spam	1	347
transparent	-0.656399835366756	0.58519072830677	not	1	348
transparent	-0.261621075216681	0.509554385673255	not	1	349
transparent	0.450810545124114	-0.868066739756614	not	1	350
#000000	-0.0277017913758755	-0.728990441653878	spam	1	351
#000000	-0.872395066544414	-0.752801248803735	spam	1	352
#000000	0.569092459976673	0.525087721645832	spam	1	353
#000000	-0.163356728386134	0.806931431870908	spam	1	354
transparent	0.962036169599742	-0.194681819528341	not	1	355
transparent	-0.434232088271529	-0.634873984381557	not	1	356
#000000	0.695764299016446	-0.25086956191808	spam	1	357
transparent	-0.835521538276225	0.0124173546209931	not	1	358
#000000	0.772917501162738	0.827005357947201	spam	1	359
transparent	-0.0561385382898152	-0.846709637902677	not	1	360
transparent	-0.781798073090613	-0.780508952215314	not	1	361
transparent	-0.333444030955434	0.508534444961697	not	1	362
transparent	0.674833138473332	-0.390802448615432	not	1	363
transparent	-0.446300316601992	0.4476193129085	not	1	364
transparent	0.174070282839239	-0.535339942201972	not	1	365
transparent	0.673464539460838	-0.213082266040146	not	1	366
#000000	-0.857691952027381	0.0157587938010693	spam	1	367
transparent	0.405557486694306	0.879833730868995	not	1	368
transparent	0.397649074438959	-0.884249658789486	not	1	369
#000000	-0.0720752379857004	-0.390468590892851	spam	1	370
#000000	-0.126137779094279	-0.518151911906898	spam	1	371
#000000	0.124353575520217	-0.229593129828572	spam	1	372
#000000	0.856966452673078	0.525966711342335	spam	1	373
transparent	-0.539067171514034	0.729293997399509	not	1	374
#000000	-0.556372491177172	0.358222430106252	spam	1	375
#000000	-0.159568213392049	0.353525410871953	spam	1	376
#000000	-0.332958388607949	-0.669894961174578	spam	1	377
#000000	0.72961510065943	0.60573485866189	spam	1	378
#000000	-0.645610928535461	0.423986862879246	spam	1	379
transparent	-0.0133625427260995	0.857406178023666	not	1	380
transparent	-0.140573266427964	-0.985010790172964	not	1	381
#000000	0.12852768599987	0.192663306836039	spam	1	382
#000000	0.312324631027877	-0.266508638393134	spam	1	383
#000000	0.95710812555626	0.483934310730547	spam	1	384
#000000	-0.535677703097463	0.524174781050533	spam	1	385
transparent	-0.518376807682216	-0.478554081637412	not	1	386
#000000	0.593672167975456	-0.490128237288445	spam	1	387
#000000	0.663343430031091	0.357681619934738	spam	1	388
#000000	-0.772984587121755	-0.0290386751294136	spam	1	389
#000000	0.926624032668769	-0.242830939590931	spam	1	390
#000000	-0.705354200676084	-0.888904034625739	spam	1	391
transparent	-0.712746114470065	0.798051796853542	not	1	392
#000000	0.850459870416671	0.603446627501398	spam	1	393
#000000	0.0140712051652372	-0.037973899859935	spam	1	394
#000000	-0.690297965891659	-0.935742481611669	spam	1	395
transparent	-0.303395895753056	0.0240136245265603	not	1	396
transparent	0.319642051588744	-0.253797455690801	not	1	397
#000000	-0.376455251127481	-0.00285663036629558	spam	1	398
transparent	-0.296853181440383	-0.201468526385725	not	1	399
#000000	-0.704308586195111	-0.958106110803783	spam	1	400
#000000	0.317755218129605	0.0485780569724739	spam	1	401
#000000	-0.629860070999712	-0.679202300496399	spam	1	402
transparent	0.908756273798645	-0.589771529659629	not	1	403
transparent	0.795696984045208	0.950453431345522	not	1	404
#000000	0.887394108809531	0.932709750253707	spam	1	405
#000000	0.44738150248304	0.520140644628555	spam	1	406
transparent	-0.259285868145525	-0.847258935682476	not	1	407
transparent	0.562035080511123	0.0316477520391345	not	1	408
transparent	-0.977700982708484	0.200610389001668	not	1	409
#000000	0.880617424380034	-0.125951818190515	spam	1	410
transparent	0.987498452421278	-0.996715477667749	not	1	411
#000000	-0.285188509617001	-0.128896963782609	spam	1	412
#000000	0.495270126964897	0.00192753784358501	spam	1	413
#000000	0.585818047635257	0.339209412224591	spam	1	414
transparent	0.41171801276505	0.389714213553816	not	1	415
transparent	-0.0483499225229025	0.565020628739148	not	1	416
transparent	-0.0106909479945898	-0.721954308915883	not	1	417
#000000	-0.383895102422684	-0.673508645500988	spam	1	418
transparent	0.390024492517114	0.519085820298642	not	1	419
#000000	0.645586611237377	-0.112592765130103	spam	1	420
transparent	-0.13056471850723	0.259337660856545	not	1	421
#000000	0.0294653056189418	-0.790974279399961	spam	1	422
transparent	0.326021935325116	0.671097794547677	not	1	423
transparent	-0.713666826952249	-0.332101276144385	not	1	424
#000000	-0.311025212518871	-0.600961622782052	spam	1	425
transparent	-0.188472835347056	0.389090952929109	not	1	426
#000000	-0.829377988353372	-0.668242474552244	spam	1	427
transparent	0.865143856499344	-0.85207219235599	not	1	428
transparent	0.676768133416772	-0.923527623061091	not	1	429
transparent	0.758866592310369	0.692040433175862	not	1	430
transparent	0.871424935292453	-0.252903605345637	not	1	431
transparent	-0.855078733060509	0.761421394534409	not	1	432
transparent	-0.242481118999422	-0.819364455062896	not	1	433
transparent	0.0757298455573618	-0.00818517757579684	not	1	434
transparent	-0.789899722672999	0.508645472116768	not	1	435
#000000	0.603375411126763	0.211781626101583	spam	1	436
transparent	0.479283491615206	0.0568255931138992	not	1	437
#000000	-0.895701973233372	0.82041336549446	spam	1	438
transparent	-0.0356608536094427	0.97145780781284	not	1	439
transparent	0.841035681311041	-0.440514876041561	not	1	440
transparent	-0.916943142190576	-0.753016610629857	not	1	441
transparent	-0.412016401998699	-0.65124191204086	not	1	442
transparent	0.00170097453519702	0.762670509517193	not	1	443
#000000	0.219497870188206	-0.750743455719203	spam	1	444
#000000	-0.471501900814474	-0.402062190696597	spam	1	445
#000000	-0.153802780900151	-0.670530720148236	spam	1	446
transparent	-0.266872767359018	-0.854780911002308	not	1	447
transparent	0.88501064479351	-0.523172035813332	not	1	448
transparent	-0.752552869729698	0.433333210647106	not	1	449
transparent	-0.859934641513974	0.290041983593255	not	1	450
transparent	0.928634075913578	-0.84825006686151	not	1	451
#000000	-0.114979783538729	-0.654582155868411	spam	1	452
#000000	-0.259455239400268	-0.708659284282476	spam	1	453
#000000	-0.65951283974573	-0.216197631321847	spam	1	454
transparent	-0.891619141213596	-0.536509801167995	not	1	455
transparent	0.315656138584018	0.122759645804763	not	1	456
transparent	0.15632383339107	0.167040373198688	not	1	457
transparent	0.974203527905047	-0.802481323480606	not	1	458
#000000	0.207584802992642	-0.68216691724956	spam	1	459
transparent	-0.870100162457675	0.844130808021873	not	1	460
transparent	-0.675781836267561	0.718899438157678	not	1	461
transparent	-0.0492041590623558	0.814397506881505	not	1	462
transparent	-0.996134330518544	-0.769462087191641	not	1	463
transparent	-0.117081713862717	-0.928921531885862	not	1	464
#000000	-0.478140525519848	0.171508775092661	spam	1	465
transparent	0.876827490981668	-0.371663470286876	not	1	466
transparent	0.431666567455977	0.113778548315167	not	1	467
transparent	-0.673829043284059	-0.291009169071913	not	1	468
transparent	-0.0476239630952478	-0.713463376741856	not	1	469
transparent	0.380513445939869	0.134270925540477	not	1	470
#000000	-0.0782096409238875	-0.331802684348077	spam	1	471
transparent	0.910293476656079	-0.759197618812323	not	1	472
#000000	0.425080244895071	-0.488291351590306	spam	1	473
#000000	-0.205704133491963	-0.293229367118329	spam	1	474
#000000	-0.764558775816113	0.662639858666807	spam	1	475
#000000	-0.519767453894019	0.566447833087295	spam	1	476
#000000	0.727261133026332	0.880304414778948	spam	1	477
transparent	-0.128047196660191	0.678398063406348	not	1	478
#000000	-0.00426389602944255	-0.702029961626977	spam	1	479
transparent	0.383855344261974	0.181352170184255	not	1	480
transparent	0.520626563578844	0.647925201337785	not	1	481
transparent	-0.689197554718703	0.263770730700344	not	1	482
transparent	0.698914186097682	-0.0601400770246983	not	1	483
transparent	0.893635638058186	-0.482518192846328	not	1	484
#000000	0.176838380750269	-0.950839298311621	spam	1	485
transparent	0.00450163055211306	-0.342383744660765	not	1	486
transparent	-0.620440164580941	-0.550293031148613	not	1	487
transparent	-0.996326283551753	0.754663678817451	not	1	488
#000000	0.755156124476343	0.355308401398361	spam	1	489
transparent	-0.731777324341238	0.0518666072748601	not	1	490
transparent	-0.954517551697791	0.115373327862471	not	1	491
transparent	0.878273412119597	-0.505056653171778	not	1	492
#000000	-0.414102554321289	-0.985406458377838	spam	1	493
#000000	-0.671346851158887	0.897812870331109	spam	1	494
transparent	-0.201794888358563	0.438300277106464	not	1	495
#000000	-0.0808491758070886	-0.441350910812616	spam	1	496
transparent	-0.131938302889466	0.487565712071955	not	1	497
#000000	0.0340196527540684	0.741496801842004	spam	1	498
#000000	0.692491505295038	-0.239259749650955	spam	1	499
#000000	-0.889671427197754	0.438895031809807	spam	1	500
#000000	0.108354122377932	-0.520786579232663	spam	1	501
#000000	0.376550475135446	0.295529748313129	spam	1	502
transparent	0.316115107387304	0.951341521460563	not	1	503
transparent	0.326685450505465	-0.244002384133637	not	1	504
transparent	-0.055531594902277	-0.071711742784828	not	1	505
transparent	0.939056332223117	0.624592591542751	not	1	506
#000000	-0.195605874527246	-0.0111837736330926	spam	1	507
transparent	0.699104207567871	-0.899381954688579	not	1	508
transparent	0.513289814814925	-0.738756518810988	not	1	509
transparent	0.0652024387381971	-0.677123367786408	not	1	510
#000000	0.748299321625382	-0.821093680337071	spam	1	511
#000000	-0.0657697687856853	-0.19277182361111	spam	1	512
transparent	-0.98374308925122	-0.872280264273286	not	1	513
#000000	0.455534009262919	0.124011844862252	spam	1	514
transparent	0.433178957551718	-0.326951784081757	not	1	515
transparent	-0.625147257931531	0.081284562125802	not	1	516
#000000	0.292134553659707	0.82646244391799	spam	1	517
#000000	0.0839585596695542	-0.22623848170042	spam	1	518
#000000	-0.329358480405062	0.92053432809189	spam	1	519
#000000	0.275817446410656	-0.230626817326993	spam	1	520
#000000	0.658402127679437	0.883203958626837	spam	1	521
#000000	0.417950396891683	0.361271314322948	spam	1	522
#000000	-0.302899298258126	0.805284707341343	spam	1	523
#000000	-0.743344250135124	-0.492405868601054	spam	1	524
#000000	-0.223843022249639	-0.187805741094053	spam	1	525
transparent	0.856355096679181	-0.971502772998065	not	1	526
transparent	0.608781542629004	-0.77910441160202	not	1	527
#000000	0.517393614165485	0.00307558383792639	spam	1	528
transparent	0.914499777834862	-0.256946703884751	not	1	529
#000000	0.987827757373452	0.611831108573824	spam	1	530
transparent	0.212881989311427	-0.984154312871397	not	1	531
#000000	-0.941245669033378	0.673024118412286	spam	1	532
#000000	-0.327109284233302	-0.246321641374379	spam	1	533
#000000	-0.44468382652849	-0.229502933565527	spam	1	534
#000000	-0.765604899730533	0.903061151038855	spam	1	535
#000000	-0.913563481997699	-0.0486515210941434	spam	1	536
#000000	-0.259380428586155	0.104187588673085	spam	1	537
transparent	-0.32624338241294	0.869432650040835	not	1	538
#000000	-0.652694893069565	0.72687251213938	spam	1	539
#000000	0.243546559009701	-0.480171031318605	spam	1	540
#000000	-0.204312745016068	0.375399669166654	spam	1	541
transparent	0.911351537331939	-0.104185507632792	not	1	542
transparent	0.306698886211962	-0.56396744819358	not	1	543
#000000	-0.34251256659627	0.37247363012284	spam	1	544
transparent	-0.605706572998315	0.918764050584286	not	1	545
transparent	-0.769315350335091	-0.481191038154066	not	1	546
#000000	0.991930957417935	-0.0624800161458552	spam	1	547
transparent	-0.241446549538523	-0.357320884708315	not	1	548
#000000	0.123976185452193	-0.670714370906353	spam	1	549
transparent	0.465436035301536	0.429455450735986	not	1	550
transparent	0.741611105855554	0.0563315027393401	not	1	551
#000000	0.14434051932767	-0.530570639763027	spam	1	552
#000000	-0.977927858009934	-0.871136676985771	spam	1	553
#000000	0.812630522530526	0.35152699239552	spam	1	554
#000000	0.541307263076305	0.612290723714978	spam	1	555
transparent	-0.234990753233433	-0.769057529512793	not	1	556
#000000	-0.811908222269267	0.384028842672706	spam	1	557
#000000	-0.900692832190543	-0.956427542958409	spam	1	558
#000000	0.642324636224657	-0.277246582787484	spam	1	559
#000000	0.658648608718067	0.464560099877417	spam	1	560
transparent	0.309465751517564	-0.374753916170448	not	1	561
#000000	-0.734344373922795	-0.105693893507123	spam	1	562
#000000	-0.316380197647959	0.650878136046231	spam	1	563
transparent	0.462743157986552	-0.336409069597721	not	1	564
transparent	0.814582832157612	-0.711949665565044	not	1	565
#000000	0.392393998801708	-0.398158495780081	spam	1	566
transparent	-0.516841555479914	-0.674796406179667	not	1	567
#000000	0.288214457221329	0.678943156730384	spam	1	568
transparent	-0.438499572686851	0.328614954371005	not	1	569
transparent	0.915273041464388	-0.722265388816595	not	1	570
transparent	-0.683208086527884	-0.348236372228712	not	1	571
transparent	-0.163322016596794	0.662860437761992	not	1	572
transparent	-0.495980405248702	0.645078208763152	not	1	573
transparent	-0.811219464521855	-0.701200159266591	not	1	574
#000000	0.655435539316386	-0.157440620940179	spam	1	575
transparent	0.0506110074929893	-0.109634696971625	not	1	576
#000000	0.335495254956186	0.767854751553386	spam	1	577
transparent	-0.183444480411708	-0.170005346648395	not	1	578
transparent	0.68517980678007	0.379784323740751	not	1	579
transparent	0.474610935896635	0.433841754216701	not	1	580
transparent	-0.303551197983325	-0.975241660140455	not	1	581
transparent	0.89787635486573	-0.924341103062034	not	1	582
#000000	0.293358379974961	-0.818245171569288	spam	1	583
#000000	-0.92944446625188	-0.202352065127343	spam	1	584
#000000	0.192896911408752	0.800429151859134	spam	1	585
#000000	-0.169363996945322	-0.110194743145257	spam	1	586
#000000	-0.846205923706293	0.510306184180081	spam	1	587
#000000	0.0560977584682405	0.422940479125828	spam	1	588
transparent	0.924666617065668	-0.666487299371511	not	1	589
#000000	0.417480102274567	0.738284778315574	spam	1	590
#000000	0.106951407156885	-0.821630929131061	spam	1	591
transparent	-0.514086782000959	-0.6739726732485	not	1	592
transparent	0.556085058022291	0.698707376606762	not	1	593
#000000	0.303881886880845	0.256260682363063	spam	1	594
#000000	0.660491407848895	-0.583080098032951	spam	1	595
#000000	0.297101894859225	0.345721653662622	spam	1	596
transparent	-0.040328411385417	0.928411381784827	not	1	597
#000000	-0.00987178878858685	0.76347770402208	spam	1	598
transparent	-0.240254817064852	0.923529373947531	not	1	599
transparent	-0.0990291256457567	-0.070613628719002	not	1	600
#000000	0.628503500949591	-0.854245285503566	spam	1	601
transparent	0.857554451562464	0.748617507051677	not	1	602
#000000	-0.705037909559906	-0.602254387456924	spam	1	603
transparent	0.499643329996616	0.0691795172169805	not	1	604
#000000	0.951314699370414	-0.78887561801821	spam	1	605
transparent	0.949584926944226	-0.232009965460748	not	1	606
#000000	-0.298748859670013	0.495411849115044	spam	1	607
#000000	-0.212101886048913	0.391581995878369	spam	1	608
transparent	0.901902018114924	-0.80321645596996	not	1	609
#000000	-0.786703360732645	0.223063586745411	spam	1	610
transparent	0.869520233012736	-0.95814949227497	not	1	611
transparent	-0.307675800286233	0.299424498341978	not	1	612
transparent	0.0661212117411196	0.956756140571088	not	1	613
#000000	0.0775885987095535	0.685008918400854	spam	1	614
transparent	0.429435899481177	0.685571684036404	not	1	615
transparent	-0.188418999779969	-0.225095674861223	not	1	616
transparent	-0.694423717446625	0.586142204236239	not	1	617
#000000	-0.319534477312118	-0.187606881838292	spam	1	618
transparent	0.25330969505012	-0.493302189745009	not	1	619
#000000	-0.885254643391818	-0.161392021924257	spam	1	620
transparent	0.703335279598832	-0.00900093419477344	not	1	621
#000000	-0.574709308333695	0.716491913888603	spam	1	622
#000000	0.0789240556769073	0.464529707096517	spam	1	623
transparent	-0.727024827618152	0.94885698100552	not	1	624
transparent	-0.350269719026983	-0.799890180584043	not	1	625
transparent	0.242152587510645	0.665181674063206	not	1	626
#000000	-0.488035502843559	-0.0988916442729533	spam	1	627
transparent	0.269751597661525	0.700918271671981	not	1	628
transparent	-0.0286557860672474	0.139503087382764	not	1	629
#000000	0.876353833358735	0.923085027839988	spam	1	630
#000000	0.715003074146807	0.909501467831433	spam	1	631
#000000	-0.258232924621552	-0.432440982200205	spam	1	632
transparent	-0.371596340090036	0.479212995618582	not	1	633
#000000	0.657068719621748	-0.858514848630875	spam	1	634
#000000	-0.0963169736787677	0.800239093601704	spam	1	635
transparent	-0.368243175558746	-0.73315885476768	not	1	636
transparent	-0.804382924921811	0.11177215538919	not	1	637
#000000	-0.870198926888406	0.200816065073013	spam	1	638
#000000	0.378914732951671	-0.734077922068536	spam	1	639
#000000	0.336101207882166	0.0186246745288372	spam	1	640
#000000	0.80909329559654	-0.265900184866041	spam	1	641
transparent	-0.396613459102809	-0.99339090520516	not	1	642
transparent	0.865617409348488	-0.904040279332548	not	1	643
transparent	-0.596033965237439	0.764096900355071	not	1	644
transparent	0.584757511969656	0.647034080233425	not	1	645
transparent	-0.550738982390612	-0.173938198015094	not	1	646
#000000	-0.938486857805401	0.843466436024755	spam	1	647
transparent	0.724068082403392	-0.0451941331848502	not	1	648
#000000	0.370215010363609	-0.0500111528672278	spam	1	649
#000000	0.884149819146842	0.315672134049237	spam	1	650
transparent	0.351707520894706	-0.673359092324972	not	1	651
#000000	0.686240296810865	-0.809611257631332	spam	1	652
#000000	-0.276211630087346	0.723029584623873	spam	1	653
#000000	-0.215268229600042	-0.52024166053161	spam	1	654
#000000	0.135374795179814	0.110808263998479	spam	1	655
#000000	-0.809695732779801	0.698813190218061	spam	1	656
#000000	-0.612431856803596	-0.300704838708043	spam	1	657
#000000	0.176132786087692	0.951477190479636	spam	1	658
transparent	0.503008336294442	0.738811060320586	not	1	659
transparent	0.734477574471384	0.50824810191989	not	1	660
#000000	-0.256408525630832	-0.552653159946203	spam	1	661
transparent	0.597629099152982	0.539632930886	not	1	662
transparent	-0.883371214848012	0.749427168630064	not	1	663
#000000	0.246871418785304	-0.91241378383711	spam	1	664
transparent	-0.286717186681926	-0.600478585809469	not	1	665
transparent	0.17585586477071	0.707484716549516	not	1	666
#000000	0.827569284010679	0.304508256725967	spam	1	667
#000000	-0.601115634199232	0.738664038479328	spam	1	668
#000000	-0.261832752265036	0.627273174934089	spam	1	669
transparent	0.342816655524075	-0.27710472419858	not	1	670
#000000	0.536289101466537	-0.818208307959139	spam	1	671
transparent	0.0444965520873666	0.149310580920428	not	1	672
#000000	0.656150036025792	0.309460827149451	spam	1	673
#000000	0.0541923893615603	0.644409552682191	spam	1	674
transparent	0.0035096500068903	-0.088848969899118	not	1	675
transparent	-0.160053360275924	0.968657796736807	not	1	676
#000000	-0.275403433479369	0.500796756241471	spam	1	677
#000000	-0.753142179455608	-0.73288862593472	spam	1	678
transparent	-0.40367694105953	-0.56965297460556	not	1	679
#000000	-0.446647020522505	0.696759075392038	spam	1	680
transparent	0.540450711268932	-0.0693176290951669	not	1	681
#000000	0.556362604256719	0.831535580568016	spam	1	682
transparent	-0.712425438687205	0.833115476649255	not	1	683
transparent	0.0310523011721671	0.639709167648107	not	1	684
#000000	0.194480970967561	0.133802315220237	spam	1	685
#000000	0.0116860480047762	0.230954322498292	spam	1	686
transparent	-0.227800733875483	0.589600579813123	not	1	687
#000000	-0.147803798317909	-0.120606902986765	spam	1	688
#000000	-0.976480530574918	-0.174825493711978	spam	1	689
transparent	0.838663540780544	0.130970570258796	not	1	690
transparent	-0.841120613738895	-0.696704335976392	not	1	691
transparent	0.0147485095076263	0.614921690896154	not	1	692
#000000	0.640343233942986	-0.00871726730838418	spam	1	693
#000000	0.1967908362858	-0.718981633894146	spam	1	694
transparent	-0.151692947838455	-0.779421441722661	not	1	695
transparent	0.118620541412383	-0.778417873196304	not	1	696
#000000	0.578188944142312	-0.99057144112885	spam	1	697
transparent	-0.664569484069943	-0.523191289510578	not	1	698
transparent	0.940903460141271	0.757645758334547	not	1	699
#000000	-0.0529938032850623	-0.845562685281038	spam	1	700
#000000	0.859486411791295	-0.722922879736871	spam	1	701
#000000	0.80187854077667	-0.904950850177556	spam	1	702
transparent	0.501764375716448	-0.932162253186107	not	1	703
#000000	0.353137544821948	0.832178036682308	spam	1	704
transparent	0.296026891563088	0.680400787852705	not	1	705
#000000	-0.853506260551512	-0.642257167026401	spam	1	706
#000000	-0.152883163187653	-0.00946410978212953	spam	1	707
#000000	0.061648728325963	-0.386082945857197	spam	1	708
#000000	0.885409524664283	-0.451246076263487	spam	1	709
#000000	0.42444911878556	-0.743512289132923	spam	1	710
#000000	0.448981150984764	-0.141236173454672	spam	1	711
transparent	-0.059742764569819	0.391889927443117	not	1	712
#000000	-0.759435488376766	-0.329878563061357	spam	1	713
transparent	0.56619534175843	0.402492866851389	not	1	714
#000000	-0.123685205820948	0.681069829501212	spam	1	715
#000000	-0.137088040355593	0.765264013316482	spam	1	716
transparent	-0.945004242006689	0.533178700134158	not	1	717
transparent	-0.706876314245164	-0.355944744776934	not	1	718
transparent	-0.154809684026986	-0.915765984449536	not	1	719
#000000	0.534274348523468	0.7854198445566	spam	1	720
#000000	-0.990467109251767	0.276210290379822	spam	1	721
#000000	0.207191383000463	0.108986232429743	spam	1	722
transparent	0.811154521070421	0.532659896183759	not	1	723
transparent	0.413323063869029	-0.806277411058545	not	1	724
transparent	-0.474925681483001	0.49603297514841	not	1	725
transparent	0.702152438927442	0.750435975380242	not	1	726
#000000	-0.332788969855756	-0.98466280894354	spam	1	727
transparent	0.156568535137922	0.869833970908076	not	1	728
transparent	-0.134453739505261	-0.186068683862686	not	1	729
transparent	-0.896809353958815	0.577526779379696	not	1	730
transparent	0.459606575779617	0.952255249023438	not	1	731
transparent	0.0963408285751939	-0.333194908220321	not	1	732
#000000	0.502443971112371	0.574429641943425	spam	1	733
transparent	-0.898457670584321	-0.821278167888522	not	1	734
transparent	0.429932424798608	-0.912600195966661	not	1	735
#000000	-0.404611086472869	0.0298674763180316	spam	1	736
#000000	-0.433045580517501	-0.90382134495303	spam	1	737
transparent	0.659754254855216	-0.821607744786888	not	1	738
#000000	-0.827209249604493	0.376651043072343	spam	1	739
transparent	-0.914685762021691	-0.930322932545096	not	1	740
#000000	-0.302518382202834	-0.138178151100874	spam	1	741
#000000	0.0846720202825964	0.518588102422655	spam	1	742
#000000	0.218921727035195	0.663593909237534	spam	1	743
#000000	-0.457255803048611	-0.235074966214597	spam	1	744
#000000	-0.589538136031479	0.231109637767077	spam	1	745
transparent	-0.236735703423619	-0.310026699211448	not	1	746
#000000	-0.0548837692476809	0.0645575481466949	spam	1	747
transparent	0.671035899780691	-0.479981786105782	not	1	748
#000000	-0.757057007402182	0.145721244625747	spam	1	749
#000000	0.35161624988541	0.811693356838077	spam	1	750
transparent	-0.00662956014275551	0.132043757010251	not	1	751
transparent	0.80447549559176	-0.887026364449412	not	1	752
transparent	0.102527933660895	-0.795772509183735	not	1	753
transparent	-0.742870646994561	-0.343316288199276	not	1	754
#000000	-0.115980428643525	0.981201014481485	spam	1	755
#000000	-0.615404607262462	0.428730678744614	spam	1	756
transparent	-0.130198755767196	-0.842051632236689	not	1	757
transparent	-0.549733194056898	0.228432898875326	not	1	758
transparent	0.922192564234138	-0.0135326543822885	not	1	759
#000000	-0.103145069908351	-0.461804690305144	spam	1	760
#000000	0.554289970546961	-0.413778274320066	spam	1	761
transparent	-0.683560451027006	-0.0494433995336294	not	1	762
transparent	0.733617165125907	0.928157092537731	not	1	763
#000000	-0.587708788458258	-0.15273579582572	spam	1	764
transparent	-0.644100633915514	0.688194191548973	not	1	765
transparent	-0.67021770728752	0.907654702663422	not	1	766
transparent	0.130537954624742	-0.427052950486541	not	1	767
transparent	0.454362042248249	0.0816987957805395	not	1	768
#000000	0.75183797813952	0.162756635807455	spam	1	769
#000000	0.4168487675488	-0.487426211126149	spam	1	770
transparent	-0.0450735781341791	0.75616793660447	not	1	771
#000000	0.640559987165034	0.764604775235057	spam	1	772
transparent	-0.966775578446686	0.974669369403273	not	1	773
transparent	0.992222202476114	-0.796758197713643	not	1	774
transparent	0.269789671525359	0.237550004385412	not	1	775
#000000	-0.14304923824966	0.40946753975004	spam	1	776
transparent	-0.943214134313166	-0.702823138330132	not	1	777
#000000	0.506665401160717	0.781621183268726	spam	1	778
#000000	-0.58273204928264	-0.674659399781376	spam	1	779
#000000	0.998910810332745	-0.756267060991377	spam	1	780
transparent	0.814498386345804	0.955113714560866	not	1	781
#000000	0.424930063541979	0.254220530856401	spam	1	782
#000000	0.461865767836571	-0.961601139977574	spam	1	783
#000000	-0.055024157743901	0.658328289166093	spam	1	784
#000000	0.72502137394622	0.997754950542003	spam	1	785
#000000	-0.669169755186886	0.736191032454372	spam	1	786
transparent	0.240855851210654	-0.20617785025388	not	1	787
transparent	-0.415337210055441	0.872483565006405	not	1	788
#000000	-0.0877165324054658	-0.350454207975417	spam	1	789
#000000	-0.90872158203274	0.944895123131573	spam	1	790
transparent	-0.644676495809108	0.125196907669306	not	1	791
transparent	-0.884135864209384	0.158658075612038	not	1	792
transparent	0.888820467051119	0.64938070718199	not	1	793
#000000	-0.314513051416725	-0.60311104496941	spam	1	794
transparent	0.0359011413529515	0.237979270052165	not	1	795
transparent	0.250490670558065	-0.550870770122856	not	1	796
transparent	-0.525470292661339	-0.949552539736032	not	1	797
transparent	0.0322478287853301	0.513010249473155	not	1	798
#000000	0.613083655480295	0.276313889306039	spam	1	799
transparent	-0.303470531012863	-0.884262173902243	not	1	800
#000000	0.717374905943871	0.347595626488328	spam	1	801
transparent	-0.931122477632016	0.383089541457593	not	1	802
transparent	0.941994291730225	0.490457919426262	not	1	803
#000000	0.490220272447914	-0.751876258756965	spam	1	804
transparent	-0.453489516396076	-0.69765642657876	not	1	805
transparent	0.354212203063071	-0.645138749387115	not	1	806
#000000	-0.304105063900352	-0.982261064462364	spam	1	807
transparent	0.894041043240577	0.267577286344022	not	1	808
transparent	-0.322752450127155	-0.254498229827732	not	1	809
transparent	-0.936573592014611	-0.444559901952744	not	1	810
#000000	-0.29282840481028	-0.654982998501509	spam	1	811
transparent	-0.225752824451774	-0.592577717266977	not	1	812
#000000	-0.286105679813772	-0.556258236523718	spam	1	813
#000000	0.919937212020159	-0.493136990815401	spam	1	814
transparent	-0.232523590326309	-0.659804621245712	not	1	815
transparent	0.0926752421073616	0.843353528063744	not	1	816
transparent	0.850646951701492	-0.309373083058745	not	1	817
#000000	0.833719054237008	-0.829781581647694	spam	1	818
transparent	-0.51453401427716	-0.244364389684051	not	1	819
transparent	0.43418167764321	0.0866870391182602	not	1	820
transparent	-0.302107928320766	0.574021852109581	not	1	821
#000000	0.108566701412201	-0.359372944571078	spam	1	822
#000000	0.485944826155901	0.676077036652714	spam	1	823
#000000	0.639396637212485	0.996940970420837	spam	1	824
transparent	0.739314530044794	-0.573114015161991	not	1	825
transparent	-0.928269731346518	-0.125407017301768	not	1	826
#000000	-0.559951193165034	-0.242540007457137	spam	1	827
#000000	-0.266053580678999	0.931153417099267	spam	1	828
transparent	-0.388607115950435	0.282233004458249	not	1	829
#000000	0.455660915002227	0.612270667683333	spam	1	830
#000000	0.399457532446831	0.838124377653003	spam	1	831
transparent	0.820121853612363	-0.88275510398671	not	1	832
transparent	0.691205219365656	-0.0447142887860537	not	1	833
#000000	0.557089280337095	0.393765576649457	spam	1	834
#000000	-0.198313143569976	-0.910656981170177	spam	1	835
transparent	0.153609317727387	0.513708633836359	not	1	836
#000000	-0.847281107679009	0.183347449637949	spam	1	837
transparent	0.745949701406062	0.0202809260226786	not	1	838
transparent	0.912571471184492	-0.0947964671067894	not	1	839
#000000	0.0110621596686542	-0.94903606781736	spam	1	840
#000000	0.848732727579773	0.923687218688428	spam	1	841
#000000	-0.730972934514284	0.975254879333079	spam	1	842
#000000	-0.522525993641466	0.268719116225839	spam	1	843
#000000	-0.020074755884707	-0.148917306214571	spam	1	844
#000000	-0.0518798064440489	-0.466748189646751	spam	1	845
transparent	-0.130011681932956	-0.838861024007201	not	1	846
transparent	-0.921502079814672	-0.339716873131692	not	1	847
#000000	0.288662030361593	0.788100205827504	spam	1	848
transparent	0.431134400423616	-0.386649603024125	not	1	849
transparent	-0.296666557434946	-0.19515231763944	not	1	850
#000000	0.893113497644663	0.147582795005292	spam	1	851
#000000	0.4862130144611	0.193976768758148	spam	1	852
transparent	-0.898428159300238	0.140034275129437	not	1	853
transparent	0.96072956174612	-0.563857424072921	not	1	854
#000000	-0.564355094917119	0.640253488905728	spam	1	855
#000000	-0.927607995923609	-0.926688438281417	spam	1	856
transparent	-0.478592269122601	0.251165629830211	not	1	857
transparent	0.440831571817398	-0.133042123634368	not	1	858
transparent	-0.504211637657136	-0.28614772297442	not	1	859
#000000	-0.530168416909874	0.547335280105472	spam	1	860
#000000	-0.957976314239204	-0.65309590427205	spam	1	861
#000000	-0.470758744515479	-0.0135820535942912	spam	1	862
transparent	0.383603238966316	0.474377817008644	not	1	863
#000000	-0.930661217775196	0.0220020455308259	spam	1	864
#000000	-0.874427740927786	-0.0498261679895222	spam	1	865
transparent	-0.204587816260755	0.175799881108105	not	1	866
#000000	-0.0199431502260268	0.145074758678675	spam	1	867
#000000	0.26209749514237	0.309835481457412	spam	1	868
transparent	0.446808624546975	0.730251111555845	not	1	869
#000000	-0.846468415111303	-0.206307248212397	spam	1	870
transparent	-0.157107838895172	0.920232311356813	not	1	871
transparent	0.947453371714801	-0.238245489541441	not	1	872
transparent	0.627611566800624	-0.659823440015316	not	1	873
#000000	-0.552464554086328	-0.536790242884308	spam	1	874
#000000	-0.0205153883434832	0.89984041871503	spam	1	875
transparent	-0.977319614030421	-0.832983684726059	not	1	876
transparent	-0.482795406132937	-0.613911968190223	not	1	877
#000000	-0.0908024562522769	-0.850609409622848	spam	1	878
transparent	0.481953376438469	0.210032016038895	not	1	879
transparent	0.981320023536682	-0.568314207252115	not	1	880
transparent	-0.335590107832104	0.175974521320313	not	1	881
transparent	0.889582810923457	-0.542204793542624	not	1	882
transparent	0.92370683979243	-0.218149641528726	not	1	883
transparent	0.798554999288172	-0.304188173264265	not	1	884
transparent	-0.0145683297887445	0.836758804973215	not	1	885
#000000	0.569870955776423	-0.775921752676368	spam	1	886
transparent	0.606238094158471	-0.490047712810338	not	1	887
#000000	0.35553524736315	-0.626751860138029	spam	1	888
#000000	0.162555157206953	0.491087045986205	spam	1	889
transparent	-0.338663825299591	0.865937564522028	not	1	890
transparent	-0.997370686847717	-0.0105762123130262	not	1	891
transparent	-0.868396071717143	0.289987362455577	not	1	892
transparent	-0.828096165321767	-0.64839482633397	not	1	893
#000000	-0.973780566360801	0.205989292357117	spam	1	894
transparent	-0.32850875146687	0.775515331886709	not	1	895
#000000	-0.761471366975457	-0.0195811912417412	spam	1	896
transparent	0.187190890777856	-0.963232854846865	not	1	897
#000000	-0.925374648533762	-0.641218415461481	spam	1	898
#000000	-0.980856416281313	-0.40121772326529	spam	1	899
transparent	-0.676807748153806	-0.446071877609938	not	1	900
transparent	-0.4689826737158	0.663797976449132	not	1	901
#000000	-0.25575220072642	0.533685508649796	spam	1	902
#000000	0.145706726703793	-0.454439367167652	spam	1	903
transparent	0.816415579989553	-0.623673402238637	not	1	904
#000000	-0.596636137925088	-0.548476330470294	spam	1	905
transparent	0.796779369935393	-0.876059264875948	not	1	906
#000000	0.889350537210703	-0.880199518054724	spam	1	907
#000000	0.321595584973693	-0.703688259236515	spam	1	908
#000000	0.258228087797761	-0.854024228174239	spam	1	909
transparent	-0.876427459064871	-0.914228216279298	not	1	910
#000000	-0.588050850201398	0.0449225446209312	spam	1	911
transparent	-0.646886494942009	0.578462978824973	not	1	912
transparent	0.374045693315566	0.38950669625774	not	1	913
#000000	-0.231792563572526	-0.86684790533036	spam	1	914
#000000	0.539682839997113	-0.964084506966174	spam	1	915
transparent	-0.00460151582956314	-0.115683153271675	not	1	916
transparent	0.435237016528845	-0.684795833658427	not	1	917
#000000	0.983812189660966	0.437720231711864	spam	1	918
#000000	-0.239929641131312	0.407883665058762	spam	1	919
#000000	0.554890442639589	0.770452609751374	spam	1	920
#000000	0.869410462211818	-0.349477969575673	spam	1	921
#000000	-0.575714957434684	0.941763133276254	spam	1	922
#000000	0.303347532171756	0.969640532508492	spam	1	923
transparent	-0.748889808077365	-0.921630564611405	not	1	924
#000000	-0.465558662544936	0.787142576184124	spam	1	925
transparent	-0.227771814912558	0.644798302557319	not	1	926
transparent	-0.973219333682209	0.448489385657012	not	1	927
transparent	-0.235224085859954	-0.422159724403173	not	1	928
#000000	0.73938169144094	0.00389720918610692	spam	1	929
#000000	-0.319302006624639	-0.143305997364223	spam	1	930
#000000	-0.0358397690579295	0.220032032113522	spam	1	931
#000000	0.199131650850177	0.85222634812817	spam	1	932
transparent	-0.0129173859022558	-0.519753484521061	not	1	933
transparent	-0.627564797177911	-0.456236332189292	not	1	934
#000000	0.654746637213975	0.470007292926312	spam	1	935
#000000	0.336933476384729	0.503091746009886	spam	1	936
#000000	0.588479721453041	0.861183841712773	spam	1	937
transparent	-0.784112748224288	-0.0745394504629076	not	1	938
transparent	0.447421892080456	0.721382353454828	not	1	939
transparent	-0.177451140712947	-0.375927160959691	not	1	940
transparent	0.641892588231713	-0.583921973127872	not	1	941
#000000	0.29412038763985	0.841654934454709	spam	1	942
#000000	0.56586552457884	-0.894526231568307	spam	1	943
#000000	0.106072623282671	-0.177689137868583	spam	1	944
transparent	0.0594391603954136	-0.0873175696469843	not	1	945
#000000	0.578712463378906	-0.168279504869133	spam	1	946
#000000	-0.953337595332414	0.340706903487444	spam	1	947
#000000	-0.0455398699268699	0.513808160088956	spam	1	948
transparent	0.4646274773404	0.823302628938109	not	1	949
#000000	0.385463112965226	0.63990417169407	spam	1	950
#000000	-0.0447607557289302	-0.81270029488951	spam	1	951
transparent	0.722418953664601	-0.644187837373465	not	1	952
#000000	-0.123805785551667	0.284429160412401	spam	1	953
#000000	-0.510405445937067	0.748565987683833	spam	1	954
transparent	-0.858641905710101	0.184626700822264	not	1	955
#000000	-0.801067679654807	-0.475135615561158	spam	1	956
#000000	-0.3674565856345	0.767504528164864	spam	1	957
#000000	0.0372685263864696	-0.624621307477355	spam	1	958
transparent	0.324010152835399	-0.0222660354338586	not	1	959
transparent	-0.186339625623077	-0.98035902576521	not	1	960
transparent	0.825751848518848	-0.279131913557649	not	1	961
transparent	-0.412793254479766	-0.115676618181169	not	1	962
transparent	-0.0818685474805534	-0.748541557230055	not	1	963
#000000	-0.335210651624948	0.248729095328599	spam	1	964
transparent	0.30174093414098	-0.39513733657077	not	1	965
transparent	-0.483966438565403	-0.520725543610752	not	1	966
#000000	-0.0429095034487546	-0.282740472815931	spam	1	967
transparent	0.532621341291815	0.785820825025439	not	1	968
#000000	-0.831506171263754	0.981254530139267	spam	1	969
transparent	0.750642660073936	0.464842394925654	not	1	970
#000000	-0.321854124311358	0.985576176550239	spam	1	971
#000000	0.678880700375885	0.0795787242241204	spam	1	972
transparent	-0.306633021682501	-0.132396476343274	not	1	973
transparent	-0.332450138404965	0.92934734839946	not	1	974
transparent	-0.0472975098527968	-0.703360713552684	not	1	975
transparent	0.784396671690047	-0.867013888433576	not	1	976
#000000	0.728678941261023	-0.951497023925185	spam	1	977
#000000	-0.220020913053304	0.2248464836739	spam	1	978
#000000	0.554641397669911	0.393217496108264	spam	1	979
#000000	0.921235994435847	0.602283774409443	spam	1	980
#000000	-0.130681030452251	-0.724539432208985	spam	1	981
#000000	0.425029357429594	-0.680430354550481	spam	1	982
transparent	-0.200011262204498	0.977667185943574	not	1	983
#000000	-0.349295696243644	-0.202708608936518	spam	1	984
#000000	0.514174296054989	-0.624176367651671	spam	1	985
#000000	-0.594615489710122	-0.0445435177534819	spam	1	986
transparent	0.422242444939911	0.0884680454619229	not	1	987
transparent	-0.756616157945246	-0.343684038612992	not	1	988
#000000	-0.509022972080857	0.999861187301576	spam	1	989
#000000	-0.71339124115184	0.0555636719800532	spam	1	990
transparent	-0.52074116980657	-0.732530983630568	not	1	991
transparent	-0.882131245452911	-0.122919864486903	not	1	992
#000000	0.284576517064124	0.241587879601866	spam	1	993
#000000	0.752538425382227	-0.594175175763667	spam	1	994
#000000	0.557829354889691	-0.731660454533994	spam	1	995
transparent	0.594617651775479	0.55366799607873	not	1	996
transparent	-0.0894510927610099	0.271899697370827	not	1	997
transparent	-0.179831835906953	-0.435727406758815	not	1	998
transparent	0.621740485541523	-0.617481087800115	not	1	999
transparent	0.209866580553353	-0.468926560133696	not	1	1000
#000000	0.309447856154293	0.0616175858303905	spam	1	1001
#000000	-0.293605456128716	0.369721808005124	spam	1	1002
transparent	-0.459479708224535	-0.233433212619275	not	1	1003
#000000	0.985368122346699	0.909975996706635	spam	1	1004
#000000	0.266986528877169	-0.763286838773638	spam	1	1005
transparent	-0.573583729565144	-0.921799889300019	not	1	1006
#000000	-0.74125530384481	0.00901006581261754	spam	1	1007
transparent	-0.0437639313749969	0.156965110450983	not	1	1008
transparent	0.848148939665407	0.678607815876603	not	1	1009
#000000	0.19752193428576	0.308889950625598	spam	1	1010
transparent	0.952341389842331	0.889056679792702	not	1	1011
transparent	0.463585023768246	0.0233152592554688	not	1	1012
transparent	-0.286546175833792	-0.830157881602645	not	1	1013
transparent	-0.137052618898451	0.989541018847376	not	1	1014
#000000	-0.703576878644526	-0.197111760266125	spam	1	1015
transparent	-0.973844849038869	0.791292593348771	not	1	1016
transparent	0.431132132187486	0.753716824110597	not	1	1017
transparent	-0.793631528504193	-0.407030404079706	not	1	1018
transparent	-0.107431302778423	-0.734816180542111	not	1	1019
#000000	0.280202090274543	-0.468178184702992	spam	1	1020
transparent	0.983677240088582	-0.988544914405793	not	1	1021
#000000	-0.00881284428760409	0.639203642960638	spam	1	1022
#000000	-0.0313009512610734	-0.650676642078906	spam	1	1023
#000000	-0.653115330263972	0.686161104124039	spam	1	1024
#000000	0.509641889017075	-0.666575666517019	spam	1	1025
transparent	-0.0922090215608478	0.52803887007758	not	1	1026
transparent	0.0223395675420761	0.0378761747851968	not	1	1027
#000000	-0.584909773431718	-0.454629393294454	spam	1	1028
transparent	-0.542683714535087	-0.313593728467822	not	1	1029
#000000	0.191423992626369	0.410150680225343	spam	1	1030
transparent	0.149744396563619	0.183070602361113	not	1	1031
transparent	-0.845871239434928	-0.0612419247627258	not	1	1032
transparent	-0.928918840829283	-0.32724678888917	not	1	1033
transparent	0.285590984392911	0.935674857348204	not	1	1034
#000000	0.857230399269611	0.291683767456561	spam	1	1035
#000000	0.196184844709933	-0.607397661544383	spam	1	1036
transparent	0.121801496017724	-0.285639229696244	not	1	1037
#000000	0.0520554478280246	0.0260361642576754	spam	1	1038
#000000	0.970190447755158	0.765993481036276	spam	1	1039
transparent	0.0152836446650326	-0.694664869457483	not	1	1040
#000000	0.365576157346368	-0.539076805114746	spam	1	1041
#000000	0.203082435298711	-0.674022843129933	spam	1	1042
transparent	-0.522262644488365	0.228693718090653	not	1	1043
transparent	-0.483668146654964	0.00327288778498769	not	1	1044
#000000	0.458619246724993	-0.623762223869562	spam	1	1045
#000000	-0.0948583371937275	-0.184570294804871	spam	1	1046
#000000	-0.649746463168412	0.16477609379217	spam	1	1047
#000000	0.493396539241076	-0.382141869980842	spam	1	1048
#000000	-0.790024719201028	-0.0380687196739018	spam	1	1049
#000000	0.729089898057282	0.878789584618062	spam	1	1050
#000000	0.229289943352342	-0.907918903511018	spam	1	1051
#000000	0.114319077692926	0.0697234594263136	spam	1	1052
transparent	-0.342445361893624	-0.114678435493261	not	1	1053
#000000	-0.0937371090985835	0.812730939127505	spam	1	1054
#000000	0.000881945248693228	0.762084763497114	spam	1	1055
transparent	-0.638267277739942	-0.673517767339945	not	1	1056
#000000	0.0592612056061626	0.504381531383842	spam	1	1057
transparent	-0.849448508583009	-0.194025595672429	not	1	1058
#000000	-0.444488134700805	0.113905386999249	spam	1	1059
transparent	-0.574600961524993	-0.839661436155438	not	1	1060
transparent	-0.430419038049877	-0.766862815245986	not	1	1061
#000000	0.790188205894083	0.850385122466832	spam	1	1062
#000000	-0.107529353350401	0.757688481360674	spam	1	1063
transparent	0.559969779569656	-0.673584746196866	not	1	1064
transparent	0.761238069739193	0.0631278026849031	not	1	1065
transparent	-0.173751580994576	0.859584336634725	not	1	1066
transparent	-0.872383038979024	-0.348568012472242	not	1	1067
transparent	-0.329025016631931	-0.678410738240928	not	1	1068
transparent	0.447451893240213	0.899415835738182	not	1	1069
#000000	-0.324769333004952	-0.0752859027124941	spam	1	1070
#000000	0.260828244965524	-0.558458225335926	spam	1	1071
transparent	0.681229108013213	-0.995961534790695	not	1	1072
transparent	0.712263329420239	0.238385206554085	not	1	1073
#000000	-0.217281437944621	-0.194988155737519	spam	1	1074
#000000	-0.239012228790671	0.800065221264958	spam	1	1075
transparent	0.790890851989389	0.0117639689706266	not	1	1076
transparent	0.288631525821984	0.452974162064493	not	1	1077
transparent	0.482157297432423	-0.945026770234108	not	1	1078
#000000	0.210606893058866	-0.241173573769629	spam	1	1079
transparent	0.806163222994655	-0.226510675624013	not	1	1080
#000000	-0.412539689801633	-0.324358549434692	spam	1	1081
transparent	-0.617479780223221	-0.271136297378689	not	1	1082
#000000	0.772901886608452	0.277511939406395	spam	1	1083
#000000	0.00667897146195173	-0.934171345084906	spam	1	1084
#000000	0.754115086048842	0.39238517684862	spam	1	1085
transparent	-0.621612755116075	0.631128349341452	not	1	1086
#000000	0.516206104774028	0.014845706988126	spam	1	1087
transparent	0.448997785337269	-0.774814748205245	not	1	1088
#000000	0.887449636589736	0.812646602280438	spam	1	1089
#000000	0.0952931740321219	-0.17332209367305	spam	1	1090
#000000	0.423487735446543	-0.0524884243495762	spam	1	1091
#000000	-0.222189800348133	0.42742836009711	spam	1	1092
transparent	-0.79825374763459	-0.516257578972727	not	1	1093
transparent	0.854604177176952	-0.400718744844198	not	1	1094
transparent	-0.433534999378026	0.408957642968744	not	1	1095
transparent	0.181146317627281	0.543349896091968	not	1	1096
#000000	-0.779278790112585	-0.972319318912923	spam	1	1097
#000000	0.68101406423375	0.102627906948328	spam	1	1098
transparent	-0.364072631113231	0.304922380950302	not	1	1099
#000000	0.565702673979104	0.863321416079998	spam	1	1100
#000000	-0.464983585290611	0.380783410277218	spam	1	1101
transparent	-0.562709430232644	-0.492465721908957	not	1	1102
#000000	0.0335936727933586	-0.177923259790987	spam	1	1103
transparent	-0.462098815944046	-0.754217773675919	not	1	1104
#000000	-0.637663345318288	-0.736066888552159	spam	1	1105
#000000	0.0371522749774158	0.280236016493291	spam	1	1106
transparent	0.125565871596336	-0.307153135538101	not	1	1107
transparent	-0.741686291061342	-0.154486790765077	not	1	1108
transparent	-0.48726479196921	0.878817760851234	not	1	1109
#000000	0.435870551969856	-0.232221538200974	spam	1	1110
#000000	0.922819872852415	-0.542829737998545	spam	1	1111
#000000	-0.799718306865543	0.3805573717691	spam	1	1112
#000000	0.526445379015058	-0.98028416512534	spam	1	1113
#000000	0.895932709332556	0.372261788696051	spam	1	1114
transparent	0.637269376777113	0.583349192049354	not	1	1115
#000000	-0.383415338583291	0.0149869774468243	spam	1	1116
transparent	0.299158920999616	-0.383847502060235	not	1	1117
transparent	0.906710902228951	0.474424554500729	not	1	1118
transparent	0.907465300057083	-0.390569513197988	not	1	1119
transparent	-0.320041593164206	0.549417403526604	not	1	1120
transparent	-0.475051779765636	-0.775772724300623	not	1	1121
transparent	-0.669092133641243	0.595487399958074	not	1	1122
transparent	-0.35566388675943	-0.0179976653307676	not	1	1123
transparent	0.0202504131011665	0.665836349595338	not	1	1124
#000000	0.847936942707747	0.516846309881657	spam	1	1125
transparent	0.0219193967059255	0.804293121676892	not	1	1126
transparent	-0.484757478348911	-0.443119973875582	not	1	1127
transparent	-0.907078226096928	-0.108614300377667	not	1	1128
transparent	-0.16428748331964	-0.455968528520316	not	1	1129
transparent	0.708003004547209	-0.340163348708302	not	1	1130
#000000	-0.305538644548506	0.727201307658106	spam	1	1131
transparent	-0.737115358933806	-0.780284093227238	not	1	1132
transparent	-0.251026270911098	-0.19548620050773	not	1	1133
transparent	0.262840456794947	-0.187849812675267	not	1	1134
#000000	-0.21984213264659	-0.127041490282863	spam	1	1135
#000000	0.379255697596818	-0.645999807398766	spam	1	1136
transparent	0.378826824948192	-0.468539599794895	not	1	1137
transparent	0.109801246318966	0.319100026972592	not	1	1138
#000000	-0.140751184429973	0.632111009676009	spam	1	1139
transparent	-0.0945598743855953	-0.157631310634315	not	1	1140
#000000	-0.387113482225686	-0.679871391505003	spam	1	1141
#000000	0.156707888003439	-0.422779745422304	spam	1	1142
transparent	0.820740608498454	0.604258016683161	not	1	1143
#000000	-0.714791835751385	-0.671508636325598	spam	1	1144
#000000	-0.169904749374837	0.57958547025919	spam	1	1145
transparent	-0.578148498665541	0.0484299398958683	not	1	1146
transparent	-0.142499258276075	-0.359929994679987	not	1	1147
transparent	-0.734620049595833	-0.449645824264735	not	1	1148
#000000	-0.0798071082681418	0.6037960764952	spam	1	1149
transparent	0.885914118494839	-0.791951137594879	not	1	1150
transparent	0.523947723209858	0.676244533155114	not	1	1151
transparent	0.865819657687098	-0.84147425275296	not	1	1152
#000000	-0.0586430048570037	0.435128134209663	spam	1	1153
transparent	0.207176135387272	0.729235653299838	not	1	1154
transparent	-0.0300206388346851	0.95711641618982	not	1	1155
transparent	-0.78238736698404	-0.50174758490175	not	1	1156
#000000	-0.504546334035695	-0.950278619304299	spam	1	1157
transparent	-0.00297093857079744	-0.55404353607446	not	1	1158
transparent	-0.254266583826393	-0.755949000827968	not	1	1159
transparent	0.869382740464062	-0.229521150235087	not	1	1160
transparent	0.0479721557348967	-0.831339051015675	not	1	1161
#000000	-0.365710656624287	-0.43483620043844	spam	1	1162
#000000	-0.444067941047251	0.133164917584509	spam	1	1163
transparent	0.575081015471369	-0.342915395274758	not	1	1164
transparent	0.404925025068224	0.88694936549291	not	1	1165
transparent	-0.669944722671062	-0.245392972137779	not	1	1166
#000000	-0.871084922458977	0.906631224788725	spam	1	1167
transparent	0.509411243256182	-0.453494264744222	not	1	1168
transparent	0.240820066072047	0.374660312198102	not	1	1169
transparent	-0.660846466664225	-0.726016391068697	not	1	1170
transparent	-0.875571895390749	0.620421543251723	not	1	1171
transparent	-0.78194146277383	0.525209384039044	not	1	1172
#000000	-0.236567296553403	-0.115190332289785	spam	1	1173
#000000	-0.661378170829266	-0.0866486108861864	spam	1	1174
#000000	-0.402694915886968	0.360910177696496	spam	1	1175
#000000	-0.615580929908902	-0.85120418202132	spam	1	1176
transparent	-0.485659957397729	0.293258150108159	not	1	1177
#000000	-0.637536354362965	0.579828223213553	spam	1	1178
transparent	-0.0453725806437433	-0.553366986569017	not	1	1179
transparent	0.541474085766822	-0.918112019076943	not	1	1180
#000000	-0.944425755180418	-0.230703273322433	spam	1	1181
transparent	0.0546215539798141	-0.31181569211185	not	1	1182
transparent	0.760638137813658	-0.107262615580112	not	1	1183
transparent	-0.253873256035149	-0.226333661004901	not	1	1184
#000000	-0.904081736691296	0.836635830812156	spam	1	1185
#000000	-0.722743506543338	-0.651964913122356	spam	1	1186
#000000	-0.357015759218484	-0.700258875265718	spam	1	1187
transparent	-0.690336777362973	0.22639845777303	not	1	1188
#000000	-0.735543655697256	-0.965513336006552	spam	1	1189
transparent	-0.557388144545257	-0.867779031395912	not	1	1190
#000000	-0.54723840765655	0.557678082957864	spam	1	1191
transparent	-0.73716693231836	0.871312254108489	not	1	1192
transparent	0.963126920629293	-0.585591720882803	not	1	1193
#000000	-0.345972546376288	0.286686313804239	spam	1	1194
transparent	0.0138789941556752	-0.337240849621594	not	1	1195
transparent	0.362885029520839	0.910843181889504	not	1	1196
#000000	-0.801661793608218	0.63437831401825	spam	1	1197
transparent	-0.762194883543998	0.480552286375314	not	1	1198
transparent	-0.899120680987835	-0.554588046390563	not	1	1199
transparent	0.858507839497179	-0.908550566993654	not	1	1200
transparent	0.347424465697259	-0.266946841496974	not	1	1201
#000000	-0.810284289065749	0.482786050066352	spam	1	1202
transparent	-0.0148077583871782	0.867012499831617	not	1	1203
transparent	-0.0768963187001646	0.346419899724424	not	1	1204
#000000	-0.249566938262433	0.40271421475336	spam	1	1205
#000000	0.982198439072818	0.695250815711916	spam	1	1206
transparent	-0.647298572584987	0.412313309963793	not	1	1207
transparent	0.626870417036116	0.717615519184619	not	1	1208
#000000	-0.863106725737453	-0.108711017761379	spam	1	1209
#000000	-0.199100506491959	0.353269984014332	spam	1	1210
transparent	-0.717711348552257	-0.744350434746593	not	1	1211
#000000	-0.613380275201052	0.472343070432544	spam	1	1212
#000000	0.682703433558345	-0.865509703289717	spam	1	1213
transparent	0.439827976748347	-0.4383998606354	not	1	1214
#000000	-0.465575833804905	-0.176764632575214	spam	1	1215
#000000	-0.00999671034514904	0.886849994305521	spam	1	1216
#000000	-0.83377220435068	0.95468506636098	spam	1	1217
transparent	-0.292231518775225	-0.922266829758883	not	1	1218
#000000	0.938417610712349	0.175455554388464	spam	1	1219
#000000	0.249428379349411	-0.939976645633578	spam	1	1220
transparent	0.32923649949953	0.130562416743487	not	1	1221
#000000	-0.375020687002689	-0.803545538336039	spam	1	1222
#000000	-0.18862077454105	0.260581577196717	spam	1	1223
transparent	0.992154743056744	0.637003669049591	not	1	1224
#000000	0.710164712741971	-0.299916673917323	spam	1	1225
#000000	0.907096792012453	-0.732032650150359	spam	1	1226
transparent	0.624610184691846	-0.838113243225962	not	1	1227
transparent	0.564364231657237	-0.299113371409476	not	1	1228
#000000	-0.464243742171675	0.992543569300324	spam	1	1229
transparent	0.524303059093654	0.0659376215189695	not	1	1230
transparent	0.972623178269714	-0.328205239027739	not	1	1231
#000000	-0.412788901943713	-0.371530713047832	spam	1	1232
#000000	-0.201297786086798	-0.23475587926805	spam	1	1233
transparent	0.624263047706336	-0.962907184381038	not	1	1234
transparent	-0.845696661621332	-0.926921766251326	not	1	1235
#000000	-0.272606380283833	0.757026588078588	spam	1	1236
#000000	-0.114815065637231	-0.195871952455491	spam	1	1237
#000000	-0.686571734957397	-0.0612378516234458	spam	1	1238
transparent	0.164410540368408	-0.195326979737729	not	1	1239
transparent	0.940324357710779	0.404180204961449	not	1	1240
#000000	0.97899966686964	-0.201671069487929	spam	1	1241
#000000	-0.647095927037299	0.00391664542257786	spam	1	1242
transparent	0.0842608488164842	-0.926052498631179	not	1	1243
transparent	-0.231392215937376	-0.404048530384898	not	1	1244
transparent	0.352328101638705	0.925683963578194	not	1	1245
transparent	-0.46141244051978	0.870193809270859	not	1	1246
#000000	-0.0614981153048575	0.922198354732245	spam	1	1247
transparent	-0.656399835366756	0.58519072830677	not	1	1248
transparent	-0.261621075216681	0.509554385673255	not	1	1249
transparent	0.450810545124114	-0.868066739756614	not	1	1250
#000000	-0.0277017913758755	-0.728990441653878	spam	1	1251
#000000	-0.872395066544414	-0.752801248803735	spam	1	1252
#000000	0.569092459976673	0.525087721645832	spam	1	1253
#000000	-0.163356728386134	0.806931431870908	spam	1	1254
transparent	0.962036169599742	-0.194681819528341	not	1	1255
transparent	-0.434232088271529	-0.634873984381557	not	1	1256
#000000	0.695764299016446	-0.25086956191808	spam	1	1257
transparent	-0.835521538276225	0.0124173546209931	not	1	1258
#000000	0.772917501162738	0.827005357947201	spam	1	1259
transparent	-0.0561385382898152	-0.846709637902677	not	1	1260
transparent	-0.781798073090613	-0.780508952215314	not	1	1261
transparent	-0.333444030955434	0.508534444961697	not	1	1262
transparent	0.674833138473332	-0.390802448615432	not	1	1263
transparent	-0.446300316601992	0.4476193129085	not	1	1264
transparent	0.174070282839239	-0.535339942201972	not	1	1265
transparent	0.673464539460838	-0.213082266040146	not	1	1266
#000000	-0.857691952027381	0.0157587938010693	spam	1	1267
transparent	0.405557486694306	0.879833730868995	not	1	1268
transparent	0.397649074438959	-0.884249658789486	not	1	1269
#000000	-0.0720752379857004	-0.390468590892851	spam	1	1270
#000000	-0.126137779094279	-0.518151911906898	spam	1	1271
#000000	0.124353575520217	-0.229593129828572	spam	1	1272
#000000	0.856966452673078	0.525966711342335	spam	1	1273
transparent	-0.539067171514034	0.729293997399509	not	1	1274
#000000	-0.556372491177172	0.358222430106252	spam	1	1275
#000000	-0.159568213392049	0.353525410871953	spam	1	1276
#000000	-0.332958388607949	-0.669894961174578	spam	1	1277
#000000	0.72961510065943	0.60573485866189	spam	1	1278
#000000	-0.645610928535461	0.423986862879246	spam	1	1279
transparent	-0.0133625427260995	0.857406178023666	not	1	1280
transparent	-0.140573266427964	-0.985010790172964	not	1	1281
#000000	0.12852768599987	0.192663306836039	spam	1	1282
#000000	0.312324631027877	-0.266508638393134	spam	1	1283
#000000	0.95710812555626	0.483934310730547	spam	1	1284
#000000	-0.535677703097463	0.524174781050533	spam	1	1285
transparent	-0.518376807682216	-0.478554081637412	not	1	1286
#000000	0.593672167975456	-0.490128237288445	spam	1	1287
#000000	0.663343430031091	0.357681619934738	spam	1	1288
#000000	-0.772984587121755	-0.0290386751294136	spam	1	1289
#000000	0.926624032668769	-0.242830939590931	spam	1	1290
#000000	-0.705354200676084	-0.888904034625739	spam	1	1291
transparent	-0.712746114470065	0.798051796853542	not	1	1292
#000000	0.850459870416671	0.603446627501398	spam	1	1293
#000000	0.0140712051652372	-0.037973899859935	spam	1	1294
#000000	-0.690297965891659	-0.935742481611669	spam	1	1295
transparent	-0.303395895753056	0.0240136245265603	not	1	1296
transparent	0.319642051588744	-0.253797455690801	not	1	1297
#000000	-0.376455251127481	-0.00285663036629558	spam	1	1298
transparent	-0.296853181440383	-0.201468526385725	not	1	1299
#000000	-0.704308586195111	-0.958106110803783	spam	1	1300
#000000	0.317755218129605	0.0485780569724739	spam	1	1301
#000000	-0.629860070999712	-0.679202300496399	spam	1	1302
transparent	0.908756273798645	-0.589771529659629	not	1	1303
transparent	0.795696984045208	0.950453431345522	not	1	1304
#000000	0.887394108809531	0.932709750253707	spam	1	1305
#000000	0.44738150248304	0.520140644628555	spam	1	1306
transparent	-0.259285868145525	-0.847258935682476	not	1	1307
transparent	0.562035080511123	0.0316477520391345	not	1	1308
transparent	-0.977700982708484	0.200610389001668	not	1	1309
#000000	0.880617424380034	-0.125951818190515	spam	1	1310
transparent	0.987498452421278	-0.996715477667749	not	1	1311
#000000	-0.285188509617001	-0.128896963782609	spam	1	1312
#000000	0.495270126964897	0.00192753784358501	spam	1	1313
#000000	0.585818047635257	0.339209412224591	spam	1	1314
transparent	0.41171801276505	0.389714213553816	not	1	1315
transparent	-0.0483499225229025	0.565020628739148	not	1	1316
transparent	-0.0106909479945898	-0.721954308915883	not	1	1317
#000000	-0.383895102422684	-0.673508645500988	spam	1	1318
transparent	0.390024492517114	0.519085820298642	not	1	1319
#000000	0.645586611237377	-0.112592765130103	spam	1	1320
transparent	-0.13056471850723	0.259337660856545	not	1	1321
#000000	0.0294653056189418	-0.790974279399961	spam	1	1322
transparent	0.326021935325116	0.671097794547677	not	1	1323
transparent	-0.713666826952249	-0.332101276144385	not	1	1324
#000000	-0.311025212518871	-0.600961622782052	spam	1	1325
transparent	-0.188472835347056	0.389090952929109	not	1	1326
#000000	-0.829377988353372	-0.668242474552244	spam	1	1327
transparent	0.865143856499344	-0.85207219235599	not	1	1328
transparent	0.676768133416772	-0.923527623061091	not	1	1329
transparent	0.758866592310369	0.692040433175862	not	1	1330
transparent	0.871424935292453	-0.252903605345637	not	1	1331
transparent	-0.855078733060509	0.761421394534409	not	1	1332
transparent	-0.242481118999422	-0.819364455062896	not	1	1333
transparent	0.0757298455573618	-0.00818517757579684	not	1	1334
transparent	-0.789899722672999	0.508645472116768	not	1	1335
#000000	0.603375411126763	0.211781626101583	spam	1	1336
transparent	0.479283491615206	0.0568255931138992	not	1	1337
#000000	-0.895701973233372	0.82041336549446	spam	1	1338
transparent	-0.0356608536094427	0.97145780781284	not	1	1339
transparent	0.841035681311041	-0.440514876041561	not	1	1340
transparent	-0.916943142190576	-0.753016610629857	not	1	1341
transparent	-0.412016401998699	-0.65124191204086	not	1	1342
transparent	0.00170097453519702	0.762670509517193	not	1	1343
#000000	0.219497870188206	-0.750743455719203	spam	1	1344
#000000	-0.471501900814474	-0.402062190696597	spam	1	1345
#000000	-0.153802780900151	-0.670530720148236	spam	1	1346
transparent	-0.266872767359018	-0.854780911002308	not	1	1347
transparent	0.88501064479351	-0.523172035813332	not	1	1348
transparent	-0.752552869729698	0.433333210647106	not	1	1349
transparent	-0.859934641513974	0.290041983593255	not	1	1350
transparent	0.928634075913578	-0.84825006686151	not	1	1351
#000000	-0.114979783538729	-0.654582155868411	spam	1	1352
#000000	-0.259455239400268	-0.708659284282476	spam	1	1353
#000000	-0.65951283974573	-0.216197631321847	spam	1	1354
transparent	-0.891619141213596	-0.536509801167995	not	1	1355
transparent	0.315656138584018	0.122759645804763	not	1	1356
transparent	0.15632383339107	0.167040373198688	not	1	1357
transparent	0.974203527905047	-0.802481323480606	not	1	1358
#000000	0.207584802992642	-0.68216691724956	spam	1	1359
transparent	-0.870100162457675	0.844130808021873	not	1	1360
transparent	-0.675781836267561	0.718899438157678	not	1	1361
transparent	-0.0492041590623558	0.814397506881505	not	1	1362
transparent	-0.996134330518544	-0.769462087191641	not	1	1363
transparent	-0.117081713862717	-0.928921531885862	not	1	1364
#000000	-0.478140525519848	0.171508775092661	spam	1	1365
transparent	0.876827490981668	-0.371663470286876	not	1	1366
transparent	0.431666567455977	0.113778548315167	not	1	1367
transparent	-0.673829043284059	-0.291009169071913	not	1	1368
transparent	-0.0476239630952478	-0.713463376741856	not	1	1369
transparent	0.380513445939869	0.134270925540477	not	1	1370
#000000	-0.0782096409238875	-0.331802684348077	spam	1	1371
transparent	0.910293476656079	-0.759197618812323	not	1	1372
#000000	0.425080244895071	-0.488291351590306	spam	1	1373
#000000	-0.205704133491963	-0.293229367118329	spam	1	1374
#000000	-0.764558775816113	0.662639858666807	spam	1	1375
#000000	-0.519767453894019	0.566447833087295	spam	1	1376
#000000	0.727261133026332	0.880304414778948	spam	1	1377
transparent	-0.128047196660191	0.678398063406348	not	1	1378
#000000	-0.00426389602944255	-0.702029961626977	spam	1	1379
transparent	0.383855344261974	0.181352170184255	not	1	1380
transparent	0.520626563578844	0.647925201337785	not	1	1381
transparent	-0.689197554718703	0.263770730700344	not	1	1382
transparent	0.698914186097682	-0.0601400770246983	not	1	1383
transparent	0.893635638058186	-0.482518192846328	not	1	1384
#000000	0.176838380750269	-0.950839298311621	spam	1	1385
transparent	0.00450163055211306	-0.342383744660765	not	1	1386
transparent	-0.620440164580941	-0.550293031148613	not	1	1387
transparent	-0.996326283551753	0.754663678817451	not	1	1388
#000000	0.755156124476343	0.355308401398361	spam	1	1389
transparent	-0.731777324341238	0.0518666072748601	not	1	1390
transparent	-0.954517551697791	0.115373327862471	not	1	1391
transparent	0.878273412119597	-0.505056653171778	not	1	1392
#000000	-0.414102554321289	-0.985406458377838	spam	1	1393
#000000	-0.671346851158887	0.897812870331109	spam	1	1394
transparent	-0.201794888358563	0.438300277106464	not	1	1395
#000000	-0.0808491758070886	-0.441350910812616	spam	1	1396
transparent	-0.131938302889466	0.487565712071955	not	1	1397
#000000	0.0340196527540684	0.741496801842004	spam	1	1398
#000000	0.692491505295038	-0.239259749650955	spam	1	1399
#000000	-0.889671427197754	0.438895031809807	spam	1	1400
#000000	0.108354122377932	-0.520786579232663	spam	1	1401
#000000	0.376550475135446	0.295529748313129	spam	1	1402
transparent	0.316115107387304	0.951341521460563	not	1	1403
transparent	0.326685450505465	-0.244002384133637	not	1	1404
transparent	-0.055531594902277	-0.071711742784828	not	1	1405
transparent	0.939056332223117	0.624592591542751	not	1	1406
#000000	-0.195605874527246	-0.0111837736330926	spam	1	1407
transparent	0.699104207567871	-0.899381954688579	not	1	1408
transparent	0.513289814814925	-0.738756518810988	not	1	1409
transparent	0.0652024387381971	-0.677123367786408	not	1	1410
#000000	0.748299321625382	-0.821093680337071	spam	1	1411
#000000	-0.0657697687856853	-0.19277182361111	spam	1	1412
transparent	-0.98374308925122	-0.872280264273286	not	1	1413
#000000	0.455534009262919	0.124011844862252	spam	1	1414
transparent	0.433178957551718	-0.326951784081757	not	1	1415
transparent	-0.625147257931531	0.081284562125802	not	1	1416
#000000	0.292134553659707	0.82646244391799	spam	1	1417
#000000	0.0839585596695542	-0.22623848170042	spam	1	1418
#000000	-0.329358480405062	0.92053432809189	spam	1	1419
#000000	0.275817446410656	-0.230626817326993	spam	1	1420
#000000	0.658402127679437	0.883203958626837	spam	1	1421
#000000	0.417950396891683	0.361271314322948	spam	1	1422
#000000	-0.302899298258126	0.805284707341343	spam	1	1423
#000000	-0.743344250135124	-0.492405868601054	spam	1	1424
#000000	-0.223843022249639	-0.187805741094053	spam	1	1425
transparent	0.856355096679181	-0.971502772998065	not	1	1426
transparent	0.608781542629004	-0.77910441160202	not	1	1427
#000000	0.517393614165485	0.00307558383792639	spam	1	1428
transparent	0.914499777834862	-0.256946703884751	not	1	1429
#000000	0.987827757373452	0.611831108573824	spam	1	1430
transparent	0.212881989311427	-0.984154312871397	not	1	1431
#000000	-0.941245669033378	0.673024118412286	spam	1	1432
#000000	-0.327109284233302	-0.246321641374379	spam	1	1433
#000000	-0.44468382652849	-0.229502933565527	spam	1	1434
#000000	-0.765604899730533	0.903061151038855	spam	1	1435
#000000	-0.913563481997699	-0.0486515210941434	spam	1	1436
#000000	-0.259380428586155	0.104187588673085	spam	1	1437
transparent	-0.32624338241294	0.869432650040835	not	1	1438
#000000	-0.652694893069565	0.72687251213938	spam	1	1439
#000000	0.243546559009701	-0.480171031318605	spam	1	1440
#000000	-0.204312745016068	0.375399669166654	spam	1	1441
transparent	0.911351537331939	-0.104185507632792	not	1	1442
transparent	0.306698886211962	-0.56396744819358	not	1	1443
#000000	-0.34251256659627	0.37247363012284	spam	1	1444
transparent	-0.605706572998315	0.918764050584286	not	1	1445
transparent	-0.769315350335091	-0.481191038154066	not	1	1446
#000000	0.991930957417935	-0.0624800161458552	spam	1	1447
transparent	-0.241446549538523	-0.357320884708315	not	1	1448
#000000	0.123976185452193	-0.670714370906353	spam	1	1449
transparent	0.465436035301536	0.429455450735986	not	1	1450
transparent	0.741611105855554	0.0563315027393401	not	1	1451
#000000	0.14434051932767	-0.530570639763027	spam	1	1452
#000000	-0.977927858009934	-0.871136676985771	spam	1	1453
#000000	0.812630522530526	0.35152699239552	spam	1	1454
#000000	0.541307263076305	0.612290723714978	spam	1	1455
transparent	-0.234990753233433	-0.769057529512793	not	1	1456
#000000	-0.811908222269267	0.384028842672706	spam	1	1457
#000000	-0.900692832190543	-0.956427542958409	spam	1	1458
#000000	0.642324636224657	-0.277246582787484	spam	1	1459
#000000	0.658648608718067	0.464560099877417	spam	1	1460
transparent	0.309465751517564	-0.374753916170448	not	1	1461
#000000	-0.734344373922795	-0.105693893507123	spam	1	1462
#000000	-0.316380197647959	0.650878136046231	spam	1	1463
transparent	0.462743157986552	-0.336409069597721	not	1	1464
transparent	0.814582832157612	-0.711949665565044	not	1	1465
#000000	0.392393998801708	-0.398158495780081	spam	1	1466
transparent	-0.516841555479914	-0.674796406179667	not	1	1467
#000000	0.288214457221329	0.678943156730384	spam	1	1468
transparent	-0.438499572686851	0.328614954371005	not	1	1469
transparent	0.915273041464388	-0.722265388816595	not	1	1470
transparent	-0.683208086527884	-0.348236372228712	not	1	1471
transparent	-0.163322016596794	0.662860437761992	not	1	1472
transparent	-0.495980405248702	0.645078208763152	not	1	1473
transparent	-0.811219464521855	-0.701200159266591	not	1	1474
#000000	0.655435539316386	-0.157440620940179	spam	1	1475
transparent	0.0506110074929893	-0.109634696971625	not	1	1476
#000000	0.335495254956186	0.767854751553386	spam	1	1477
transparent	-0.183444480411708	-0.170005346648395	not	1	1478
transparent	0.68517980678007	0.379784323740751	not	1	1479
transparent	0.474610935896635	0.433841754216701	not	1	1480
transparent	-0.303551197983325	-0.975241660140455	not	1	1481
transparent	0.89787635486573	-0.924341103062034	not	1	1482
#000000	0.293358379974961	-0.818245171569288	spam	1	1483
#000000	-0.92944446625188	-0.202352065127343	spam	1	1484
#000000	0.192896911408752	0.800429151859134	spam	1	1485
#000000	-0.169363996945322	-0.110194743145257	spam	1	1486
#000000	-0.846205923706293	0.510306184180081	spam	1	1487
#000000	0.0560977584682405	0.422940479125828	spam	1	1488
transparent	0.924666617065668	-0.666487299371511	not	1	1489
#000000	0.417480102274567	0.738284778315574	spam	1	1490
#000000	0.106951407156885	-0.821630929131061	spam	1	1491
transparent	-0.514086782000959	-0.6739726732485	not	1	1492
transparent	0.556085058022291	0.698707376606762	not	1	1493
#000000	0.303881886880845	0.256260682363063	spam	1	1494
#000000	0.660491407848895	-0.583080098032951	spam	1	1495
#000000	0.297101894859225	0.345721653662622	spam	1	1496
transparent	-0.040328411385417	0.928411381784827	not	1	1497
#000000	-0.00987178878858685	0.76347770402208	spam	1	1498
transparent	-0.240254817064852	0.923529373947531	not	1	1499
transparent	-0.0990291256457567	-0.070613628719002	not	1	1500
#000000	0.628503500949591	-0.854245285503566	spam	1	1501
transparent	0.857554451562464	0.748617507051677	not	1	1502
#000000	-0.705037909559906	-0.602254387456924	spam	1	1503
transparent	0.499643329996616	0.0691795172169805	not	1	1504
#000000	0.951314699370414	-0.78887561801821	spam	1	1505
transparent	0.949584926944226	-0.232009965460748	not	1	1506
#000000	-0.298748859670013	0.495411849115044	spam	1	1507
#000000	-0.212101886048913	0.391581995878369	spam	1	1508
transparent	0.901902018114924	-0.80321645596996	not	1	1509
#000000	-0.786703360732645	0.223063586745411	spam	1	1510
transparent	0.869520233012736	-0.95814949227497	not	1	1511
transparent	-0.307675800286233	0.299424498341978	not	1	1512
transparent	0.0661212117411196	0.956756140571088	not	1	1513
#000000	0.0775885987095535	0.685008918400854	spam	1	1514
transparent	0.429435899481177	0.685571684036404	not	1	1515
transparent	-0.188418999779969	-0.225095674861223	not	1	1516
transparent	-0.694423717446625	0.586142204236239	not	1	1517
#000000	-0.319534477312118	-0.187606881838292	spam	1	1518
transparent	0.25330969505012	-0.493302189745009	not	1	1519
#000000	-0.885254643391818	-0.161392021924257	spam	1	1520
transparent	0.703335279598832	-0.00900093419477344	not	1	1521
#000000	-0.574709308333695	0.716491913888603	spam	1	1522
#000000	0.0789240556769073	0.464529707096517	spam	1	1523
transparent	-0.727024827618152	0.94885698100552	not	1	1524
transparent	-0.350269719026983	-0.799890180584043	not	1	1525
transparent	0.242152587510645	0.665181674063206	not	1	1526
#000000	-0.488035502843559	-0.0988916442729533	spam	1	1527
transparent	0.269751597661525	0.700918271671981	not	1	1528
transparent	-0.0286557860672474	0.139503087382764	not	1	1529
#000000	0.876353833358735	0.923085027839988	spam	1	1530
#000000	0.715003074146807	0.909501467831433	spam	1	1531
#000000	-0.258232924621552	-0.432440982200205	spam	1	1532
transparent	-0.371596340090036	0.479212995618582	not	1	1533
#000000	0.657068719621748	-0.858514848630875	spam	1	1534
#000000	-0.0963169736787677	0.800239093601704	spam	1	1535
transparent	-0.368243175558746	-0.73315885476768	not	1	1536
transparent	-0.804382924921811	0.11177215538919	not	1	1537
#000000	-0.870198926888406	0.200816065073013	spam	1	1538
#000000	0.378914732951671	-0.734077922068536	spam	1	1539
#000000	0.336101207882166	0.0186246745288372	spam	1	1540
#000000	0.80909329559654	-0.265900184866041	spam	1	1541
transparent	-0.396613459102809	-0.99339090520516	not	1	1542
transparent	0.865617409348488	-0.904040279332548	not	1	1543
transparent	-0.596033965237439	0.764096900355071	not	1	1544
transparent	0.584757511969656	0.647034080233425	not	1	1545
transparent	-0.550738982390612	-0.173938198015094	not	1	1546
#000000	-0.938486857805401	0.843466436024755	spam	1	1547
transparent	0.724068082403392	-0.0451941331848502	not	1	1548
#000000	0.370215010363609	-0.0500111528672278	spam	1	1549
#000000	0.884149819146842	0.315672134049237	spam	1	1550
transparent	0.351707520894706	-0.673359092324972	not	1	1551
#000000	0.686240296810865	-0.809611257631332	spam	1	1552
#000000	-0.276211630087346	0.723029584623873	spam	1	1553
#000000	-0.215268229600042	-0.52024166053161	spam	1	1554
#000000	0.135374795179814	0.110808263998479	spam	1	1555
#000000	-0.809695732779801	0.698813190218061	spam	1	1556
#000000	-0.612431856803596	-0.300704838708043	spam	1	1557
#000000	0.176132786087692	0.951477190479636	spam	1	1558
transparent	0.503008336294442	0.738811060320586	not	1	1559
transparent	0.734477574471384	0.50824810191989	not	1	1560
#000000	-0.256408525630832	-0.552653159946203	spam	1	1561
transparent	0.597629099152982	0.539632930886	not	1	1562
transparent	-0.883371214848012	0.749427168630064	not	1	1563
#000000	0.246871418785304	-0.91241378383711	spam	1	1564
transparent	-0.286717186681926	-0.600478585809469	not	1	1565
transparent	0.17585586477071	0.707484716549516	not	1	1566
#000000	0.827569284010679	0.304508256725967	spam	1	1567
#000000	-0.601115634199232	0.738664038479328	spam	1	1568
#000000	-0.261832752265036	0.627273174934089	spam	1	1569
transparent	0.342816655524075	-0.27710472419858	not	1	1570
#000000	0.536289101466537	-0.818208307959139	spam	1	1571
transparent	0.0444965520873666	0.149310580920428	not	1	1572
#000000	0.656150036025792	0.309460827149451	spam	1	1573
#000000	0.0541923893615603	0.644409552682191	spam	1	1574
transparent	0.0035096500068903	-0.088848969899118	not	1	1575
transparent	-0.160053360275924	0.968657796736807	not	1	1576
#000000	-0.275403433479369	0.500796756241471	spam	1	1577
#000000	-0.753142179455608	-0.73288862593472	spam	1	1578
transparent	-0.40367694105953	-0.56965297460556	not	1	1579
#000000	-0.446647020522505	0.696759075392038	spam	1	1580
transparent	0.540450711268932	-0.0693176290951669	not	1	1581
#000000	0.556362604256719	0.831535580568016	spam	1	1582
transparent	-0.712425438687205	0.833115476649255	not	1	1583
transparent	0.0310523011721671	0.639709167648107	not	1	1584
#000000	0.194480970967561	0.133802315220237	spam	1	1585
#000000	0.0116860480047762	0.230954322498292	spam	1	1586
transparent	-0.227800733875483	0.589600579813123	not	1	1587
#000000	-0.147803798317909	-0.120606902986765	spam	1	1588
#000000	-0.976480530574918	-0.174825493711978	spam	1	1589
transparent	0.838663540780544	0.130970570258796	not	1	1590
transparent	-0.841120613738895	-0.696704335976392	not	1	1591
transparent	0.0147485095076263	0.614921690896154	not	1	1592
#000000	0.640343233942986	-0.00871726730838418	spam	1	1593
#000000	0.1967908362858	-0.718981633894146	spam	1	1594
transparent	-0.151692947838455	-0.779421441722661	not	1	1595
transparent	0.118620541412383	-0.778417873196304	not	1	1596
#000000	0.578188944142312	-0.99057144112885	spam	1	1597
transparent	-0.664569484069943	-0.523191289510578	not	1	1598
transparent	0.940903460141271	0.757645758334547	not	1	1599
#000000	-0.0529938032850623	-0.845562685281038	spam	1	1600
#000000	0.859486411791295	-0.722922879736871	spam	1	1601
#000000	0.80187854077667	-0.904950850177556	spam	1	1602
transparent	0.501764375716448	-0.932162253186107	not	1	1603
#000000	0.353137544821948	0.832178036682308	spam	1	1604
transparent	0.296026891563088	0.680400787852705	not	1	1605
#000000	-0.853506260551512	-0.642257167026401	spam	1	1606
#000000	-0.152883163187653	-0.00946410978212953	spam	1	1607
#000000	0.061648728325963	-0.386082945857197	spam	1	1608
#000000	0.885409524664283	-0.451246076263487	spam	1	1609
#000000	0.42444911878556	-0.743512289132923	spam	1	1610
#000000	0.448981150984764	-0.141236173454672	spam	1	1611
transparent	-0.059742764569819	0.391889927443117	not	1	1612
#000000	-0.759435488376766	-0.329878563061357	spam	1	1613
transparent	0.56619534175843	0.402492866851389	not	1	1614
#000000	-0.123685205820948	0.681069829501212	spam	1	1615
#000000	-0.137088040355593	0.765264013316482	spam	1	1616
transparent	-0.945004242006689	0.533178700134158	not	1	1617
transparent	-0.706876314245164	-0.355944744776934	not	1	1618
transparent	-0.154809684026986	-0.915765984449536	not	1	1619
#000000	0.534274348523468	0.7854198445566	spam	1	1620
#000000	-0.990467109251767	0.276210290379822	spam	1	1621
#000000	0.207191383000463	0.108986232429743	spam	1	1622
transparent	0.811154521070421	0.532659896183759	not	1	1623
transparent	0.413323063869029	-0.806277411058545	not	1	1624
transparent	-0.474925681483001	0.49603297514841	not	1	1625
transparent	0.702152438927442	0.750435975380242	not	1	1626
#000000	-0.332788969855756	-0.98466280894354	spam	1	1627
transparent	0.156568535137922	0.869833970908076	not	1	1628
transparent	-0.134453739505261	-0.186068683862686	not	1	1629
transparent	-0.896809353958815	0.577526779379696	not	1	1630
transparent	0.459606575779617	0.952255249023438	not	1	1631
transparent	0.0963408285751939	-0.333194908220321	not	1	1632
#000000	0.502443971112371	0.574429641943425	spam	1	1633
transparent	-0.898457670584321	-0.821278167888522	not	1	1634
transparent	0.429932424798608	-0.912600195966661	not	1	1635
#000000	-0.404611086472869	0.0298674763180316	spam	1	1636
#000000	-0.433045580517501	-0.90382134495303	spam	1	1637
transparent	0.659754254855216	-0.821607744786888	not	1	1638
#000000	-0.827209249604493	0.376651043072343	spam	1	1639
transparent	-0.914685762021691	-0.930322932545096	not	1	1640
#000000	-0.302518382202834	-0.138178151100874	spam	1	1641
#000000	0.0846720202825964	0.518588102422655	spam	1	1642
#000000	0.218921727035195	0.663593909237534	spam	1	1643
#000000	-0.457255803048611	-0.235074966214597	spam	1	1644
#000000	-0.589538136031479	0.231109637767077	spam	1	1645
transparent	-0.236735703423619	-0.310026699211448	not	1	1646
#000000	-0.0548837692476809	0.0645575481466949	spam	1	1647
transparent	0.671035899780691	-0.479981786105782	not	1	1648
#000000	-0.757057007402182	0.145721244625747	spam	1	1649
#000000	0.35161624988541	0.811693356838077	spam	1	1650
transparent	-0.00662956014275551	0.132043757010251	not	1	1651
transparent	0.80447549559176	-0.887026364449412	not	1	1652
transparent	0.102527933660895	-0.795772509183735	not	1	1653
transparent	-0.742870646994561	-0.343316288199276	not	1	1654
#000000	-0.115980428643525	0.981201014481485	spam	1	1655
#000000	-0.615404607262462	0.428730678744614	spam	1	1656
transparent	-0.130198755767196	-0.842051632236689	not	1	1657
transparent	-0.549733194056898	0.228432898875326	not	1	1658
transparent	0.922192564234138	-0.0135326543822885	not	1	1659
#000000	-0.103145069908351	-0.461804690305144	spam	1	1660
#000000	0.554289970546961	-0.413778274320066	spam	1	1661
transparent	-0.683560451027006	-0.0494433995336294	not	1	1662
transparent	0.733617165125907	0.928157092537731	not	1	1663
#000000	-0.587708788458258	-0.15273579582572	spam	1	1664
transparent	-0.644100633915514	0.688194191548973	not	1	1665
transparent	-0.67021770728752	0.907654702663422	not	1	1666
transparent	0.130537954624742	-0.427052950486541	not	1	1667
transparent	0.454362042248249	0.0816987957805395	not	1	1668
#000000	0.75183797813952	0.162756635807455	spam	1	1669
#000000	0.4168487675488	-0.487426211126149	spam	1	1670
transparent	-0.0450735781341791	0.75616793660447	not	1	1671
#000000	0.640559987165034	0.764604775235057	spam	1	1672
transparent	-0.966775578446686	0.974669369403273	not	1	1673
transparent	0.992222202476114	-0.796758197713643	not	1	1674
transparent	0.269789671525359	0.237550004385412	not	1	1675
#000000	-0.14304923824966	0.40946753975004	spam	1	1676
transparent	-0.943214134313166	-0.702823138330132	not	1	1677
#000000	0.506665401160717	0.781621183268726	spam	1	1678
#000000	-0.58273204928264	-0.674659399781376	spam	1	1679
#000000	0.998910810332745	-0.756267060991377	spam	1	1680
transparent	0.814498386345804	0.955113714560866	not	1	1681
#000000	0.424930063541979	0.254220530856401	spam	1	1682
#000000	0.461865767836571	-0.961601139977574	spam	1	1683
#000000	-0.055024157743901	0.658328289166093	spam	1	1684
#000000	0.72502137394622	0.997754950542003	spam	1	1685
#000000	-0.669169755186886	0.736191032454372	spam	1	1686
transparent	0.240855851210654	-0.20617785025388	not	1	1687
transparent	-0.415337210055441	0.872483565006405	not	1	1688
#000000	-0.0877165324054658	-0.350454207975417	spam	1	1689
#000000	-0.90872158203274	0.944895123131573	spam	1	1690
transparent	-0.644676495809108	0.125196907669306	not	1	1691
transparent	-0.884135864209384	0.158658075612038	not	1	1692
transparent	0.888820467051119	0.64938070718199	not	1	1693
#000000	-0.314513051416725	-0.60311104496941	spam	1	1694
transparent	0.0359011413529515	0.237979270052165	not	1	1695
transparent	0.250490670558065	-0.550870770122856	not	1	1696
transparent	-0.525470292661339	-0.949552539736032	not	1	1697
transparent	0.0322478287853301	0.513010249473155	not	1	1698
#000000	0.613083655480295	0.276313889306039	spam	1	1699
transparent	-0.303470531012863	-0.884262173902243	not	1	1700
#000000	0.717374905943871	0.347595626488328	spam	1	1701
transparent	-0.931122477632016	0.383089541457593	not	1	1702
transparent	0.941994291730225	0.490457919426262	not	1	1703
#000000	0.490220272447914	-0.751876258756965	spam	1	1704
transparent	-0.453489516396076	-0.69765642657876	not	1	1705
transparent	0.354212203063071	-0.645138749387115	not	1	1706
#000000	-0.304105063900352	-0.982261064462364	spam	1	1707
transparent	0.894041043240577	0.267577286344022	not	1	1708
transparent	-0.322752450127155	-0.254498229827732	not	1	1709
transparent	-0.936573592014611	-0.444559901952744	not	1	1710
#000000	-0.29282840481028	-0.654982998501509	spam	1	1711
transparent	-0.225752824451774	-0.592577717266977	not	1	1712
#000000	-0.286105679813772	-0.556258236523718	spam	1	1713
#000000	0.919937212020159	-0.493136990815401	spam	1	1714
transparent	-0.232523590326309	-0.659804621245712	not	1	1715
transparent	0.0926752421073616	0.843353528063744	not	1	1716
transparent	0.850646951701492	-0.309373083058745	not	1	1717
#000000	0.833719054237008	-0.829781581647694	spam	1	1718
transparent	-0.51453401427716	-0.244364389684051	not	1	1719
transparent	0.43418167764321	0.0866870391182602	not	1	1720
transparent	-0.302107928320766	0.574021852109581	not	1	1721
#000000	0.108566701412201	-0.359372944571078	spam	1	1722
#000000	0.485944826155901	0.676077036652714	spam	1	1723
#000000	0.639396637212485	0.996940970420837	spam	1	1724
transparent	0.739314530044794	-0.573114015161991	not	1	1725
transparent	-0.928269731346518	-0.125407017301768	not	1	1726
#000000	-0.559951193165034	-0.242540007457137	spam	1	1727
#000000	-0.266053580678999	0.931153417099267	spam	1	1728
transparent	-0.388607115950435	0.282233004458249	not	1	1729
#000000	0.455660915002227	0.612270667683333	spam	1	1730
#000000	0.399457532446831	0.838124377653003	spam	1	1731
transparent	0.820121853612363	-0.88275510398671	not	1	1732
transparent	0.691205219365656	-0.0447142887860537	not	1	1733
#000000	0.557089280337095	0.393765576649457	spam	1	1734
#000000	-0.198313143569976	-0.910656981170177	spam	1	1735
transparent	0.153609317727387	0.513708633836359	not	1	1736
#000000	-0.847281107679009	0.183347449637949	spam	1	1737
transparent	0.745949701406062	0.0202809260226786	not	1	1738
transparent	0.912571471184492	-0.0947964671067894	not	1	1739
#000000	0.0110621596686542	-0.94903606781736	spam	1	1740
#000000	0.848732727579773	0.923687218688428	spam	1	1741
#000000	-0.730972934514284	0.975254879333079	spam	1	1742
#000000	-0.522525993641466	0.268719116225839	spam	1	1743
#000000	-0.020074755884707	-0.148917306214571	spam	1	1744
#000000	-0.0518798064440489	-0.466748189646751	spam	1	1745
transparent	-0.130011681932956	-0.838861024007201	not	1	1746
transparent	-0.921502079814672	-0.339716873131692	not	1	1747
#000000	0.288662030361593	0.788100205827504	spam	1	1748
transparent	0.431134400423616	-0.386649603024125	not	1	1749
transparent	-0.296666557434946	-0.19515231763944	not	1	1750
#000000	0.893113497644663	0.147582795005292	spam	1	1751
#000000	0.4862130144611	0.193976768758148	spam	1	1752
transparent	-0.898428159300238	0.140034275129437	not	1	1753
transparent	0.96072956174612	-0.563857424072921	not	1	1754
#000000	-0.564355094917119	0.640253488905728	spam	1	1755
#000000	-0.927607995923609	-0.926688438281417	spam	1	1756
transparent	-0.478592269122601	0.251165629830211	not	1	1757
transparent	0.440831571817398	-0.133042123634368	not	1	1758
transparent	-0.504211637657136	-0.28614772297442	not	1	1759
#000000	-0.530168416909874	0.547335280105472	spam	1	1760
#000000	-0.957976314239204	-0.65309590427205	spam	1	1761
#000000	-0.470758744515479	-0.0135820535942912	spam	1	1762
transparent	0.383603238966316	0.474377817008644	not	1	1763
#000000	-0.930661217775196	0.0220020455308259	spam	1	1764
#000000	-0.874427740927786	-0.0498261679895222	spam	1	1765
transparent	-0.204587816260755	0.175799881108105	not	1	1766
#000000	-0.0199431502260268	0.145074758678675	spam	1	1767
#000000	0.26209749514237	0.309835481457412	spam	1	1768
transparent	0.446808624546975	0.730251111555845	not	1	1769
#000000	-0.846468415111303	-0.206307248212397	spam	1	1770
transparent	-0.157107838895172	0.920232311356813	not	1	1771
transparent	0.947453371714801	-0.238245489541441	not	1	1772
transparent	0.627611566800624	-0.659823440015316	not	1	1773
#000000	-0.552464554086328	-0.536790242884308	spam	1	1774
#000000	-0.0205153883434832	0.89984041871503	spam	1	1775
transparent	-0.977319614030421	-0.832983684726059	not	1	1776
transparent	-0.482795406132937	-0.613911968190223	not	1	1777
#000000	-0.0908024562522769	-0.850609409622848	spam	1	1778
transparent	0.481953376438469	0.210032016038895	not	1	1779
transparent	0.981320023536682	-0.568314207252115	not	1	1780
transparent	-0.335590107832104	0.175974521320313	not	1	1781
transparent	0.889582810923457	-0.542204793542624	not	1	1782
transparent	0.92370683979243	-0.218149641528726	not	1	1783
transparent	0.798554999288172	-0.304188173264265	not	1	1784
transparent	-0.0145683297887445	0.836758804973215	not	1	1785
#000000	0.569870955776423	-0.775921752676368	spam	1	1786
transparent	0.606238094158471	-0.490047712810338	not	1	1787
#000000	0.35553524736315	-0.626751860138029	spam	1	1788
#000000	0.162555157206953	0.491087045986205	spam	1	1789
transparent	-0.338663825299591	0.865937564522028	not	1	1790
transparent	-0.997370686847717	-0.0105762123130262	not	1	1791
transparent	-0.868396071717143	0.289987362455577	not	1	1792
transparent	-0.828096165321767	-0.64839482633397	not	1	1793
#000000	-0.973780566360801	0.205989292357117	spam	1	1794
transparent	-0.32850875146687	0.775515331886709	not	1	1795
#000000	-0.761471366975457	-0.0195811912417412	spam	1	1796
transparent	0.187190890777856	-0.963232854846865	not	1	1797
#000000	-0.925374648533762	-0.641218415461481	spam	1	1798
#000000	-0.980856416281313	-0.40121772326529	spam	1	1799
transparent	-0.676807748153806	-0.446071877609938	not	1	1800
#000000	-0.4689826737158	0.663797976449132	spam	2	1801
#000000	-0.25575220072642	0.533685508649796	spam	2	1802
#000000	0.145706726703793	-0.454439367167652	spam	2	1803
#000000	0.816415579989553	-0.623673402238637	spam	2	1804
transparent	-0.596636137925088	-0.548476330470294	not	2	1805
#000000	0.796779369935393	-0.876059264875948	spam	2	1806
transparent	0.889350537210703	-0.880199518054724	not	2	1807
#000000	0.321595584973693	-0.703688259236515	spam	2	1808
#000000	0.258228087797761	-0.854024228174239	spam	2	1809
transparent	-0.876427459064871	-0.914228216279298	not	2	1810
#000000	-0.588050850201398	0.0449225446209312	spam	2	1811
#000000	-0.646886494942009	0.578462978824973	spam	2	1812
transparent	0.374045693315566	0.38950669625774	not	2	1813
transparent	-0.231792563572526	-0.86684790533036	not	2	1814
#000000	0.539682839997113	-0.964084506966174	spam	2	1815
#000000	-0.00460151582956314	-0.115683153271675	spam	2	1816
#000000	0.435237016528845	-0.684795833658427	spam	2	1817
transparent	0.983812189660966	0.437720231711864	not	2	1818
#000000	-0.239929641131312	0.407883665058762	spam	2	1819
transparent	0.554890442639589	0.770452609751374	not	2	1820
#000000	0.869410462211818	-0.349477969575673	spam	2	1821
#000000	-0.575714957434684	0.941763133276254	spam	2	1822
transparent	0.303347532171756	0.969640532508492	not	2	1823
transparent	-0.748889808077365	-0.921630564611405	not	2	1824
#000000	-0.465558662544936	0.787142576184124	spam	2	1825
#000000	-0.227771814912558	0.644798302557319	spam	2	1826
#000000	-0.973219333682209	0.448489385657012	spam	2	1827
#000000	-0.235224085859954	-0.422159724403173	spam	2	1828
transparent	0.73938169144094	0.00389720918610692	not	2	1829
transparent	-0.319302006624639	-0.143305997364223	not	2	1830
#000000	-0.0358397690579295	0.220032032113522	spam	2	1831
transparent	0.199131650850177	0.85222634812817	not	2	1832
transparent	-0.0129173859022558	-0.519753484521061	not	2	1833
#000000	-0.627564797177911	-0.456236332189292	spam	2	1834
transparent	0.654746637213975	0.470007292926312	not	2	1835
#000000	0.336933476384729	0.503091746009886	spam	2	1836
#000000	0.588479721453041	0.861183841712773	spam	2	1837
transparent	-0.784112748224288	-0.0745394504629076	not	2	1838
transparent	0.447421892080456	0.721382353454828	not	2	1839
transparent	-0.177451140712947	-0.375927160959691	not	2	1840
#000000	0.641892588231713	-0.583921973127872	spam	2	1841
transparent	0.29412038763985	0.841654934454709	not	2	1842
#000000	0.56586552457884	-0.894526231568307	spam	2	1843
#000000	0.106072623282671	-0.177689137868583	spam	2	1844
#000000	0.0594391603954136	-0.0873175696469843	spam	2	1845
#000000	0.578712463378906	-0.168279504869133	spam	2	1846
#000000	-0.953337595332414	0.340706903487444	spam	2	1847
#000000	-0.0455398699268699	0.513808160088956	spam	2	1848
transparent	0.4646274773404	0.823302628938109	not	2	1849
transparent	0.385463112965226	0.63990417169407	not	2	1850
transparent	-0.0447607557289302	-0.81270029488951	not	2	1851
#000000	0.722418953664601	-0.644187837373465	spam	2	1852
#000000	-0.123805785551667	0.284429160412401	spam	2	1853
#000000	-0.510405445937067	0.748565987683833	spam	2	1854
transparent	-0.858641905710101	0.184626700822264	not	2	1855
transparent	-0.801067679654807	-0.475135615561158	not	2	1856
#000000	-0.3674565856345	0.767504528164864	spam	2	1857
#000000	0.0372685263864696	-0.624621307477355	spam	2	1858
#000000	0.324010152835399	-0.0222660354338586	spam	2	1859
transparent	-0.186339625623077	-0.98035902576521	not	2	1860
#000000	0.825751848518848	-0.279131913557649	spam	2	1861
transparent	-0.412793254479766	-0.115676618181169	not	2	1862
#000000	-0.0818685474805534	-0.748541557230055	spam	2	1863
transparent	-0.335210651624948	0.248729095328599	not	2	1864
#000000	0.30174093414098	-0.39513733657077	spam	2	1865
transparent	-0.483966438565403	-0.520725543610752	not	2	1866
#000000	-0.0429095034487546	-0.282740472815931	spam	2	1867
transparent	0.532621341291815	0.785820825025439	not	2	1868
#000000	-0.831506171263754	0.981254530139267	spam	2	1869
transparent	0.750642660073936	0.464842394925654	not	2	1870
#000000	-0.321854124311358	0.985576176550239	spam	2	1871
transparent	0.678880700375885	0.0795787242241204	not	2	1872
transparent	-0.306633021682501	-0.132396476343274	not	2	1873
#000000	-0.332450138404965	0.92934734839946	spam	2	1874
transparent	-0.0472975098527968	-0.703360713552684	not	2	1875
#000000	0.784396671690047	-0.867013888433576	spam	2	1876
transparent	0.728678941261023	-0.951497023925185	not	2	1877
transparent	-0.220020913053304	0.2248464836739	not	2	1878
transparent	0.554641397669911	0.393217496108264	not	2	1879
#000000	0.921235994435847	0.602283774409443	spam	2	1880
transparent	-0.130681030452251	-0.724539432208985	not	2	1881
#000000	0.425029357429594	-0.680430354550481	spam	2	1882
#000000	-0.200011262204498	0.977667185943574	spam	2	1883
transparent	-0.349295696243644	-0.202708608936518	not	2	1884
#000000	0.514174296054989	-0.624176367651671	spam	2	1885
transparent	-0.594615489710122	-0.0445435177534819	not	2	1886
transparent	0.422242444939911	0.0884680454619229	not	2	1887
#000000	-0.756616157945246	-0.343684038612992	spam	2	1888
#000000	-0.509022972080857	0.999861187301576	spam	2	1889
#000000	-0.71339124115184	0.0555636719800532	spam	2	1890
transparent	-0.52074116980657	-0.732530983630568	not	2	1891
transparent	-0.882131245452911	-0.122919864486903	not	2	1892
transparent	0.284576517064124	0.241587879601866	not	2	1893
#000000	0.752538425382227	-0.594175175763667	spam	2	1894
#000000	0.557829354889691	-0.731660454533994	spam	2	1895
transparent	0.594617651775479	0.55366799607873	not	2	1896
#000000	-0.0894510927610099	0.271899697370827	spam	2	1897
transparent	-0.179831835906953	-0.435727406758815	not	2	1898
transparent	0.621740485541523	-0.617481087800115	not	2	1899
#000000	0.209866580553353	-0.468926560133696	spam	2	1900
transparent	0.309447856154293	0.0616175858303905	not	2	1901
#000000	-0.293605456128716	0.369721808005124	spam	2	1902
#000000	-0.459479708224535	-0.233433212619275	spam	2	1903
transparent	0.985368122346699	0.909975996706635	not	2	1904
#000000	0.266986528877169	-0.763286838773638	spam	2	1905
transparent	-0.573583729565144	-0.921799889300019	not	2	1906
transparent	-0.74125530384481	0.00901006581261754	not	2	1907
#000000	-0.0437639313749969	0.156965110450983	spam	2	1908
transparent	0.848148939665407	0.678607815876603	not	2	1909
transparent	0.19752193428576	0.308889950625598	not	2	1910
transparent	0.952341389842331	0.889056679792702	not	2	1911
transparent	0.463585023768246	0.0233152592554688	not	2	1912
transparent	-0.286546175833792	-0.830157881602645	not	2	1913
transparent	-0.137052618898451	0.989541018847376	not	2	1914
transparent	-0.703576878644526	-0.197111760266125	not	2	1915
transparent	-0.973844849038869	0.791292593348771	not	2	1916
transparent	0.431132132187486	0.753716824110597	not	2	1917
transparent	-0.793631528504193	-0.407030404079706	not	2	1918
transparent	-0.107431302778423	-0.734816180542111	not	2	1919
#000000	0.280202090274543	-0.468178184702992	spam	2	1920
#000000	0.983677240088582	-0.988544914405793	spam	2	1921
#000000	-0.00881284428760409	0.639203642960638	spam	2	1922
transparent	-0.0313009512610734	-0.650676642078906	not	2	1923
#000000	-0.653115330263972	0.686161104124039	spam	2	1924
#000000	0.509641889017075	-0.666575666517019	spam	2	1925
#000000	-0.0922090215608478	0.52803887007758	spam	2	1926
transparent	0.0223395675420761	0.0378761747851968	not	2	1927
transparent	-0.584909773431718	-0.454629393294454	not	2	1928
transparent	-0.542683714535087	-0.313593728467822	not	2	1929
transparent	0.191423992626369	0.410150680225343	not	2	1930
#000000	0.149744396563619	0.183070602361113	spam	2	1931
transparent	-0.845871239434928	-0.0612419247627258	not	2	1932
transparent	-0.928918840829283	-0.32724678888917	not	2	1933
transparent	0.285590984392911	0.935674857348204	not	2	1934
transparent	0.857230399269611	0.291683767456561	not	2	1935
#000000	0.196184844709933	-0.607397661544383	spam	2	1936
#000000	0.121801496017724	-0.285639229696244	spam	2	1937
#000000	0.0520554478280246	0.0260361642576754	spam	2	1938
transparent	0.970190447755158	0.765993481036276	not	2	1939
#000000	0.0152836446650326	-0.694664869457483	spam	2	1940
#000000	0.365576157346368	-0.539076805114746	spam	2	1941
#000000	0.203082435298711	-0.674022843129933	spam	2	1942
#000000	-0.522262644488365	0.228693718090653	spam	2	1943
#000000	-0.483668146654964	0.00327288778498769	spam	2	1944
transparent	0.458619246724993	-0.623762223869562	not	2	1945
transparent	-0.0948583371937275	-0.184570294804871	not	2	1946
transparent	-0.649746463168412	0.16477609379217	not	2	1947
#000000	0.493396539241076	-0.382141869980842	spam	2	1948
transparent	-0.790024719201028	-0.0380687196739018	not	2	1949
transparent	0.729089898057282	0.878789584618062	not	2	1950
#000000	0.229289943352342	-0.907918903511018	spam	2	1951
transparent	0.114319077692926	0.0697234594263136	not	2	1952
transparent	-0.342445361893624	-0.114678435493261	not	2	1953
#000000	-0.0937371090985835	0.812730939127505	spam	2	1954
transparent	0.000881945248693228	0.762084763497114	not	2	1955
transparent	-0.638267277739942	-0.673517767339945	not	2	1956
#000000	0.0592612056061626	0.504381531383842	spam	2	1957
transparent	-0.849448508583009	-0.194025595672429	not	2	1958
#000000	-0.444488134700805	0.113905386999249	spam	2	1959
#000000	-0.574600961524993	-0.839661436155438	spam	2	1960
transparent	-0.430419038049877	-0.766862815245986	not	2	1961
transparent	0.790188205894083	0.850385122466832	not	2	1962
transparent	-0.107529353350401	0.757688481360674	not	2	1963
#000000	0.559969779569656	-0.673584746196866	spam	2	1964
transparent	0.761238069739193	0.0631278026849031	not	2	1965
#000000	-0.173751580994576	0.859584336634725	spam	2	1966
transparent	-0.872383038979024	-0.348568012472242	not	2	1967
#000000	-0.329025016631931	-0.678410738240928	spam	2	1968
transparent	0.447451893240213	0.899415835738182	not	2	1969
#000000	-0.324769333004952	-0.0752859027124941	spam	2	1970
#000000	0.260828244965524	-0.558458225335926	spam	2	1971
#000000	0.681229108013213	-0.995961534790695	spam	2	1972
transparent	0.712263329420239	0.238385206554085	not	2	1973
transparent	-0.217281437944621	-0.194988155737519	not	2	1974
#000000	-0.239012228790671	0.800065221264958	spam	2	1975
transparent	0.790890851989389	0.0117639689706266	not	2	1976
#000000	0.288631525821984	0.452974162064493	spam	2	1977
#000000	0.482157297432423	-0.945026770234108	spam	2	1978
#000000	0.210606893058866	-0.241173573769629	spam	2	1979
#000000	0.806163222994655	-0.226510675624013	spam	2	1980
transparent	-0.412539689801633	-0.324358549434692	not	2	1981
transparent	-0.617479780223221	-0.271136297378689	not	2	1982
transparent	0.772901886608452	0.277511939406395	not	2	1983
transparent	0.00667897146195173	-0.934171345084906	not	2	1984
transparent	0.754115086048842	0.39238517684862	not	2	1985
#000000	-0.621612755116075	0.631128349341452	spam	2	1986
transparent	0.516206104774028	0.014845706988126	not	2	1987
#000000	0.448997785337269	-0.774814748205245	spam	2	1988
transparent	0.887449636589736	0.812646602280438	not	2	1989
#000000	0.0952931740321219	-0.17332209367305	spam	2	1990
#000000	0.423487735446543	-0.0524884243495762	spam	2	1991
#000000	-0.222189800348133	0.42742836009711	spam	2	1992
transparent	-0.79825374763459	-0.516257578972727	not	2	1993
#000000	0.854604177176952	-0.400718744844198	spam	2	1994
#000000	-0.433534999378026	0.408957642968744	spam	2	1995
transparent	0.181146317627281	0.543349896091968	not	2	1996
#000000	-0.779278790112585	-0.972319318912923	spam	2	1997
transparent	0.68101406423375	0.102627906948328	not	2	1998
#000000	-0.364072631113231	0.304922380950302	spam	2	1999
transparent	0.565702673979104	0.863321416079998	not	2	2000
#000000	-0.464983585290611	0.380783410277218	spam	2	2001
transparent	-0.562709430232644	-0.492465721908957	not	2	2002
#000000	0.0335936727933586	-0.177923259790987	spam	2	2003
transparent	-0.462098815944046	-0.754217773675919	not	2	2004
transparent	-0.637663345318288	-0.736066888552159	not	2	2005
transparent	0.0371522749774158	0.280236016493291	not	2	2006
#000000	0.125565871596336	-0.307153135538101	spam	2	2007
transparent	-0.741686291061342	-0.154486790765077	not	2	2008
transparent	-0.48726479196921	0.878817760851234	not	2	2009
#000000	0.435870551969856	-0.232221538200974	spam	2	2010
#000000	0.922819872852415	-0.542829737998545	spam	2	2011
transparent	-0.799718306865543	0.3805573717691	not	2	2012
#000000	0.526445379015058	-0.98028416512534	spam	2	2013
transparent	0.895932709332556	0.372261788696051	not	2	2014
transparent	0.637269376777113	0.583349192049354	not	2	2015
#000000	-0.383415338583291	0.0149869774468243	spam	2	2016
#000000	0.299158920999616	-0.383847502060235	spam	2	2017
transparent	0.906710902228951	0.474424554500729	not	2	2018
#000000	0.907465300057083	-0.390569513197988	spam	2	2019
#000000	-0.320041593164206	0.549417403526604	spam	2	2020
transparent	-0.475051779765636	-0.775772724300623	not	2	2021
#000000	-0.669092133641243	0.595487399958074	spam	2	2022
transparent	-0.35566388675943	-0.0179976653307676	not	2	2023
transparent	0.0202504131011665	0.665836349595338	not	2	2024
#000000	0.847936942707747	0.516846309881657	spam	2	2025
transparent	0.0219193967059255	0.804293121676892	not	2	2026
transparent	-0.484757478348911	-0.443119973875582	not	2	2027
transparent	-0.907078226096928	-0.108614300377667	not	2	2028
transparent	-0.16428748331964	-0.455968528520316	not	2	2029
#000000	0.708003004547209	-0.340163348708302	spam	2	2030
#000000	-0.305538644548506	0.727201307658106	spam	2	2031
transparent	-0.737115358933806	-0.780284093227238	not	2	2032
transparent	-0.251026270911098	-0.19548620050773	not	2	2033
#000000	0.262840456794947	-0.187849812675267	spam	2	2034
#000000	-0.21984213264659	-0.127041490282863	spam	2	2035
#000000	0.379255697596818	-0.645999807398766	spam	2	2036
#000000	0.378826824948192	-0.468539599794895	spam	2	2037
transparent	0.109801246318966	0.319100026972592	not	2	2038
#000000	-0.140751184429973	0.632111009676009	spam	2	2039
#000000	-0.0945598743855953	-0.157631310634315	spam	2	2040
transparent	-0.387113482225686	-0.679871391505003	not	2	2041
#000000	0.156707888003439	-0.422779745422304	spam	2	2042
transparent	0.820740608498454	0.604258016683161	not	2	2043
transparent	-0.714791835751385	-0.671508636325598	not	2	2044
transparent	-0.169904749374837	0.57958547025919	not	2	2045
#000000	-0.578148498665541	0.0484299398958683	spam	2	2046
transparent	-0.142499258276075	-0.359929994679987	not	2	2047
#000000	-0.734620049595833	-0.449645824264735	spam	2	2048
#000000	-0.0798071082681418	0.6037960764952	spam	2	2049
#000000	0.885914118494839	-0.791951137594879	spam	2	2050
#000000	0.523947723209858	0.676244533155114	spam	2	2051
transparent	0.865819657687098	-0.84147425275296	not	2	2052
#000000	-0.0586430048570037	0.435128134209663	spam	2	2053
transparent	0.207176135387272	0.729235653299838	not	2	2054
#000000	-0.0300206388346851	0.95711641618982	spam	2	2055
transparent	-0.78238736698404	-0.50174758490175	not	2	2056
transparent	-0.504546334035695	-0.950278619304299	not	2	2057
transparent	-0.00297093857079744	-0.55404353607446	not	2	2058
transparent	-0.254266583826393	-0.755949000827968	not	2	2059
#000000	0.869382740464062	-0.229521150235087	spam	2	2060
#000000	0.0479721557348967	-0.831339051015675	spam	2	2061
transparent	-0.365710656624287	-0.43483620043844	not	2	2062
#000000	-0.444067941047251	0.133164917584509	spam	2	2063
#000000	0.575081015471369	-0.342915395274758	spam	2	2064
transparent	0.404925025068224	0.88694936549291	not	2	2065
transparent	-0.669944722671062	-0.245392972137779	not	2	2066
transparent	-0.871084922458977	0.906631224788725	not	2	2067
#000000	0.509411243256182	-0.453494264744222	spam	2	2068
transparent	0.240820066072047	0.374660312198102	not	2	2069
transparent	-0.660846466664225	-0.726016391068697	not	2	2070
#000000	-0.875571895390749	0.620421543251723	spam	2	2071
#000000	-0.78194146277383	0.525209384039044	spam	2	2072
transparent	-0.236567296553403	-0.115190332289785	not	2	2073
transparent	-0.661378170829266	-0.0866486108861864	not	2	2074
#000000	-0.402694915886968	0.360910177696496	spam	2	2075
#000000	-0.615580929908902	-0.85120418202132	spam	2	2076
#000000	-0.485659957397729	0.293258150108159	spam	2	2077
#000000	-0.637536354362965	0.579828223213553	spam	2	2078
transparent	-0.0453725806437433	-0.553366986569017	not	2	2079
#000000	0.541474085766822	-0.918112019076943	spam	2	2080
transparent	-0.944425755180418	-0.230703273322433	not	2	2081
transparent	0.0546215539798141	-0.31181569211185	not	2	2082
#000000	0.760638137813658	-0.107262615580112	spam	2	2083
transparent	-0.253873256035149	-0.226333661004901	not	2	2084
#000000	-0.904081736691296	0.836635830812156	spam	2	2085
transparent	-0.722743506543338	-0.651964913122356	not	2	2086
transparent	-0.357015759218484	-0.700258875265718	not	2	2087
#000000	-0.690336777362973	0.22639845777303	spam	2	2088
transparent	-0.735543655697256	-0.965513336006552	not	2	2089
transparent	-0.557388144545257	-0.867779031395912	not	2	2090
#000000	-0.54723840765655	0.557678082957864	spam	2	2091
#000000	-0.73716693231836	0.871312254108489	spam	2	2092
transparent	0.963126920629293	-0.585591720882803	not	2	2093
#000000	-0.345972546376288	0.286686313804239	spam	2	2094
#000000	0.0138789941556752	-0.337240849621594	spam	2	2095
transparent	0.362885029520839	0.910843181889504	not	2	2096
#000000	-0.801661793608218	0.63437831401825	spam	2	2097
transparent	-0.762194883543998	0.480552286375314	not	2	2098
transparent	-0.899120680987835	-0.554588046390563	not	2	2099
transparent	0.858507839497179	-0.908550566993654	not	2	2100
transparent	0.347424465697259	-0.266946841496974	not	2	2101
#000000	-0.810284289065749	0.482786050066352	spam	2	2102
#000000	-0.0148077583871782	0.867012499831617	spam	2	2103
#000000	-0.0768963187001646	0.346419899724424	spam	2	2104
#000000	-0.249566938262433	0.40271421475336	spam	2	2105
transparent	0.982198439072818	0.695250815711916	not	2	2106
#000000	-0.647298572584987	0.412313309963793	spam	2	2107
transparent	0.626870417036116	0.717615519184619	not	2	2108
transparent	-0.863106725737453	-0.108711017761379	not	2	2109
transparent	-0.199100506491959	0.353269984014332	not	2	2110
transparent	-0.717711348552257	-0.744350434746593	not	2	2111
#000000	-0.613380275201052	0.472343070432544	spam	2	2112
#000000	0.682703433558345	-0.865509703289717	spam	2	2113
#000000	0.439827976748347	-0.4383998606354	spam	2	2114
transparent	-0.465575833804905	-0.176764632575214	not	2	2115
#000000	-0.00999671034514904	0.886849994305521	spam	2	2116
#000000	-0.83377220435068	0.95468506636098	spam	2	2117
transparent	-0.292231518775225	-0.922266829758883	not	2	2118
transparent	0.938417610712349	0.175455554388464	not	2	2119
#000000	0.249428379349411	-0.939976645633578	spam	2	2120
transparent	0.32923649949953	0.130562416743487	not	2	2121
transparent	-0.375020687002689	-0.803545538336039	not	2	2122
#000000	-0.18862077454105	0.260581577196717	spam	2	2123
transparent	0.992154743056744	0.637003669049591	not	2	2124
#000000	0.710164712741971	-0.299916673917323	spam	2	2125
#000000	0.907096792012453	-0.732032650150359	spam	2	2126
#000000	0.624610184691846	-0.838113243225962	spam	2	2127
#000000	0.564364231657237	-0.299113371409476	spam	2	2128
transparent	-0.464243742171675	0.992543569300324	not	2	2129
#000000	0.524303059093654	0.0659376215189695	spam	2	2130
#000000	0.972623178269714	-0.328205239027739	spam	2	2131
transparent	-0.412788901943713	-0.371530713047832	not	2	2132
transparent	-0.201297786086798	-0.23475587926805	not	2	2133
#000000	0.624263047706336	-0.962907184381038	spam	2	2134
#000000	-0.845696661621332	-0.926921766251326	spam	2	2135
#000000	-0.272606380283833	0.757026588078588	spam	2	2136
transparent	-0.114815065637231	-0.195871952455491	not	2	2137
transparent	-0.686571734957397	-0.0612378516234458	not	2	2138
#000000	0.164410540368408	-0.195326979737729	spam	2	2139
transparent	0.940324357710779	0.404180204961449	not	2	2140
#000000	0.97899966686964	-0.201671069487929	spam	2	2141
transparent	-0.647095927037299	0.00391664542257786	not	2	2142
#000000	0.0842608488164842	-0.926052498631179	spam	2	2143
transparent	-0.231392215937376	-0.404048530384898	not	2	2144
transparent	0.352328101638705	0.925683963578194	not	2	2145
transparent	-0.46141244051978	0.870193809270859	not	2	2146
#000000	-0.0614981153048575	0.922198354732245	spam	2	2147
#000000	-0.656399835366756	0.58519072830677	spam	2	2148
#000000	-0.261621075216681	0.509554385673255	spam	2	2149
#000000	0.450810545124114	-0.868066739756614	spam	2	2150
transparent	-0.0277017913758755	-0.728990441653878	not	2	2151
#000000	-0.872395066544414	-0.752801248803735	spam	2	2152
transparent	0.569092459976673	0.525087721645832	not	2	2153
#000000	-0.163356728386134	0.806931431870908	spam	2	2154
#000000	0.962036169599742	-0.194681819528341	spam	2	2155
transparent	-0.434232088271529	-0.634873984381557	not	2	2156
#000000	0.695764299016446	-0.25086956191808	spam	2	2157
#000000	-0.835521538276225	0.0124173546209931	spam	2	2158
transparent	0.772917501162738	0.827005357947201	not	2	2159
transparent	-0.0561385382898152	-0.846709637902677	not	2	2160
transparent	-0.781798073090613	-0.780508952215314	not	2	2161
#000000	-0.333444030955434	0.508534444961697	spam	2	2162
#000000	0.674833138473332	-0.390802448615432	spam	2	2163
#000000	-0.446300316601992	0.4476193129085	spam	2	2164
#000000	0.174070282839239	-0.535339942201972	spam	2	2165
transparent	0.673464539460838	-0.213082266040146	not	2	2166
#000000	-0.857691952027381	0.0157587938010693	spam	2	2167
transparent	0.405557486694306	0.879833730868995	not	2	2168
#000000	0.397649074438959	-0.884249658789486	spam	2	2169
transparent	-0.0720752379857004	-0.390468590892851	not	2	2170
#000000	-0.126137779094279	-0.518151911906898	spam	2	2171
#000000	0.124353575520217	-0.229593129828572	spam	2	2172
transparent	0.856966452673078	0.525966711342335	not	2	2173
#000000	-0.539067171514034	0.729293997399509	spam	2	2174
transparent	-0.556372491177172	0.358222430106252	not	2	2175
#000000	-0.159568213392049	0.353525410871953	spam	2	2176
transparent	-0.332958388607949	-0.669894961174578	not	2	2177
#000000	0.72961510065943	0.60573485866189	spam	2	2178
#000000	-0.645610928535461	0.423986862879246	spam	2	2179
#000000	-0.0133625427260995	0.857406178023666	spam	2	2180
transparent	-0.140573266427964	-0.985010790172964	not	2	2181
transparent	0.12852768599987	0.192663306836039	not	2	2182
transparent	0.312324631027877	-0.266508638393134	not	2	2183
transparent	0.95710812555626	0.483934310730547	not	2	2184
#000000	-0.535677703097463	0.524174781050533	spam	2	2185
transparent	-0.518376807682216	-0.478554081637412	not	2	2186
transparent	0.593672167975456	-0.490128237288445	not	2	2187
transparent	0.663343430031091	0.357681619934738	not	2	2188
transparent	-0.772984587121755	-0.0290386751294136	not	2	2189
#000000	0.926624032668769	-0.242830939590931	spam	2	2190
#000000	-0.705354200676084	-0.888904034625739	spam	2	2191
#000000	-0.712746114470065	0.798051796853542	spam	2	2192
transparent	0.850459870416671	0.603446627501398	not	2	2193
#000000	0.0140712051652372	-0.037973899859935	spam	2	2194
transparent	-0.690297965891659	-0.935742481611669	not	2	2195
#000000	-0.303395895753056	0.0240136245265603	spam	2	2196
#000000	0.319642051588744	-0.253797455690801	spam	2	2197
transparent	-0.376455251127481	-0.00285663036629558	not	2	2198
transparent	-0.296853181440383	-0.201468526385725	not	2	2199
#000000	-0.704308586195111	-0.958106110803783	spam	2	2200
transparent	0.317755218129605	0.0485780569724739	not	2	2201
transparent	-0.629860070999712	-0.679202300496399	not	2	2202
#000000	0.908756273798645	-0.589771529659629	spam	2	2203
transparent	0.795696984045208	0.950453431345522	not	2	2204
transparent	0.887394108809531	0.932709750253707	not	2	2205
#000000	0.44738150248304	0.520140644628555	spam	2	2206
transparent	-0.259285868145525	-0.847258935682476	not	2	2207
transparent	0.562035080511123	0.0316477520391345	not	2	2208
transparent	-0.977700982708484	0.200610389001668	not	2	2209
#000000	0.880617424380034	-0.125951818190515	spam	2	2210
#000000	0.987498452421278	-0.996715477667749	spam	2	2211
transparent	-0.285188509617001	-0.128896963782609	not	2	2212
transparent	0.495270126964897	0.00192753784358501	not	2	2213
transparent	0.585818047635257	0.339209412224591	not	2	2214
#000000	0.41171801276505	0.389714213553816	spam	2	2215
transparent	-0.0483499225229025	0.565020628739148	not	2	2216
transparent	-0.0106909479945898	-0.721954308915883	not	2	2217
transparent	-0.383895102422684	-0.673508645500988	not	2	2218
transparent	0.390024492517114	0.519085820298642	not	2	2219
#000000	0.645586611237377	-0.112592765130103	spam	2	2220
#000000	-0.13056471850723	0.259337660856545	spam	2	2221
#000000	0.0294653056189418	-0.790974279399961	spam	2	2222
transparent	0.326021935325116	0.671097794547677	not	2	2223
#000000	-0.713666826952249	-0.332101276144385	spam	2	2224
transparent	-0.311025212518871	-0.600961622782052	not	2	2225
#000000	-0.188472835347056	0.389090952929109	spam	2	2226
transparent	-0.829377988353372	-0.668242474552244	not	2	2227
#000000	0.865143856499344	-0.85207219235599	spam	2	2228
#000000	0.676768133416772	-0.923527623061091	spam	2	2229
transparent	0.758866592310369	0.692040433175862	not	2	2230
#000000	0.871424935292453	-0.252903605345637	spam	2	2231
#000000	-0.855078733060509	0.761421394534409	spam	2	2232
transparent	-0.242481118999422	-0.819364455062896	not	2	2233
#000000	0.0757298455573618	-0.00818517757579684	spam	2	2234
#000000	-0.789899722672999	0.508645472116768	spam	2	2235
transparent	0.603375411126763	0.211781626101583	not	2	2236
transparent	0.479283491615206	0.0568255931138992	not	2	2237
#000000	-0.895701973233372	0.82041336549446	spam	2	2238
#000000	-0.0356608536094427	0.97145780781284	spam	2	2239
#000000	0.841035681311041	-0.440514876041561	spam	2	2240
transparent	-0.916943142190576	-0.753016610629857	not	2	2241
transparent	-0.412016401998699	-0.65124191204086	not	2	2242
transparent	0.00170097453519702	0.762670509517193	not	2	2243
#000000	0.219497870188206	-0.750743455719203	spam	2	2244
transparent	-0.471501900814474	-0.402062190696597	not	2	2245
transparent	-0.153802780900151	-0.670530720148236	not	2	2246
#000000	-0.266872767359018	-0.854780911002308	spam	2	2247
#000000	0.88501064479351	-0.523172035813332	spam	2	2248
#000000	-0.752552869729698	0.433333210647106	spam	2	2249
#000000	-0.859934641513974	0.290041983593255	spam	2	2250
#000000	0.928634075913578	-0.84825006686151	spam	2	2251
transparent	-0.114979783538729	-0.654582155868411	not	2	2252
transparent	-0.259455239400268	-0.708659284282476	not	2	2253
transparent	-0.65951283974573	-0.216197631321847	not	2	2254
transparent	-0.891619141213596	-0.536509801167995	not	2	2255
transparent	0.315656138584018	0.122759645804763	not	2	2256
transparent	0.15632383339107	0.167040373198688	not	2	2257
#000000	0.974203527905047	-0.802481323480606	spam	2	2258
#000000	0.207584802992642	-0.68216691724956	spam	2	2259
#000000	-0.870100162457675	0.844130808021873	spam	2	2260
#000000	-0.675781836267561	0.718899438157678	spam	2	2261
transparent	-0.0492041590623558	0.814397506881505	not	2	2262
#000000	-0.996134330518544	-0.769462087191641	spam	2	2263
transparent	-0.117081713862717	-0.928921531885862	not	2	2264
#000000	-0.478140525519848	0.171508775092661	spam	2	2265
#000000	0.876827490981668	-0.371663470286876	spam	2	2266
transparent	0.431666567455977	0.113778548315167	not	2	2267
transparent	-0.673829043284059	-0.291009169071913	not	2	2268
transparent	-0.0476239630952478	-0.713463376741856	not	2	2269
transparent	0.380513445939869	0.134270925540477	not	2	2270
transparent	-0.0782096409238875	-0.331802684348077	not	2	2271
#000000	0.910293476656079	-0.759197618812323	spam	2	2272
transparent	0.425080244895071	-0.488291351590306	not	2	2273
transparent	-0.205704133491963	-0.293229367118329	not	2	2274
#000000	-0.764558775816113	0.662639858666807	spam	2	2275
#000000	-0.519767453894019	0.566447833087295	spam	2	2276
transparent	0.727261133026332	0.880304414778948	not	2	2277
#000000	-0.128047196660191	0.678398063406348	spam	2	2278
transparent	-0.00426389602944255	-0.702029961626977	not	2	2279
transparent	0.383855344261974	0.181352170184255	not	2	2280
transparent	0.520626563578844	0.647925201337785	not	2	2281
#000000	-0.689197554718703	0.263770730700344	spam	2	2282
#000000	0.698914186097682	-0.0601400770246983	spam	2	2283
#000000	0.893635638058186	-0.482518192846328	spam	2	2284
#000000	0.176838380750269	-0.950839298311621	spam	2	2285
transparent	0.00450163055211306	-0.342383744660765	not	2	2286
transparent	-0.620440164580941	-0.550293031148613	not	2	2287
#000000	-0.996326283551753	0.754663678817451	spam	2	2288
#000000	0.755156124476343	0.355308401398361	spam	2	2289
#000000	-0.731777324341238	0.0518666072748601	spam	2	2290
#000000	-0.954517551697791	0.115373327862471	spam	2	2291
transparent	0.878273412119597	-0.505056653171778	not	2	2292
transparent	-0.414102554321289	-0.985406458377838	not	2	2293
#000000	-0.671346851158887	0.897812870331109	spam	2	2294
#000000	-0.201794888358563	0.438300277106464	spam	2	2295
transparent	-0.0808491758070886	-0.441350910812616	not	2	2296
#000000	-0.131938302889466	0.487565712071955	spam	2	2297
transparent	0.0340196527540684	0.741496801842004	not	2	2298
#000000	0.692491505295038	-0.239259749650955	spam	2	2299
#000000	-0.889671427197754	0.438895031809807	spam	2	2300
#000000	0.108354122377932	-0.520786579232663	spam	2	2301
transparent	0.376550475135446	0.295529748313129	not	2	2302
transparent	0.316115107387304	0.951341521460563	not	2	2303
transparent	0.326685450505465	-0.244002384133637	not	2	2304
transparent	-0.055531594902277	-0.071711742784828	not	2	2305
#000000	0.939056332223117	0.624592591542751	spam	2	2306
transparent	-0.195605874527246	-0.0111837736330926	not	2	2307
#000000	0.699104207567871	-0.899381954688579	spam	2	2308
#000000	0.513289814814925	-0.738756518810988	spam	2	2309
#000000	0.0652024387381971	-0.677123367786408	spam	2	2310
#000000	0.748299321625382	-0.821093680337071	spam	2	2311
#000000	-0.0657697687856853	-0.19277182361111	spam	2	2312
transparent	-0.98374308925122	-0.872280264273286	not	2	2313
transparent	0.455534009262919	0.124011844862252	not	2	2314
#000000	0.433178957551718	-0.326951784081757	spam	2	2315
#000000	-0.625147257931531	0.081284562125802	spam	2	2316
transparent	0.292134553659707	0.82646244391799	not	2	2317
#000000	0.0839585596695542	-0.22623848170042	spam	2	2318
transparent	-0.329358480405062	0.92053432809189	not	2	2319
#000000	0.275817446410656	-0.230626817326993	spam	2	2320
transparent	0.658402127679437	0.883203958626837	not	2	2321
transparent	0.417950396891683	0.361271314322948	not	2	2322
#000000	-0.302899298258126	0.805284707341343	spam	2	2323
transparent	-0.743344250135124	-0.492405868601054	not	2	2324
transparent	-0.223843022249639	-0.187805741094053	not	2	2325
#000000	0.856355096679181	-0.971502772998065	spam	2	2326
#000000	0.608781542629004	-0.77910441160202	spam	2	2327
#000000	0.517393614165485	0.00307558383792639	spam	2	2328
#000000	0.914499777834862	-0.256946703884751	spam	2	2329
transparent	0.987827757373452	0.611831108573824	not	2	2330
#000000	0.212881989311427	-0.984154312871397	spam	2	2331
#000000	-0.941245669033378	0.673024118412286	spam	2	2332
#000000	-0.327109284233302	-0.246321641374379	spam	2	2333
transparent	-0.44468382652849	-0.229502933565527	not	2	2334
#000000	-0.765604899730533	0.903061151038855	spam	2	2335
transparent	-0.913563481997699	-0.0486515210941434	not	2	2336
#000000	-0.259380428586155	0.104187588673085	spam	2	2337
#000000	-0.32624338241294	0.869432650040835	spam	2	2338
#000000	-0.652694893069565	0.72687251213938	spam	2	2339
#000000	0.243546559009701	-0.480171031318605	spam	2	2340
#000000	-0.204312745016068	0.375399669166654	spam	2	2341
#000000	0.911351537331939	-0.104185507632792	spam	2	2342
#000000	0.306698886211962	-0.56396744819358	spam	2	2343
#000000	-0.34251256659627	0.37247363012284	spam	2	2344
#000000	-0.605706572998315	0.918764050584286	spam	2	2345
#000000	-0.769315350335091	-0.481191038154066	spam	2	2346
#000000	0.991930957417935	-0.0624800161458552	spam	2	2347
transparent	-0.241446549538523	-0.357320884708315	not	2	2348
#000000	0.123976185452193	-0.670714370906353	spam	2	2349
transparent	0.465436035301536	0.429455450735986	not	2	2350
#000000	0.741611105855554	0.0563315027393401	spam	2	2351
#000000	0.14434051932767	-0.530570639763027	spam	2	2352
transparent	-0.977927858009934	-0.871136676985771	not	2	2353
transparent	0.812630522530526	0.35152699239552	not	2	2354
transparent	0.541307263076305	0.612290723714978	not	2	2355
transparent	-0.234990753233433	-0.769057529512793	not	2	2356
#000000	-0.811908222269267	0.384028842672706	spam	2	2357
transparent	-0.900692832190543	-0.956427542958409	not	2	2358
#000000	0.642324636224657	-0.277246582787484	spam	2	2359
transparent	0.658648608718067	0.464560099877417	not	2	2360
#000000	0.309465751517564	-0.374753916170448	spam	2	2361
transparent	-0.734344373922795	-0.105693893507123	not	2	2362
#000000	-0.316380197647959	0.650878136046231	spam	2	2363
#000000	0.462743157986552	-0.336409069597721	spam	2	2364
#000000	0.814582832157612	-0.711949665565044	spam	2	2365
#000000	0.392393998801708	-0.398158495780081	spam	2	2366
transparent	-0.516841555479914	-0.674796406179667	not	2	2367
transparent	0.288214457221329	0.678943156730384	not	2	2368
#000000	-0.438499572686851	0.328614954371005	spam	2	2369
#000000	0.915273041464388	-0.722265388816595	spam	2	2370
transparent	-0.683208086527884	-0.348236372228712	not	2	2371
#000000	-0.163322016596794	0.662860437761992	spam	2	2372
#000000	-0.495980405248702	0.645078208763152	spam	2	2373
transparent	-0.811219464521855	-0.701200159266591	not	2	2374
#000000	0.655435539316386	-0.157440620940179	spam	2	2375
#000000	0.0506110074929893	-0.109634696971625	spam	2	2376
transparent	0.335495254956186	0.767854751553386	not	2	2377
transparent	-0.183444480411708	-0.170005346648395	not	2	2378
transparent	0.68517980678007	0.379784323740751	not	2	2379
transparent	0.474610935896635	0.433841754216701	not	2	2380
transparent	-0.303551197983325	-0.975241660140455	not	2	2381
transparent	0.89787635486573	-0.924341103062034	not	2	2382
#000000	0.293358379974961	-0.818245171569288	spam	2	2383
transparent	-0.92944446625188	-0.202352065127343	not	2	2384
transparent	0.192896911408752	0.800429151859134	not	2	2385
transparent	-0.169363996945322	-0.110194743145257	not	2	2386
#000000	-0.846205923706293	0.510306184180081	spam	2	2387
transparent	0.0560977584682405	0.422940479125828	not	2	2388
transparent	0.924666617065668	-0.666487299371511	not	2	2389
transparent	0.417480102274567	0.738284778315574	not	2	2390
#000000	0.106951407156885	-0.821630929131061	spam	2	2391
transparent	-0.514086782000959	-0.6739726732485	not	2	2392
transparent	0.556085058022291	0.698707376606762	not	2	2393
transparent	0.303881886880845	0.256260682363063	not	2	2394
#000000	0.660491407848895	-0.583080098032951	spam	2	2395
#000000	0.297101894859225	0.345721653662622	spam	2	2396
#000000	-0.040328411385417	0.928411381784827	spam	2	2397
#000000	-0.00987178878858685	0.76347770402208	spam	2	2398
#000000	-0.240254817064852	0.923529373947531	spam	2	2399
transparent	-0.0990291256457567	-0.070613628719002	not	2	2400
#000000	0.628503500949591	-0.854245285503566	spam	2	2401
transparent	0.857554451562464	0.748617507051677	not	2	2402
transparent	-0.705037909559906	-0.602254387456924	not	2	2403
#000000	0.499643329996616	0.0691795172169805	spam	2	2404
#000000	0.951314699370414	-0.78887561801821	spam	2	2405
#000000	0.949584926944226	-0.232009965460748	spam	2	2406
#000000	-0.298748859670013	0.495411849115044	spam	2	2407
#000000	-0.212101886048913	0.391581995878369	spam	2	2408
#000000	0.901902018114924	-0.80321645596996	spam	2	2409
#000000	-0.786703360732645	0.223063586745411	spam	2	2410
#000000	0.869520233012736	-0.95814949227497	spam	2	2411
#000000	-0.307675800286233	0.299424498341978	spam	2	2412
transparent	0.0661212117411196	0.956756140571088	not	2	2413
transparent	0.0775885987095535	0.685008918400854	not	2	2414
transparent	0.429435899481177	0.685571684036404	not	2	2415
#000000	-0.188418999779969	-0.225095674861223	spam	2	2416
#000000	-0.694423717446625	0.586142204236239	spam	2	2417
transparent	-0.319534477312118	-0.187606881838292	not	2	2418
#000000	0.25330969505012	-0.493302189745009	spam	2	2419
transparent	-0.885254643391818	-0.161392021924257	not	2	2420
#000000	0.703335279598832	-0.00900093419477344	spam	2	2421
#000000	-0.574709308333695	0.716491913888603	spam	2	2422
transparent	0.0789240556769073	0.464529707096517	not	2	2423
#000000	-0.727024827618152	0.94885698100552	spam	2	2424
transparent	-0.350269719026983	-0.799890180584043	not	2	2425
transparent	0.242152587510645	0.665181674063206	not	2	2426
transparent	-0.488035502843559	-0.0988916442729533	not	2	2427
transparent	0.269751597661525	0.700918271671981	not	2	2428
#000000	-0.0286557860672474	0.139503087382764	spam	2	2429
transparent	0.876353833358735	0.923085027839988	not	2	2430
transparent	0.715003074146807	0.909501467831433	not	2	2431
transparent	-0.258232924621552	-0.432440982200205	not	2	2432
#000000	-0.371596340090036	0.479212995618582	spam	2	2433
#000000	0.657068719621748	-0.858514848630875	spam	2	2434
#000000	-0.0963169736787677	0.800239093601704	spam	2	2435
transparent	-0.368243175558746	-0.73315885476768	not	2	2436
#000000	-0.804382924921811	0.11177215538919	spam	2	2437
#000000	-0.870198926888406	0.200816065073013	spam	2	2438
#000000	0.378914732951671	-0.734077922068536	spam	2	2439
#000000	0.336101207882166	0.0186246745288372	spam	2	2440
#000000	0.80909329559654	-0.265900184866041	spam	2	2441
transparent	-0.396613459102809	-0.99339090520516	not	2	2442
#000000	0.865617409348488	-0.904040279332548	spam	2	2443
#000000	-0.596033965237439	0.764096900355071	spam	2	2444
transparent	0.584757511969656	0.647034080233425	not	2	2445
#000000	-0.550738982390612	-0.173938198015094	spam	2	2446
#000000	-0.938486857805401	0.843466436024755	spam	2	2447
#000000	0.724068082403392	-0.0451941331848502	spam	2	2448
#000000	0.370215010363609	-0.0500111528672278	spam	2	2449
transparent	0.884149819146842	0.315672134049237	not	2	2450
#000000	0.351707520894706	-0.673359092324972	spam	2	2451
#000000	0.686240296810865	-0.809611257631332	spam	2	2452
#000000	-0.276211630087346	0.723029584623873	spam	2	2453
#000000	-0.215268229600042	-0.52024166053161	spam	2	2454
transparent	0.135374795179814	0.110808263998479	not	2	2455
transparent	-0.809695732779801	0.698813190218061	not	2	2456
transparent	-0.612431856803596	-0.300704838708043	not	2	2457
transparent	0.176132786087692	0.951477190479636	not	2	2458
transparent	0.503008336294442	0.738811060320586	not	2	2459
transparent	0.734477574471384	0.50824810191989	not	2	2460
#000000	-0.256408525630832	-0.552653159946203	spam	2	2461
transparent	0.597629099152982	0.539632930886	not	2	2462
#000000	-0.883371214848012	0.749427168630064	spam	2	2463
#000000	0.246871418785304	-0.91241378383711	spam	2	2464
#000000	-0.286717186681926	-0.600478585809469	spam	2	2465
transparent	0.17585586477071	0.707484716549516	not	2	2466
transparent	0.827569284010679	0.304508256725967	not	2	2467
#000000	-0.601115634199232	0.738664038479328	spam	2	2468
#000000	-0.261832752265036	0.627273174934089	spam	2	2469
transparent	0.342816655524075	-0.27710472419858	not	2	2470
#000000	0.536289101466537	-0.818208307959139	spam	2	2471
transparent	0.0444965520873666	0.149310580920428	not	2	2472
transparent	0.656150036025792	0.309460827149451	not	2	2473
#000000	0.0541923893615603	0.644409552682191	spam	2	2474
#000000	0.0035096500068903	-0.088848969899118	spam	2	2475
#000000	-0.160053360275924	0.968657796736807	spam	2	2476
#000000	-0.275403433479369	0.500796756241471	spam	2	2477
transparent	-0.753142179455608	-0.73288862593472	not	2	2478
transparent	-0.40367694105953	-0.56965297460556	not	2	2479
#000000	-0.446647020522505	0.696759075392038	spam	2	2480
#000000	0.540450711268932	-0.0693176290951669	spam	2	2481
transparent	0.556362604256719	0.831535580568016	not	2	2482
#000000	-0.712425438687205	0.833115476649255	spam	2	2483
#000000	0.0310523011721671	0.639709167648107	spam	2	2484
transparent	0.194480970967561	0.133802315220237	not	2	2485
#000000	0.0116860480047762	0.230954322498292	spam	2	2486
#000000	-0.227800733875483	0.589600579813123	spam	2	2487
transparent	-0.147803798317909	-0.120606902986765	not	2	2488
transparent	-0.976480530574918	-0.174825493711978	not	2	2489
transparent	0.838663540780544	0.130970570258796	not	2	2490
transparent	-0.841120613738895	-0.696704335976392	not	2	2491
transparent	0.0147485095076263	0.614921690896154	not	2	2492
#000000	0.640343233942986	-0.00871726730838418	spam	2	2493
#000000	0.1967908362858	-0.718981633894146	spam	2	2494
#000000	-0.151692947838455	-0.779421441722661	spam	2	2495
#000000	0.118620541412383	-0.778417873196304	spam	2	2496
transparent	0.578188944142312	-0.99057144112885	not	2	2497
transparent	-0.664569484069943	-0.523191289510578	not	2	2498
transparent	0.940903460141271	0.757645758334547	not	2	2499
transparent	-0.0529938032850623	-0.845562685281038	not	2	2500
transparent	0.859486411791295	-0.722922879736871	not	2	2501
#000000	0.80187854077667	-0.904950850177556	spam	2	2502
#000000	0.501764375716448	-0.932162253186107	spam	2	2503
#000000	0.353137544821948	0.832178036682308	spam	2	2504
transparent	0.296026891563088	0.680400787852705	not	2	2505
#000000	-0.853506260551512	-0.642257167026401	spam	2	2506
transparent	-0.152883163187653	-0.00946410978212953	not	2	2507
#000000	0.061648728325963	-0.386082945857197	spam	2	2508
transparent	0.885409524664283	-0.451246076263487	not	2	2509
transparent	0.42444911878556	-0.743512289132923	not	2	2510
#000000	0.448981150984764	-0.141236173454672	spam	2	2511
#000000	-0.059742764569819	0.391889927443117	spam	2	2512
transparent	-0.759435488376766	-0.329878563061357	not	2	2513
transparent	0.56619534175843	0.402492866851389	not	2	2514
#000000	-0.123685205820948	0.681069829501212	spam	2	2515
#000000	-0.137088040355593	0.765264013316482	spam	2	2516
transparent	-0.945004242006689	0.533178700134158	not	2	2517
transparent	-0.706876314245164	-0.355944744776934	not	2	2518
transparent	-0.154809684026986	-0.915765984449536	not	2	2519
transparent	0.534274348523468	0.7854198445566	not	2	2520
#000000	-0.990467109251767	0.276210290379822	spam	2	2521
transparent	0.207191383000463	0.108986232429743	not	2	2522
transparent	0.811154521070421	0.532659896183759	not	2	2523
#000000	0.413323063869029	-0.806277411058545	spam	2	2524
#000000	-0.474925681483001	0.49603297514841	spam	2	2525
transparent	0.702152438927442	0.750435975380242	not	2	2526
transparent	-0.332788969855756	-0.98466280894354	not	2	2527
#000000	0.156568535137922	0.869833970908076	spam	2	2528
transparent	-0.134453739505261	-0.186068683862686	not	2	2529
#000000	-0.896809353958815	0.577526779379696	spam	2	2530
transparent	0.459606575779617	0.952255249023438	not	2	2531
#000000	0.0963408285751939	-0.333194908220321	spam	2	2532
transparent	0.502443971112371	0.574429641943425	not	2	2533
transparent	-0.898457670584321	-0.821278167888522	not	2	2534
#000000	0.429932424798608	-0.912600195966661	spam	2	2535
#000000	-0.404611086472869	0.0298674763180316	spam	2	2536
transparent	-0.433045580517501	-0.90382134495303	not	2	2537
transparent	0.659754254855216	-0.821607744786888	not	2	2538
transparent	-0.827209249604493	0.376651043072343	not	2	2539
transparent	-0.914685762021691	-0.930322932545096	not	2	2540
transparent	-0.302518382202834	-0.138178151100874	not	2	2541
#000000	0.0846720202825964	0.518588102422655	spam	2	2542
transparent	0.218921727035195	0.663593909237534	not	2	2543
transparent	-0.457255803048611	-0.235074966214597	not	2	2544
#000000	-0.589538136031479	0.231109637767077	spam	2	2545
transparent	-0.236735703423619	-0.310026699211448	not	2	2546
#000000	-0.0548837692476809	0.0645575481466949	spam	2	2547
#000000	0.671035899780691	-0.479981786105782	spam	2	2548
#000000	-0.757057007402182	0.145721244625747	spam	2	2549
transparent	0.35161624988541	0.811693356838077	not	2	2550
#000000	-0.00662956014275551	0.132043757010251	spam	2	2551
#000000	0.80447549559176	-0.887026364449412	spam	2	2552
#000000	0.102527933660895	-0.795772509183735	spam	2	2553
transparent	-0.742870646994561	-0.343316288199276	not	2	2554
#000000	-0.115980428643525	0.981201014481485	spam	2	2555
#000000	-0.615404607262462	0.428730678744614	spam	2	2556
transparent	-0.130198755767196	-0.842051632236689	not	2	2557
#000000	-0.549733194056898	0.228432898875326	spam	2	2558
transparent	0.922192564234138	-0.0135326543822885	not	2	2559
transparent	-0.103145069908351	-0.461804690305144	not	2	2560
#000000	0.554289970546961	-0.413778274320066	spam	2	2561
transparent	-0.683560451027006	-0.0494433995336294	not	2	2562
transparent	0.733617165125907	0.928157092537731	not	2	2563
transparent	-0.587708788458258	-0.15273579582572	not	2	2564
#000000	-0.644100633915514	0.688194191548973	spam	2	2565
#000000	-0.67021770728752	0.907654702663422	spam	2	2566
transparent	0.130537954624742	-0.427052950486541	not	2	2567
#000000	0.454362042248249	0.0816987957805395	spam	2	2568
transparent	0.75183797813952	0.162756635807455	not	2	2569
#000000	0.4168487675488	-0.487426211126149	spam	2	2570
#000000	-0.0450735781341791	0.75616793660447	spam	2	2571
transparent	0.640559987165034	0.764604775235057	not	2	2572
#000000	-0.966775578446686	0.974669369403273	spam	2	2573
#000000	0.992222202476114	-0.796758197713643	spam	2	2574
transparent	0.269789671525359	0.237550004385412	not	2	2575
#000000	-0.14304923824966	0.40946753975004	spam	2	2576
transparent	-0.943214134313166	-0.702823138330132	not	2	2577
transparent	0.506665401160717	0.781621183268726	not	2	2578
transparent	-0.58273204928264	-0.674659399781376	not	2	2579
#000000	0.998910810332745	-0.756267060991377	spam	2	2580
#000000	0.814498386345804	0.955113714560866	spam	2	2581
transparent	0.424930063541979	0.254220530856401	not	2	2582
#000000	0.461865767836571	-0.961601139977574	spam	2	2583
#000000	-0.055024157743901	0.658328289166093	spam	2	2584
transparent	0.72502137394622	0.997754950542003	not	2	2585
#000000	-0.669169755186886	0.736191032454372	spam	2	2586
#000000	0.240855851210654	-0.20617785025388	spam	2	2587
#000000	-0.415337210055441	0.872483565006405	spam	2	2588
transparent	-0.0877165324054658	-0.350454207975417	not	2	2589
#000000	-0.90872158203274	0.944895123131573	spam	2	2590
#000000	-0.644676495809108	0.125196907669306	spam	2	2591
#000000	-0.884135864209384	0.158658075612038	spam	2	2592
#000000	0.888820467051119	0.64938070718199	spam	2	2593
transparent	-0.314513051416725	-0.60311104496941	not	2	2594
transparent	0.0359011413529515	0.237979270052165	not	2	2595
transparent	0.250490670558065	-0.550870770122856	not	2	2596
transparent	-0.525470292661339	-0.949552539736032	not	2	2597
#000000	0.0322478287853301	0.513010249473155	spam	2	2598
#000000	0.613083655480295	0.276313889306039	spam	2	2599
transparent	-0.303470531012863	-0.884262173902243	not	2	2600
transparent	0.717374905943871	0.347595626488328	not	2	2601
#000000	-0.931122477632016	0.383089541457593	spam	2	2602
transparent	0.941994291730225	0.490457919426262	not	2	2603
#000000	0.490220272447914	-0.751876258756965	spam	2	2604
#000000	-0.453489516396076	-0.69765642657876	spam	2	2605
transparent	0.354212203063071	-0.645138749387115	not	2	2606
transparent	-0.304105063900352	-0.982261064462364	not	2	2607
transparent	0.894041043240577	0.267577286344022	not	2	2608
transparent	-0.322752450127155	-0.254498229827732	not	2	2609
transparent	-0.936573592014611	-0.444559901952744	not	2	2610
transparent	-0.29282840481028	-0.654982998501509	not	2	2611
transparent	-0.225752824451774	-0.592577717266977	not	2	2612
transparent	-0.286105679813772	-0.556258236523718	not	2	2613
#000000	0.919937212020159	-0.493136990815401	spam	2	2614
transparent	-0.232523590326309	-0.659804621245712	not	2	2615
transparent	0.0926752421073616	0.843353528063744	not	2	2616
#000000	0.850646951701492	-0.309373083058745	spam	2	2617
transparent	0.833719054237008	-0.829781581647694	not	2	2618
transparent	-0.51453401427716	-0.244364389684051	not	2	2619
#000000	0.43418167764321	0.0866870391182602	spam	2	2620
#000000	-0.302107928320766	0.574021852109581	spam	2	2621
#000000	0.108566701412201	-0.359372944571078	spam	2	2622
#000000	0.485944826155901	0.676077036652714	spam	2	2623
transparent	0.639396637212485	0.996940970420837	not	2	2624
#000000	0.739314530044794	-0.573114015161991	spam	2	2625
#000000	-0.928269731346518	-0.125407017301768	spam	2	2626
transparent	-0.559951193165034	-0.242540007457137	not	2	2627
#000000	-0.266053580678999	0.931153417099267	spam	2	2628
#000000	-0.388607115950435	0.282233004458249	spam	2	2629
transparent	0.455660915002227	0.612270667683333	not	2	2630
transparent	0.399457532446831	0.838124377653003	not	2	2631
#000000	0.820121853612363	-0.88275510398671	spam	2	2632
#000000	0.691205219365656	-0.0447142887860537	spam	2	2633
transparent	0.557089280337095	0.393765576649457	not	2	2634
transparent	-0.198313143569976	-0.910656981170177	not	2	2635
transparent	0.153609317727387	0.513708633836359	not	2	2636
#000000	-0.847281107679009	0.183347449637949	spam	2	2637
transparent	0.745949701406062	0.0202809260226786	not	2	2638
#000000	0.912571471184492	-0.0947964671067894	spam	2	2639
#000000	0.0110621596686542	-0.94903606781736	spam	2	2640
transparent	0.848732727579773	0.923687218688428	not	2	2641
#000000	-0.730972934514284	0.975254879333079	spam	2	2642
#000000	-0.522525993641466	0.268719116225839	spam	2	2643
transparent	-0.020074755884707	-0.148917306214571	not	2	2644
transparent	-0.0518798064440489	-0.466748189646751	not	2	2645
transparent	-0.130011681932956	-0.838861024007201	not	2	2646
#000000	-0.921502079814672	-0.339716873131692	spam	2	2647
transparent	0.288662030361593	0.788100205827504	not	2	2648
#000000	0.431134400423616	-0.386649603024125	spam	2	2649
#000000	-0.296666557434946	-0.19515231763944	spam	2	2650
#000000	0.893113497644663	0.147582795005292	spam	2	2651
transparent	0.4862130144611	0.193976768758148	not	2	2652
#000000	-0.898428159300238	0.140034275129437	spam	2	2653
#000000	0.96072956174612	-0.563857424072921	spam	2	2654
#000000	-0.564355094917119	0.640253488905728	spam	2	2655
transparent	-0.927607995923609	-0.926688438281417	not	2	2656
#000000	-0.478592269122601	0.251165629830211	spam	2	2657
#000000	0.440831571817398	-0.133042123634368	spam	2	2658
transparent	-0.504211637657136	-0.28614772297442	not	2	2659
transparent	-0.530168416909874	0.547335280105472	not	2	2660
transparent	-0.957976314239204	-0.65309590427205	not	2	2661
#000000	-0.470758744515479	-0.0135820535942912	spam	2	2662
transparent	0.383603238966316	0.474377817008644	not	2	2663
transparent	-0.930661217775196	0.0220020455308259	not	2	2664
transparent	-0.874427740927786	-0.0498261679895222	not	2	2665
#000000	-0.204587816260755	0.175799881108105	spam	2	2666
#000000	-0.0199431502260268	0.145074758678675	spam	2	2667
transparent	0.26209749514237	0.309835481457412	not	2	2668
transparent	0.446808624546975	0.730251111555845	not	2	2669
transparent	-0.846468415111303	-0.206307248212397	not	2	2670
#000000	-0.157107838895172	0.920232311356813	spam	2	2671
#000000	0.947453371714801	-0.238245489541441	spam	2	2672
#000000	0.627611566800624	-0.659823440015316	spam	2	2673
transparent	-0.552464554086328	-0.536790242884308	not	2	2674
#000000	-0.0205153883434832	0.89984041871503	spam	2	2675
#000000	-0.977319614030421	-0.832983684726059	spam	2	2676
transparent	-0.482795406132937	-0.613911968190223	not	2	2677
transparent	-0.0908024562522769	-0.850609409622848	not	2	2678
#000000	0.481953376438469	0.210032016038895	spam	2	2679
#000000	0.981320023536682	-0.568314207252115	spam	2	2680
#000000	-0.335590107832104	0.175974521320313	spam	2	2681
transparent	0.889582810923457	-0.542204793542624	not	2	2682
#000000	0.92370683979243	-0.218149641528726	spam	2	2683
#000000	0.798554999288172	-0.304188173264265	spam	2	2684
#000000	-0.0145683297887445	0.836758804973215	spam	2	2685
#000000	0.569870955776423	-0.775921752676368	spam	2	2686
#000000	0.606238094158471	-0.490047712810338	spam	2	2687
#000000	0.35553524736315	-0.626751860138029	spam	2	2688
transparent	0.162555157206953	0.491087045986205	not	2	2689
#000000	-0.338663825299591	0.865937564522028	spam	2	2690
transparent	-0.997370686847717	-0.0105762123130262	not	2	2691
transparent	-0.868396071717143	0.289987362455577	not	2	2692
transparent	-0.828096165321767	-0.64839482633397	not	2	2693
#000000	-0.973780566360801	0.205989292357117	spam	2	2694
#000000	-0.32850875146687	0.775515331886709	spam	2	2695
transparent	-0.761471366975457	-0.0195811912417412	not	2	2696
transparent	0.187190890777856	-0.963232854846865	not	2	2697
transparent	-0.925374648533762	-0.641218415461481	not	2	2698
#000000	-0.980856416281313	-0.40121772326529	spam	2	2699
transparent	-0.676807748153806	-0.446071877609938	not	2	2700
#000000	-0.4689826737158	0.663797976449132	spam	2	2701
#000000	-0.25575220072642	0.533685508649796	spam	2	2702
#000000	0.145706726703793	-0.454439367167652	spam	2	2703
#000000	0.816415579989553	-0.623673402238637	spam	2	2704
transparent	-0.596636137925088	-0.548476330470294	not	2	2705
#000000	0.796779369935393	-0.876059264875948	spam	2	2706
transparent	0.889350537210703	-0.880199518054724	not	2	2707
#000000	0.321595584973693	-0.703688259236515	spam	2	2708
#000000	0.258228087797761	-0.854024228174239	spam	2	2709
transparent	-0.876427459064871	-0.914228216279298	not	2	2710
#000000	-0.588050850201398	0.0449225446209312	spam	2	2711
#000000	-0.646886494942009	0.578462978824973	spam	2	2712
transparent	0.374045693315566	0.38950669625774	not	2	2713
transparent	-0.231792563572526	-0.86684790533036	not	2	2714
#000000	0.539682839997113	-0.964084506966174	spam	2	2715
#000000	-0.00460151582956314	-0.115683153271675	spam	2	2716
#000000	0.435237016528845	-0.684795833658427	spam	2	2717
transparent	0.983812189660966	0.437720231711864	not	2	2718
#000000	-0.239929641131312	0.407883665058762	spam	2	2719
transparent	0.554890442639589	0.770452609751374	not	2	2720
#000000	0.869410462211818	-0.349477969575673	spam	2	2721
#000000	-0.575714957434684	0.941763133276254	spam	2	2722
transparent	0.303347532171756	0.969640532508492	not	2	2723
transparent	-0.748889808077365	-0.921630564611405	not	2	2724
#000000	-0.465558662544936	0.787142576184124	spam	2	2725
#000000	-0.227771814912558	0.644798302557319	spam	2	2726
#000000	-0.973219333682209	0.448489385657012	spam	2	2727
#000000	-0.235224085859954	-0.422159724403173	spam	2	2728
transparent	0.73938169144094	0.00389720918610692	not	2	2729
transparent	-0.319302006624639	-0.143305997364223	not	2	2730
#000000	-0.0358397690579295	0.220032032113522	spam	2	2731
transparent	0.199131650850177	0.85222634812817	not	2	2732
transparent	-0.0129173859022558	-0.519753484521061	not	2	2733
#000000	-0.627564797177911	-0.456236332189292	spam	2	2734
transparent	0.654746637213975	0.470007292926312	not	2	2735
#000000	0.336933476384729	0.503091746009886	spam	2	2736
#000000	0.588479721453041	0.861183841712773	spam	2	2737
transparent	-0.784112748224288	-0.0745394504629076	not	2	2738
transparent	0.447421892080456	0.721382353454828	not	2	2739
transparent	-0.177451140712947	-0.375927160959691	not	2	2740
#000000	0.641892588231713	-0.583921973127872	spam	2	2741
transparent	0.29412038763985	0.841654934454709	not	2	2742
#000000	0.56586552457884	-0.894526231568307	spam	2	2743
#000000	0.106072623282671	-0.177689137868583	spam	2	2744
#000000	0.0594391603954136	-0.0873175696469843	spam	2	2745
#000000	0.578712463378906	-0.168279504869133	spam	2	2746
#000000	-0.953337595332414	0.340706903487444	spam	2	2747
#000000	-0.0455398699268699	0.513808160088956	spam	2	2748
transparent	0.4646274773404	0.823302628938109	not	2	2749
transparent	0.385463112965226	0.63990417169407	not	2	2750
transparent	-0.0447607557289302	-0.81270029488951	not	2	2751
#000000	0.722418953664601	-0.644187837373465	spam	2	2752
#000000	-0.123805785551667	0.284429160412401	spam	2	2753
#000000	-0.510405445937067	0.748565987683833	spam	2	2754
transparent	-0.858641905710101	0.184626700822264	not	2	2755
transparent	-0.801067679654807	-0.475135615561158	not	2	2756
#000000	-0.3674565856345	0.767504528164864	spam	2	2757
#000000	0.0372685263864696	-0.624621307477355	spam	2	2758
#000000	0.324010152835399	-0.0222660354338586	spam	2	2759
transparent	-0.186339625623077	-0.98035902576521	not	2	2760
#000000	0.825751848518848	-0.279131913557649	spam	2	2761
transparent	-0.412793254479766	-0.115676618181169	not	2	2762
#000000	-0.0818685474805534	-0.748541557230055	spam	2	2763
transparent	-0.335210651624948	0.248729095328599	not	2	2764
#000000	0.30174093414098	-0.39513733657077	spam	2	2765
transparent	-0.483966438565403	-0.520725543610752	not	2	2766
#000000	-0.0429095034487546	-0.282740472815931	spam	2	2767
transparent	0.532621341291815	0.785820825025439	not	2	2768
#000000	-0.831506171263754	0.981254530139267	spam	2	2769
transparent	0.750642660073936	0.464842394925654	not	2	2770
#000000	-0.321854124311358	0.985576176550239	spam	2	2771
transparent	0.678880700375885	0.0795787242241204	not	2	2772
transparent	-0.306633021682501	-0.132396476343274	not	2	2773
#000000	-0.332450138404965	0.92934734839946	spam	2	2774
transparent	-0.0472975098527968	-0.703360713552684	not	2	2775
#000000	0.784396671690047	-0.867013888433576	spam	2	2776
transparent	0.728678941261023	-0.951497023925185	not	2	2777
transparent	-0.220020913053304	0.2248464836739	not	2	2778
transparent	0.554641397669911	0.393217496108264	not	2	2779
#000000	0.921235994435847	0.602283774409443	spam	2	2780
transparent	-0.130681030452251	-0.724539432208985	not	2	2781
#000000	0.425029357429594	-0.680430354550481	spam	2	2782
#000000	-0.200011262204498	0.977667185943574	spam	2	2783
transparent	-0.349295696243644	-0.202708608936518	not	2	2784
#000000	0.514174296054989	-0.624176367651671	spam	2	2785
transparent	-0.594615489710122	-0.0445435177534819	not	2	2786
transparent	0.422242444939911	0.0884680454619229	not	2	2787
#000000	-0.756616157945246	-0.343684038612992	spam	2	2788
#000000	-0.509022972080857	0.999861187301576	spam	2	2789
#000000	-0.71339124115184	0.0555636719800532	spam	2	2790
transparent	-0.52074116980657	-0.732530983630568	not	2	2791
transparent	-0.882131245452911	-0.122919864486903	not	2	2792
transparent	0.284576517064124	0.241587879601866	not	2	2793
#000000	0.752538425382227	-0.594175175763667	spam	2	2794
#000000	0.557829354889691	-0.731660454533994	spam	2	2795
transparent	0.594617651775479	0.55366799607873	not	2	2796
#000000	-0.0894510927610099	0.271899697370827	spam	2	2797
transparent	-0.179831835906953	-0.435727406758815	not	2	2798
transparent	0.621740485541523	-0.617481087800115	not	2	2799
#000000	0.209866580553353	-0.468926560133696	spam	2	2800
transparent	0.309447856154293	0.0616175858303905	not	2	2801
#000000	-0.293605456128716	0.369721808005124	spam	2	2802
#000000	-0.459479708224535	-0.233433212619275	spam	2	2803
transparent	0.985368122346699	0.909975996706635	not	2	2804
#000000	0.266986528877169	-0.763286838773638	spam	2	2805
transparent	-0.573583729565144	-0.921799889300019	not	2	2806
transparent	-0.74125530384481	0.00901006581261754	not	2	2807
#000000	-0.0437639313749969	0.156965110450983	spam	2	2808
transparent	0.848148939665407	0.678607815876603	not	2	2809
transparent	0.19752193428576	0.308889950625598	not	2	2810
transparent	0.952341389842331	0.889056679792702	not	2	2811
transparent	0.463585023768246	0.0233152592554688	not	2	2812
transparent	-0.286546175833792	-0.830157881602645	not	2	2813
transparent	-0.137052618898451	0.989541018847376	not	2	2814
transparent	-0.703576878644526	-0.197111760266125	not	2	2815
transparent	-0.973844849038869	0.791292593348771	not	2	2816
transparent	0.431132132187486	0.753716824110597	not	2	2817
transparent	-0.793631528504193	-0.407030404079706	not	2	2818
transparent	-0.107431302778423	-0.734816180542111	not	2	2819
#000000	0.280202090274543	-0.468178184702992	spam	2	2820
#000000	0.983677240088582	-0.988544914405793	spam	2	2821
#000000	-0.00881284428760409	0.639203642960638	spam	2	2822
transparent	-0.0313009512610734	-0.650676642078906	not	2	2823
#000000	-0.653115330263972	0.686161104124039	spam	2	2824
#000000	0.509641889017075	-0.666575666517019	spam	2	2825
#000000	-0.0922090215608478	0.52803887007758	spam	2	2826
transparent	0.0223395675420761	0.0378761747851968	not	2	2827
transparent	-0.584909773431718	-0.454629393294454	not	2	2828
transparent	-0.542683714535087	-0.313593728467822	not	2	2829
transparent	0.191423992626369	0.410150680225343	not	2	2830
#000000	0.149744396563619	0.183070602361113	spam	2	2831
transparent	-0.845871239434928	-0.0612419247627258	not	2	2832
transparent	-0.928918840829283	-0.32724678888917	not	2	2833
transparent	0.285590984392911	0.935674857348204	not	2	2834
transparent	0.857230399269611	0.291683767456561	not	2	2835
#000000	0.196184844709933	-0.607397661544383	spam	2	2836
#000000	0.121801496017724	-0.285639229696244	spam	2	2837
#000000	0.0520554478280246	0.0260361642576754	spam	2	2838
transparent	0.970190447755158	0.765993481036276	not	2	2839
#000000	0.0152836446650326	-0.694664869457483	spam	2	2840
#000000	0.365576157346368	-0.539076805114746	spam	2	2841
#000000	0.203082435298711	-0.674022843129933	spam	2	2842
#000000	-0.522262644488365	0.228693718090653	spam	2	2843
#000000	-0.483668146654964	0.00327288778498769	spam	2	2844
transparent	0.458619246724993	-0.623762223869562	not	2	2845
transparent	-0.0948583371937275	-0.184570294804871	not	2	2846
transparent	-0.649746463168412	0.16477609379217	not	2	2847
#000000	0.493396539241076	-0.382141869980842	spam	2	2848
transparent	-0.790024719201028	-0.0380687196739018	not	2	2849
transparent	0.729089898057282	0.878789584618062	not	2	2850
#000000	0.229289943352342	-0.907918903511018	spam	2	2851
transparent	0.114319077692926	0.0697234594263136	not	2	2852
transparent	-0.342445361893624	-0.114678435493261	not	2	2853
#000000	-0.0937371090985835	0.812730939127505	spam	2	2854
transparent	0.000881945248693228	0.762084763497114	not	2	2855
transparent	-0.638267277739942	-0.673517767339945	not	2	2856
#000000	0.0592612056061626	0.504381531383842	spam	2	2857
transparent	-0.849448508583009	-0.194025595672429	not	2	2858
#000000	-0.444488134700805	0.113905386999249	spam	2	2859
#000000	-0.574600961524993	-0.839661436155438	spam	2	2860
transparent	-0.430419038049877	-0.766862815245986	not	2	2861
transparent	0.790188205894083	0.850385122466832	not	2	2862
transparent	-0.107529353350401	0.757688481360674	not	2	2863
#000000	0.559969779569656	-0.673584746196866	spam	2	2864
transparent	0.761238069739193	0.0631278026849031	not	2	2865
#000000	-0.173751580994576	0.859584336634725	spam	2	2866
transparent	-0.872383038979024	-0.348568012472242	not	2	2867
#000000	-0.329025016631931	-0.678410738240928	spam	2	2868
transparent	0.447451893240213	0.899415835738182	not	2	2869
#000000	-0.324769333004952	-0.0752859027124941	spam	2	2870
#000000	0.260828244965524	-0.558458225335926	spam	2	2871
#000000	0.681229108013213	-0.995961534790695	spam	2	2872
transparent	0.712263329420239	0.238385206554085	not	2	2873
transparent	-0.217281437944621	-0.194988155737519	not	2	2874
#000000	-0.239012228790671	0.800065221264958	spam	2	2875
transparent	0.790890851989389	0.0117639689706266	not	2	2876
#000000	0.288631525821984	0.452974162064493	spam	2	2877
#000000	0.482157297432423	-0.945026770234108	spam	2	2878
#000000	0.210606893058866	-0.241173573769629	spam	2	2879
#000000	0.806163222994655	-0.226510675624013	spam	2	2880
transparent	-0.412539689801633	-0.324358549434692	not	2	2881
transparent	-0.617479780223221	-0.271136297378689	not	2	2882
transparent	0.772901886608452	0.277511939406395	not	2	2883
transparent	0.00667897146195173	-0.934171345084906	not	2	2884
transparent	0.754115086048842	0.39238517684862	not	2	2885
#000000	-0.621612755116075	0.631128349341452	spam	2	2886
transparent	0.516206104774028	0.014845706988126	not	2	2887
#000000	0.448997785337269	-0.774814748205245	spam	2	2888
transparent	0.887449636589736	0.812646602280438	not	2	2889
#000000	0.0952931740321219	-0.17332209367305	spam	2	2890
#000000	0.423487735446543	-0.0524884243495762	spam	2	2891
#000000	-0.222189800348133	0.42742836009711	spam	2	2892
transparent	-0.79825374763459	-0.516257578972727	not	2	2893
#000000	0.854604177176952	-0.400718744844198	spam	2	2894
#000000	-0.433534999378026	0.408957642968744	spam	2	2895
transparent	0.181146317627281	0.543349896091968	not	2	2896
#000000	-0.779278790112585	-0.972319318912923	spam	2	2897
transparent	0.68101406423375	0.102627906948328	not	2	2898
#000000	-0.364072631113231	0.304922380950302	spam	2	2899
transparent	0.565702673979104	0.863321416079998	not	2	2900
#000000	-0.464983585290611	0.380783410277218	spam	2	2901
transparent	-0.562709430232644	-0.492465721908957	not	2	2902
#000000	0.0335936727933586	-0.177923259790987	spam	2	2903
transparent	-0.462098815944046	-0.754217773675919	not	2	2904
transparent	-0.637663345318288	-0.736066888552159	not	2	2905
transparent	0.0371522749774158	0.280236016493291	not	2	2906
#000000	0.125565871596336	-0.307153135538101	spam	2	2907
transparent	-0.741686291061342	-0.154486790765077	not	2	2908
transparent	-0.48726479196921	0.878817760851234	not	2	2909
#000000	0.435870551969856	-0.232221538200974	spam	2	2910
#000000	0.922819872852415	-0.542829737998545	spam	2	2911
transparent	-0.799718306865543	0.3805573717691	not	2	2912
#000000	0.526445379015058	-0.98028416512534	spam	2	2913
transparent	0.895932709332556	0.372261788696051	not	2	2914
transparent	0.637269376777113	0.583349192049354	not	2	2915
#000000	-0.383415338583291	0.0149869774468243	spam	2	2916
#000000	0.299158920999616	-0.383847502060235	spam	2	2917
transparent	0.906710902228951	0.474424554500729	not	2	2918
#000000	0.907465300057083	-0.390569513197988	spam	2	2919
#000000	-0.320041593164206	0.549417403526604	spam	2	2920
transparent	-0.475051779765636	-0.775772724300623	not	2	2921
#000000	-0.669092133641243	0.595487399958074	spam	2	2922
transparent	-0.35566388675943	-0.0179976653307676	not	2	2923
transparent	0.0202504131011665	0.665836349595338	not	2	2924
#000000	0.847936942707747	0.516846309881657	spam	2	2925
transparent	0.0219193967059255	0.804293121676892	not	2	2926
transparent	-0.484757478348911	-0.443119973875582	not	2	2927
transparent	-0.907078226096928	-0.108614300377667	not	2	2928
transparent	-0.16428748331964	-0.455968528520316	not	2	2929
#000000	0.708003004547209	-0.340163348708302	spam	2	2930
#000000	-0.305538644548506	0.727201307658106	spam	2	2931
transparent	-0.737115358933806	-0.780284093227238	not	2	2932
transparent	-0.251026270911098	-0.19548620050773	not	2	2933
#000000	0.262840456794947	-0.187849812675267	spam	2	2934
#000000	-0.21984213264659	-0.127041490282863	spam	2	2935
#000000	0.379255697596818	-0.645999807398766	spam	2	2936
#000000	0.378826824948192	-0.468539599794895	spam	2	2937
transparent	0.109801246318966	0.319100026972592	not	2	2938
#000000	-0.140751184429973	0.632111009676009	spam	2	2939
#000000	-0.0945598743855953	-0.157631310634315	spam	2	2940
transparent	-0.387113482225686	-0.679871391505003	not	2	2941
#000000	0.156707888003439	-0.422779745422304	spam	2	2942
transparent	0.820740608498454	0.604258016683161	not	2	2943
transparent	-0.714791835751385	-0.671508636325598	not	2	2944
transparent	-0.169904749374837	0.57958547025919	not	2	2945
#000000	-0.578148498665541	0.0484299398958683	spam	2	2946
transparent	-0.142499258276075	-0.359929994679987	not	2	2947
#000000	-0.734620049595833	-0.449645824264735	spam	2	2948
#000000	-0.0798071082681418	0.6037960764952	spam	2	2949
#000000	0.885914118494839	-0.791951137594879	spam	2	2950
#000000	0.523947723209858	0.676244533155114	spam	2	2951
transparent	0.865819657687098	-0.84147425275296	not	2	2952
#000000	-0.0586430048570037	0.435128134209663	spam	2	2953
transparent	0.207176135387272	0.729235653299838	not	2	2954
#000000	-0.0300206388346851	0.95711641618982	spam	2	2955
transparent	-0.78238736698404	-0.50174758490175	not	2	2956
transparent	-0.504546334035695	-0.950278619304299	not	2	2957
transparent	-0.00297093857079744	-0.55404353607446	not	2	2958
transparent	-0.254266583826393	-0.755949000827968	not	2	2959
#000000	0.869382740464062	-0.229521150235087	spam	2	2960
#000000	0.0479721557348967	-0.831339051015675	spam	2	2961
transparent	-0.365710656624287	-0.43483620043844	not	2	2962
#000000	-0.444067941047251	0.133164917584509	spam	2	2963
#000000	0.575081015471369	-0.342915395274758	spam	2	2964
transparent	0.404925025068224	0.88694936549291	not	2	2965
transparent	-0.669944722671062	-0.245392972137779	not	2	2966
transparent	-0.871084922458977	0.906631224788725	not	2	2967
#000000	0.509411243256182	-0.453494264744222	spam	2	2968
transparent	0.240820066072047	0.374660312198102	not	2	2969
transparent	-0.660846466664225	-0.726016391068697	not	2	2970
#000000	-0.875571895390749	0.620421543251723	spam	2	2971
#000000	-0.78194146277383	0.525209384039044	spam	2	2972
transparent	-0.236567296553403	-0.115190332289785	not	2	2973
transparent	-0.661378170829266	-0.0866486108861864	not	2	2974
#000000	-0.402694915886968	0.360910177696496	spam	2	2975
#000000	-0.615580929908902	-0.85120418202132	spam	2	2976
#000000	-0.485659957397729	0.293258150108159	spam	2	2977
#000000	-0.637536354362965	0.579828223213553	spam	2	2978
transparent	-0.0453725806437433	-0.553366986569017	not	2	2979
#000000	0.541474085766822	-0.918112019076943	spam	2	2980
transparent	-0.944425755180418	-0.230703273322433	not	2	2981
transparent	0.0546215539798141	-0.31181569211185	not	2	2982
#000000	0.760638137813658	-0.107262615580112	spam	2	2983
transparent	-0.253873256035149	-0.226333661004901	not	2	2984
#000000	-0.904081736691296	0.836635830812156	spam	2	2985
transparent	-0.722743506543338	-0.651964913122356	not	2	2986
transparent	-0.357015759218484	-0.700258875265718	not	2	2987
#000000	-0.690336777362973	0.22639845777303	spam	2	2988
transparent	-0.735543655697256	-0.965513336006552	not	2	2989
transparent	-0.557388144545257	-0.867779031395912	not	2	2990
#000000	-0.54723840765655	0.557678082957864	spam	2	2991
#000000	-0.73716693231836	0.871312254108489	spam	2	2992
transparent	0.963126920629293	-0.585591720882803	not	2	2993
#000000	-0.345972546376288	0.286686313804239	spam	2	2994
#000000	0.0138789941556752	-0.337240849621594	spam	2	2995
transparent	0.362885029520839	0.910843181889504	not	2	2996
#000000	-0.801661793608218	0.63437831401825	spam	2	2997
transparent	-0.762194883543998	0.480552286375314	not	2	2998
transparent	-0.899120680987835	-0.554588046390563	not	2	2999
transparent	0.858507839497179	-0.908550566993654	not	2	3000
transparent	0.347424465697259	-0.266946841496974	not	2	3001
#000000	-0.810284289065749	0.482786050066352	spam	2	3002
#000000	-0.0148077583871782	0.867012499831617	spam	2	3003
#000000	-0.0768963187001646	0.346419899724424	spam	2	3004
#000000	-0.249566938262433	0.40271421475336	spam	2	3005
transparent	0.982198439072818	0.695250815711916	not	2	3006
#000000	-0.647298572584987	0.412313309963793	spam	2	3007
transparent	0.626870417036116	0.717615519184619	not	2	3008
transparent	-0.863106725737453	-0.108711017761379	not	2	3009
transparent	-0.199100506491959	0.353269984014332	not	2	3010
transparent	-0.717711348552257	-0.744350434746593	not	2	3011
#000000	-0.613380275201052	0.472343070432544	spam	2	3012
#000000	0.682703433558345	-0.865509703289717	spam	2	3013
#000000	0.439827976748347	-0.4383998606354	spam	2	3014
transparent	-0.465575833804905	-0.176764632575214	not	2	3015
#000000	-0.00999671034514904	0.886849994305521	spam	2	3016
#000000	-0.83377220435068	0.95468506636098	spam	2	3017
transparent	-0.292231518775225	-0.922266829758883	not	2	3018
transparent	0.938417610712349	0.175455554388464	not	2	3019
#000000	0.249428379349411	-0.939976645633578	spam	2	3020
transparent	0.32923649949953	0.130562416743487	not	2	3021
transparent	-0.375020687002689	-0.803545538336039	not	2	3022
#000000	-0.18862077454105	0.260581577196717	spam	2	3023
transparent	0.992154743056744	0.637003669049591	not	2	3024
#000000	0.710164712741971	-0.299916673917323	spam	2	3025
#000000	0.907096792012453	-0.732032650150359	spam	2	3026
#000000	0.624610184691846	-0.838113243225962	spam	2	3027
#000000	0.564364231657237	-0.299113371409476	spam	2	3028
transparent	-0.464243742171675	0.992543569300324	not	2	3029
#000000	0.524303059093654	0.0659376215189695	spam	2	3030
#000000	0.972623178269714	-0.328205239027739	spam	2	3031
transparent	-0.412788901943713	-0.371530713047832	not	2	3032
transparent	-0.201297786086798	-0.23475587926805	not	2	3033
#000000	0.624263047706336	-0.962907184381038	spam	2	3034
#000000	-0.845696661621332	-0.926921766251326	spam	2	3035
#000000	-0.272606380283833	0.757026588078588	spam	2	3036
transparent	-0.114815065637231	-0.195871952455491	not	2	3037
transparent	-0.686571734957397	-0.0612378516234458	not	2	3038
#000000	0.164410540368408	-0.195326979737729	spam	2	3039
transparent	0.940324357710779	0.404180204961449	not	2	3040
#000000	0.97899966686964	-0.201671069487929	spam	2	3041
transparent	-0.647095927037299	0.00391664542257786	not	2	3042
#000000	0.0842608488164842	-0.926052498631179	spam	2	3043
transparent	-0.231392215937376	-0.404048530384898	not	2	3044
transparent	0.352328101638705	0.925683963578194	not	2	3045
transparent	-0.46141244051978	0.870193809270859	not	2	3046
#000000	-0.0614981153048575	0.922198354732245	spam	2	3047
#000000	-0.656399835366756	0.58519072830677	spam	2	3048
#000000	-0.261621075216681	0.509554385673255	spam	2	3049
#000000	0.450810545124114	-0.868066739756614	spam	2	3050
transparent	-0.0277017913758755	-0.728990441653878	not	2	3051
#000000	-0.872395066544414	-0.752801248803735	spam	2	3052
transparent	0.569092459976673	0.525087721645832	not	2	3053
#000000	-0.163356728386134	0.806931431870908	spam	2	3054
#000000	0.962036169599742	-0.194681819528341	spam	2	3055
transparent	-0.434232088271529	-0.634873984381557	not	2	3056
#000000	0.695764299016446	-0.25086956191808	spam	2	3057
#000000	-0.835521538276225	0.0124173546209931	spam	2	3058
transparent	0.772917501162738	0.827005357947201	not	2	3059
transparent	-0.0561385382898152	-0.846709637902677	not	2	3060
transparent	-0.781798073090613	-0.780508952215314	not	2	3061
#000000	-0.333444030955434	0.508534444961697	spam	2	3062
#000000	0.674833138473332	-0.390802448615432	spam	2	3063
#000000	-0.446300316601992	0.4476193129085	spam	2	3064
#000000	0.174070282839239	-0.535339942201972	spam	2	3065
transparent	0.673464539460838	-0.213082266040146	not	2	3066
#000000	-0.857691952027381	0.0157587938010693	spam	2	3067
transparent	0.405557486694306	0.879833730868995	not	2	3068
#000000	0.397649074438959	-0.884249658789486	spam	2	3069
transparent	-0.0720752379857004	-0.390468590892851	not	2	3070
#000000	-0.126137779094279	-0.518151911906898	spam	2	3071
#000000	0.124353575520217	-0.229593129828572	spam	2	3072
transparent	0.856966452673078	0.525966711342335	not	2	3073
#000000	-0.539067171514034	0.729293997399509	spam	2	3074
transparent	-0.556372491177172	0.358222430106252	not	2	3075
#000000	-0.159568213392049	0.353525410871953	spam	2	3076
transparent	-0.332958388607949	-0.669894961174578	not	2	3077
#000000	0.72961510065943	0.60573485866189	spam	2	3078
#000000	-0.645610928535461	0.423986862879246	spam	2	3079
#000000	-0.0133625427260995	0.857406178023666	spam	2	3080
transparent	-0.140573266427964	-0.985010790172964	not	2	3081
transparent	0.12852768599987	0.192663306836039	not	2	3082
transparent	0.312324631027877	-0.266508638393134	not	2	3083
transparent	0.95710812555626	0.483934310730547	not	2	3084
#000000	-0.535677703097463	0.524174781050533	spam	2	3085
transparent	-0.518376807682216	-0.478554081637412	not	2	3086
transparent	0.593672167975456	-0.490128237288445	not	2	3087
transparent	0.663343430031091	0.357681619934738	not	2	3088
transparent	-0.772984587121755	-0.0290386751294136	not	2	3089
#000000	0.926624032668769	-0.242830939590931	spam	2	3090
#000000	-0.705354200676084	-0.888904034625739	spam	2	3091
#000000	-0.712746114470065	0.798051796853542	spam	2	3092
transparent	0.850459870416671	0.603446627501398	not	2	3093
#000000	0.0140712051652372	-0.037973899859935	spam	2	3094
transparent	-0.690297965891659	-0.935742481611669	not	2	3095
#000000	-0.303395895753056	0.0240136245265603	spam	2	3096
#000000	0.319642051588744	-0.253797455690801	spam	2	3097
transparent	-0.376455251127481	-0.00285663036629558	not	2	3098
transparent	-0.296853181440383	-0.201468526385725	not	2	3099
#000000	-0.704308586195111	-0.958106110803783	spam	2	3100
transparent	0.317755218129605	0.0485780569724739	not	2	3101
transparent	-0.629860070999712	-0.679202300496399	not	2	3102
#000000	0.908756273798645	-0.589771529659629	spam	2	3103
transparent	0.795696984045208	0.950453431345522	not	2	3104
transparent	0.887394108809531	0.932709750253707	not	2	3105
#000000	0.44738150248304	0.520140644628555	spam	2	3106
transparent	-0.259285868145525	-0.847258935682476	not	2	3107
transparent	0.562035080511123	0.0316477520391345	not	2	3108
transparent	-0.977700982708484	0.200610389001668	not	2	3109
#000000	0.880617424380034	-0.125951818190515	spam	2	3110
#000000	0.987498452421278	-0.996715477667749	spam	2	3111
transparent	-0.285188509617001	-0.128896963782609	not	2	3112
transparent	0.495270126964897	0.00192753784358501	not	2	3113
transparent	0.585818047635257	0.339209412224591	not	2	3114
#000000	0.41171801276505	0.389714213553816	spam	2	3115
transparent	-0.0483499225229025	0.565020628739148	not	2	3116
transparent	-0.0106909479945898	-0.721954308915883	not	2	3117
transparent	-0.383895102422684	-0.673508645500988	not	2	3118
transparent	0.390024492517114	0.519085820298642	not	2	3119
#000000	0.645586611237377	-0.112592765130103	spam	2	3120
#000000	-0.13056471850723	0.259337660856545	spam	2	3121
#000000	0.0294653056189418	-0.790974279399961	spam	2	3122
transparent	0.326021935325116	0.671097794547677	not	2	3123
#000000	-0.713666826952249	-0.332101276144385	spam	2	3124
transparent	-0.311025212518871	-0.600961622782052	not	2	3125
#000000	-0.188472835347056	0.389090952929109	spam	2	3126
transparent	-0.829377988353372	-0.668242474552244	not	2	3127
#000000	0.865143856499344	-0.85207219235599	spam	2	3128
#000000	0.676768133416772	-0.923527623061091	spam	2	3129
transparent	0.758866592310369	0.692040433175862	not	2	3130
#000000	0.871424935292453	-0.252903605345637	spam	2	3131
#000000	-0.855078733060509	0.761421394534409	spam	2	3132
transparent	-0.242481118999422	-0.819364455062896	not	2	3133
#000000	0.0757298455573618	-0.00818517757579684	spam	2	3134
#000000	-0.789899722672999	0.508645472116768	spam	2	3135
transparent	0.603375411126763	0.211781626101583	not	2	3136
transparent	0.479283491615206	0.0568255931138992	not	2	3137
#000000	-0.895701973233372	0.82041336549446	spam	2	3138
#000000	-0.0356608536094427	0.97145780781284	spam	2	3139
#000000	0.841035681311041	-0.440514876041561	spam	2	3140
transparent	-0.916943142190576	-0.753016610629857	not	2	3141
transparent	-0.412016401998699	-0.65124191204086	not	2	3142
transparent	0.00170097453519702	0.762670509517193	not	2	3143
#000000	0.219497870188206	-0.750743455719203	spam	2	3144
transparent	-0.471501900814474	-0.402062190696597	not	2	3145
transparent	-0.153802780900151	-0.670530720148236	not	2	3146
#000000	-0.266872767359018	-0.854780911002308	spam	2	3147
#000000	0.88501064479351	-0.523172035813332	spam	2	3148
#000000	-0.752552869729698	0.433333210647106	spam	2	3149
#000000	-0.859934641513974	0.290041983593255	spam	2	3150
#000000	0.928634075913578	-0.84825006686151	spam	2	3151
transparent	-0.114979783538729	-0.654582155868411	not	2	3152
transparent	-0.259455239400268	-0.708659284282476	not	2	3153
transparent	-0.65951283974573	-0.216197631321847	not	2	3154
transparent	-0.891619141213596	-0.536509801167995	not	2	3155
transparent	0.315656138584018	0.122759645804763	not	2	3156
transparent	0.15632383339107	0.167040373198688	not	2	3157
#000000	0.974203527905047	-0.802481323480606	spam	2	3158
#000000	0.207584802992642	-0.68216691724956	spam	2	3159
#000000	-0.870100162457675	0.844130808021873	spam	2	3160
#000000	-0.675781836267561	0.718899438157678	spam	2	3161
transparent	-0.0492041590623558	0.814397506881505	not	2	3162
#000000	-0.996134330518544	-0.769462087191641	spam	2	3163
transparent	-0.117081713862717	-0.928921531885862	not	2	3164
#000000	-0.478140525519848	0.171508775092661	spam	2	3165
#000000	0.876827490981668	-0.371663470286876	spam	2	3166
transparent	0.431666567455977	0.113778548315167	not	2	3167
transparent	-0.673829043284059	-0.291009169071913	not	2	3168
transparent	-0.0476239630952478	-0.713463376741856	not	2	3169
transparent	0.380513445939869	0.134270925540477	not	2	3170
transparent	-0.0782096409238875	-0.331802684348077	not	2	3171
#000000	0.910293476656079	-0.759197618812323	spam	2	3172
transparent	0.425080244895071	-0.488291351590306	not	2	3173
transparent	-0.205704133491963	-0.293229367118329	not	2	3174
#000000	-0.764558775816113	0.662639858666807	spam	2	3175
#000000	-0.519767453894019	0.566447833087295	spam	2	3176
transparent	0.727261133026332	0.880304414778948	not	2	3177
#000000	-0.128047196660191	0.678398063406348	spam	2	3178
transparent	-0.00426389602944255	-0.702029961626977	not	2	3179
transparent	0.383855344261974	0.181352170184255	not	2	3180
transparent	0.520626563578844	0.647925201337785	not	2	3181
#000000	-0.689197554718703	0.263770730700344	spam	2	3182
#000000	0.698914186097682	-0.0601400770246983	spam	2	3183
#000000	0.893635638058186	-0.482518192846328	spam	2	3184
#000000	0.176838380750269	-0.950839298311621	spam	2	3185
transparent	0.00450163055211306	-0.342383744660765	not	2	3186
transparent	-0.620440164580941	-0.550293031148613	not	2	3187
#000000	-0.996326283551753	0.754663678817451	spam	2	3188
#000000	0.755156124476343	0.355308401398361	spam	2	3189
#000000	-0.731777324341238	0.0518666072748601	spam	2	3190
#000000	-0.954517551697791	0.115373327862471	spam	2	3191
transparent	0.878273412119597	-0.505056653171778	not	2	3192
transparent	-0.414102554321289	-0.985406458377838	not	2	3193
#000000	-0.671346851158887	0.897812870331109	spam	2	3194
#000000	-0.201794888358563	0.438300277106464	spam	2	3195
transparent	-0.0808491758070886	-0.441350910812616	not	2	3196
#000000	-0.131938302889466	0.487565712071955	spam	2	3197
transparent	0.0340196527540684	0.741496801842004	not	2	3198
#000000	0.692491505295038	-0.239259749650955	spam	2	3199
#000000	-0.889671427197754	0.438895031809807	spam	2	3200
#000000	0.108354122377932	-0.520786579232663	spam	2	3201
transparent	0.376550475135446	0.295529748313129	not	2	3202
transparent	0.316115107387304	0.951341521460563	not	2	3203
transparent	0.326685450505465	-0.244002384133637	not	2	3204
transparent	-0.055531594902277	-0.071711742784828	not	2	3205
#000000	0.939056332223117	0.624592591542751	spam	2	3206
transparent	-0.195605874527246	-0.0111837736330926	not	2	3207
#000000	0.699104207567871	-0.899381954688579	spam	2	3208
#000000	0.513289814814925	-0.738756518810988	spam	2	3209
#000000	0.0652024387381971	-0.677123367786408	spam	2	3210
#000000	0.748299321625382	-0.821093680337071	spam	2	3211
#000000	-0.0657697687856853	-0.19277182361111	spam	2	3212
transparent	-0.98374308925122	-0.872280264273286	not	2	3213
transparent	0.455534009262919	0.124011844862252	not	2	3214
#000000	0.433178957551718	-0.326951784081757	spam	2	3215
#000000	-0.625147257931531	0.081284562125802	spam	2	3216
transparent	0.292134553659707	0.82646244391799	not	2	3217
#000000	0.0839585596695542	-0.22623848170042	spam	2	3218
transparent	-0.329358480405062	0.92053432809189	not	2	3219
#000000	0.275817446410656	-0.230626817326993	spam	2	3220
transparent	0.658402127679437	0.883203958626837	not	2	3221
transparent	0.417950396891683	0.361271314322948	not	2	3222
#000000	-0.302899298258126	0.805284707341343	spam	2	3223
transparent	-0.743344250135124	-0.492405868601054	not	2	3224
transparent	-0.223843022249639	-0.187805741094053	not	2	3225
#000000	0.856355096679181	-0.971502772998065	spam	2	3226
#000000	0.608781542629004	-0.77910441160202	spam	2	3227
#000000	0.517393614165485	0.00307558383792639	spam	2	3228
#000000	0.914499777834862	-0.256946703884751	spam	2	3229
transparent	0.987827757373452	0.611831108573824	not	2	3230
#000000	0.212881989311427	-0.984154312871397	spam	2	3231
#000000	-0.941245669033378	0.673024118412286	spam	2	3232
#000000	-0.327109284233302	-0.246321641374379	spam	2	3233
transparent	-0.44468382652849	-0.229502933565527	not	2	3234
#000000	-0.765604899730533	0.903061151038855	spam	2	3235
transparent	-0.913563481997699	-0.0486515210941434	not	2	3236
#000000	-0.259380428586155	0.104187588673085	spam	2	3237
#000000	-0.32624338241294	0.869432650040835	spam	2	3238
#000000	-0.652694893069565	0.72687251213938	spam	2	3239
#000000	0.243546559009701	-0.480171031318605	spam	2	3240
#000000	-0.204312745016068	0.375399669166654	spam	2	3241
#000000	0.911351537331939	-0.104185507632792	spam	2	3242
#000000	0.306698886211962	-0.56396744819358	spam	2	3243
#000000	-0.34251256659627	0.37247363012284	spam	2	3244
#000000	-0.605706572998315	0.918764050584286	spam	2	3245
#000000	-0.769315350335091	-0.481191038154066	spam	2	3246
#000000	0.991930957417935	-0.0624800161458552	spam	2	3247
transparent	-0.241446549538523	-0.357320884708315	not	2	3248
#000000	0.123976185452193	-0.670714370906353	spam	2	3249
transparent	0.465436035301536	0.429455450735986	not	2	3250
#000000	0.741611105855554	0.0563315027393401	spam	2	3251
#000000	0.14434051932767	-0.530570639763027	spam	2	3252
transparent	-0.977927858009934	-0.871136676985771	not	2	3253
transparent	0.812630522530526	0.35152699239552	not	2	3254
transparent	0.541307263076305	0.612290723714978	not	2	3255
transparent	-0.234990753233433	-0.769057529512793	not	2	3256
#000000	-0.811908222269267	0.384028842672706	spam	2	3257
transparent	-0.900692832190543	-0.956427542958409	not	2	3258
#000000	0.642324636224657	-0.277246582787484	spam	2	3259
transparent	0.658648608718067	0.464560099877417	not	2	3260
#000000	0.309465751517564	-0.374753916170448	spam	2	3261
transparent	-0.734344373922795	-0.105693893507123	not	2	3262
#000000	-0.316380197647959	0.650878136046231	spam	2	3263
#000000	0.462743157986552	-0.336409069597721	spam	2	3264
#000000	0.814582832157612	-0.711949665565044	spam	2	3265
#000000	0.392393998801708	-0.398158495780081	spam	2	3266
transparent	-0.516841555479914	-0.674796406179667	not	2	3267
transparent	0.288214457221329	0.678943156730384	not	2	3268
#000000	-0.438499572686851	0.328614954371005	spam	2	3269
#000000	0.915273041464388	-0.722265388816595	spam	2	3270
transparent	-0.683208086527884	-0.348236372228712	not	2	3271
#000000	-0.163322016596794	0.662860437761992	spam	2	3272
#000000	-0.495980405248702	0.645078208763152	spam	2	3273
transparent	-0.811219464521855	-0.701200159266591	not	2	3274
#000000	0.655435539316386	-0.157440620940179	spam	2	3275
#000000	0.0506110074929893	-0.109634696971625	spam	2	3276
transparent	0.335495254956186	0.767854751553386	not	2	3277
transparent	-0.183444480411708	-0.170005346648395	not	2	3278
transparent	0.68517980678007	0.379784323740751	not	2	3279
transparent	0.474610935896635	0.433841754216701	not	2	3280
transparent	-0.303551197983325	-0.975241660140455	not	2	3281
transparent	0.89787635486573	-0.924341103062034	not	2	3282
#000000	0.293358379974961	-0.818245171569288	spam	2	3283
transparent	-0.92944446625188	-0.202352065127343	not	2	3284
transparent	0.192896911408752	0.800429151859134	not	2	3285
transparent	-0.169363996945322	-0.110194743145257	not	2	3286
#000000	-0.846205923706293	0.510306184180081	spam	2	3287
transparent	0.0560977584682405	0.422940479125828	not	2	3288
transparent	0.924666617065668	-0.666487299371511	not	2	3289
transparent	0.417480102274567	0.738284778315574	not	2	3290
#000000	0.106951407156885	-0.821630929131061	spam	2	3291
transparent	-0.514086782000959	-0.6739726732485	not	2	3292
transparent	0.556085058022291	0.698707376606762	not	2	3293
transparent	0.303881886880845	0.256260682363063	not	2	3294
#000000	0.660491407848895	-0.583080098032951	spam	2	3295
#000000	0.297101894859225	0.345721653662622	spam	2	3296
#000000	-0.040328411385417	0.928411381784827	spam	2	3297
#000000	-0.00987178878858685	0.76347770402208	spam	2	3298
#000000	-0.240254817064852	0.923529373947531	spam	2	3299
transparent	-0.0990291256457567	-0.070613628719002	not	2	3300
#000000	0.628503500949591	-0.854245285503566	spam	2	3301
transparent	0.857554451562464	0.748617507051677	not	2	3302
transparent	-0.705037909559906	-0.602254387456924	not	2	3303
#000000	0.499643329996616	0.0691795172169805	spam	2	3304
#000000	0.951314699370414	-0.78887561801821	spam	2	3305
#000000	0.949584926944226	-0.232009965460748	spam	2	3306
#000000	-0.298748859670013	0.495411849115044	spam	2	3307
#000000	-0.212101886048913	0.391581995878369	spam	2	3308
#000000	0.901902018114924	-0.80321645596996	spam	2	3309
#000000	-0.786703360732645	0.223063586745411	spam	2	3310
#000000	0.869520233012736	-0.95814949227497	spam	2	3311
#000000	-0.307675800286233	0.299424498341978	spam	2	3312
transparent	0.0661212117411196	0.956756140571088	not	2	3313
transparent	0.0775885987095535	0.685008918400854	not	2	3314
transparent	0.429435899481177	0.685571684036404	not	2	3315
#000000	-0.188418999779969	-0.225095674861223	spam	2	3316
#000000	-0.694423717446625	0.586142204236239	spam	2	3317
transparent	-0.319534477312118	-0.187606881838292	not	2	3318
#000000	0.25330969505012	-0.493302189745009	spam	2	3319
transparent	-0.885254643391818	-0.161392021924257	not	2	3320
#000000	0.703335279598832	-0.00900093419477344	spam	2	3321
#000000	-0.574709308333695	0.716491913888603	spam	2	3322
transparent	0.0789240556769073	0.464529707096517	not	2	3323
#000000	-0.727024827618152	0.94885698100552	spam	2	3324
transparent	-0.350269719026983	-0.799890180584043	not	2	3325
transparent	0.242152587510645	0.665181674063206	not	2	3326
transparent	-0.488035502843559	-0.0988916442729533	not	2	3327
transparent	0.269751597661525	0.700918271671981	not	2	3328
#000000	-0.0286557860672474	0.139503087382764	spam	2	3329
transparent	0.876353833358735	0.923085027839988	not	2	3330
transparent	0.715003074146807	0.909501467831433	not	2	3331
transparent	-0.258232924621552	-0.432440982200205	not	2	3332
#000000	-0.371596340090036	0.479212995618582	spam	2	3333
#000000	0.657068719621748	-0.858514848630875	spam	2	3334
#000000	-0.0963169736787677	0.800239093601704	spam	2	3335
transparent	-0.368243175558746	-0.73315885476768	not	2	3336
#000000	-0.804382924921811	0.11177215538919	spam	2	3337
#000000	-0.870198926888406	0.200816065073013	spam	2	3338
#000000	0.378914732951671	-0.734077922068536	spam	2	3339
#000000	0.336101207882166	0.0186246745288372	spam	2	3340
#000000	0.80909329559654	-0.265900184866041	spam	2	3341
transparent	-0.396613459102809	-0.99339090520516	not	2	3342
#000000	0.865617409348488	-0.904040279332548	spam	2	3343
#000000	-0.596033965237439	0.764096900355071	spam	2	3344
transparent	0.584757511969656	0.647034080233425	not	2	3345
#000000	-0.550738982390612	-0.173938198015094	spam	2	3346
#000000	-0.938486857805401	0.843466436024755	spam	2	3347
#000000	0.724068082403392	-0.0451941331848502	spam	2	3348
#000000	0.370215010363609	-0.0500111528672278	spam	2	3349
transparent	0.884149819146842	0.315672134049237	not	2	3350
#000000	0.351707520894706	-0.673359092324972	spam	2	3351
#000000	0.686240296810865	-0.809611257631332	spam	2	3352
#000000	-0.276211630087346	0.723029584623873	spam	2	3353
#000000	-0.215268229600042	-0.52024166053161	spam	2	3354
transparent	0.135374795179814	0.110808263998479	not	2	3355
transparent	-0.809695732779801	0.698813190218061	not	2	3356
transparent	-0.612431856803596	-0.300704838708043	not	2	3357
transparent	0.176132786087692	0.951477190479636	not	2	3358
transparent	0.503008336294442	0.738811060320586	not	2	3359
transparent	0.734477574471384	0.50824810191989	not	2	3360
#000000	-0.256408525630832	-0.552653159946203	spam	2	3361
transparent	0.597629099152982	0.539632930886	not	2	3362
#000000	-0.883371214848012	0.749427168630064	spam	2	3363
#000000	0.246871418785304	-0.91241378383711	spam	2	3364
#000000	-0.286717186681926	-0.600478585809469	spam	2	3365
transparent	0.17585586477071	0.707484716549516	not	2	3366
transparent	0.827569284010679	0.304508256725967	not	2	3367
#000000	-0.601115634199232	0.738664038479328	spam	2	3368
#000000	-0.261832752265036	0.627273174934089	spam	2	3369
transparent	0.342816655524075	-0.27710472419858	not	2	3370
#000000	0.536289101466537	-0.818208307959139	spam	2	3371
transparent	0.0444965520873666	0.149310580920428	not	2	3372
transparent	0.656150036025792	0.309460827149451	not	2	3373
#000000	0.0541923893615603	0.644409552682191	spam	2	3374
#000000	0.0035096500068903	-0.088848969899118	spam	2	3375
#000000	-0.160053360275924	0.968657796736807	spam	2	3376
#000000	-0.275403433479369	0.500796756241471	spam	2	3377
transparent	-0.753142179455608	-0.73288862593472	not	2	3378
transparent	-0.40367694105953	-0.56965297460556	not	2	3379
#000000	-0.446647020522505	0.696759075392038	spam	2	3380
#000000	0.540450711268932	-0.0693176290951669	spam	2	3381
transparent	0.556362604256719	0.831535580568016	not	2	3382
#000000	-0.712425438687205	0.833115476649255	spam	2	3383
#000000	0.0310523011721671	0.639709167648107	spam	2	3384
transparent	0.194480970967561	0.133802315220237	not	2	3385
#000000	0.0116860480047762	0.230954322498292	spam	2	3386
#000000	-0.227800733875483	0.589600579813123	spam	2	3387
transparent	-0.147803798317909	-0.120606902986765	not	2	3388
transparent	-0.976480530574918	-0.174825493711978	not	2	3389
transparent	0.838663540780544	0.130970570258796	not	2	3390
transparent	-0.841120613738895	-0.696704335976392	not	2	3391
transparent	0.0147485095076263	0.614921690896154	not	2	3392
#000000	0.640343233942986	-0.00871726730838418	spam	2	3393
#000000	0.1967908362858	-0.718981633894146	spam	2	3394
#000000	-0.151692947838455	-0.779421441722661	spam	2	3395
#000000	0.118620541412383	-0.778417873196304	spam	2	3396
transparent	0.578188944142312	-0.99057144112885	not	2	3397
transparent	-0.664569484069943	-0.523191289510578	not	2	3398
transparent	0.940903460141271	0.757645758334547	not	2	3399
transparent	-0.0529938032850623	-0.845562685281038	not	2	3400
transparent	0.859486411791295	-0.722922879736871	not	2	3401
#000000	0.80187854077667	-0.904950850177556	spam	2	3402
#000000	0.501764375716448	-0.932162253186107	spam	2	3403
#000000	0.353137544821948	0.832178036682308	spam	2	3404
transparent	0.296026891563088	0.680400787852705	not	2	3405
#000000	-0.853506260551512	-0.642257167026401	spam	2	3406
transparent	-0.152883163187653	-0.00946410978212953	not	2	3407
#000000	0.061648728325963	-0.386082945857197	spam	2	3408
transparent	0.885409524664283	-0.451246076263487	not	2	3409
transparent	0.42444911878556	-0.743512289132923	not	2	3410
#000000	0.448981150984764	-0.141236173454672	spam	2	3411
#000000	-0.059742764569819	0.391889927443117	spam	2	3412
transparent	-0.759435488376766	-0.329878563061357	not	2	3413
transparent	0.56619534175843	0.402492866851389	not	2	3414
#000000	-0.123685205820948	0.681069829501212	spam	2	3415
#000000	-0.137088040355593	0.765264013316482	spam	2	3416
transparent	-0.945004242006689	0.533178700134158	not	2	3417
transparent	-0.706876314245164	-0.355944744776934	not	2	3418
transparent	-0.154809684026986	-0.915765984449536	not	2	3419
transparent	0.534274348523468	0.7854198445566	not	2	3420
#000000	-0.990467109251767	0.276210290379822	spam	2	3421
transparent	0.207191383000463	0.108986232429743	not	2	3422
transparent	0.811154521070421	0.532659896183759	not	2	3423
#000000	0.413323063869029	-0.806277411058545	spam	2	3424
#000000	-0.474925681483001	0.49603297514841	spam	2	3425
transparent	0.702152438927442	0.750435975380242	not	2	3426
transparent	-0.332788969855756	-0.98466280894354	not	2	3427
#000000	0.156568535137922	0.869833970908076	spam	2	3428
transparent	-0.134453739505261	-0.186068683862686	not	2	3429
#000000	-0.896809353958815	0.577526779379696	spam	2	3430
transparent	0.459606575779617	0.952255249023438	not	2	3431
#000000	0.0963408285751939	-0.333194908220321	spam	2	3432
transparent	0.502443971112371	0.574429641943425	not	2	3433
transparent	-0.898457670584321	-0.821278167888522	not	2	3434
#000000	0.429932424798608	-0.912600195966661	spam	2	3435
#000000	-0.404611086472869	0.0298674763180316	spam	2	3436
transparent	-0.433045580517501	-0.90382134495303	not	2	3437
transparent	0.659754254855216	-0.821607744786888	not	2	3438
transparent	-0.827209249604493	0.376651043072343	not	2	3439
transparent	-0.914685762021691	-0.930322932545096	not	2	3440
transparent	-0.302518382202834	-0.138178151100874	not	2	3441
#000000	0.0846720202825964	0.518588102422655	spam	2	3442
transparent	0.218921727035195	0.663593909237534	not	2	3443
transparent	-0.457255803048611	-0.235074966214597	not	2	3444
#000000	-0.589538136031479	0.231109637767077	spam	2	3445
transparent	-0.236735703423619	-0.310026699211448	not	2	3446
#000000	-0.0548837692476809	0.0645575481466949	spam	2	3447
#000000	0.671035899780691	-0.479981786105782	spam	2	3448
#000000	-0.757057007402182	0.145721244625747	spam	2	3449
transparent	0.35161624988541	0.811693356838077	not	2	3450
#000000	-0.00662956014275551	0.132043757010251	spam	2	3451
#000000	0.80447549559176	-0.887026364449412	spam	2	3452
#000000	0.102527933660895	-0.795772509183735	spam	2	3453
transparent	-0.742870646994561	-0.343316288199276	not	2	3454
#000000	-0.115980428643525	0.981201014481485	spam	2	3455
#000000	-0.615404607262462	0.428730678744614	spam	2	3456
transparent	-0.130198755767196	-0.842051632236689	not	2	3457
#000000	-0.549733194056898	0.228432898875326	spam	2	3458
transparent	0.922192564234138	-0.0135326543822885	not	2	3459
transparent	-0.103145069908351	-0.461804690305144	not	2	3460
#000000	0.554289970546961	-0.413778274320066	spam	2	3461
transparent	-0.683560451027006	-0.0494433995336294	not	2	3462
transparent	0.733617165125907	0.928157092537731	not	2	3463
transparent	-0.587708788458258	-0.15273579582572	not	2	3464
#000000	-0.644100633915514	0.688194191548973	spam	2	3465
#000000	-0.67021770728752	0.907654702663422	spam	2	3466
transparent	0.130537954624742	-0.427052950486541	not	2	3467
#000000	0.454362042248249	0.0816987957805395	spam	2	3468
transparent	0.75183797813952	0.162756635807455	not	2	3469
#000000	0.4168487675488	-0.487426211126149	spam	2	3470
#000000	-0.0450735781341791	0.75616793660447	spam	2	3471
transparent	0.640559987165034	0.764604775235057	not	2	3472
#000000	-0.966775578446686	0.974669369403273	spam	2	3473
#000000	0.992222202476114	-0.796758197713643	spam	2	3474
transparent	0.269789671525359	0.237550004385412	not	2	3475
#000000	-0.14304923824966	0.40946753975004	spam	2	3476
transparent	-0.943214134313166	-0.702823138330132	not	2	3477
transparent	0.506665401160717	0.781621183268726	not	2	3478
transparent	-0.58273204928264	-0.674659399781376	not	2	3479
#000000	0.998910810332745	-0.756267060991377	spam	2	3480
#000000	0.814498386345804	0.955113714560866	spam	2	3481
transparent	0.424930063541979	0.254220530856401	not	2	3482
#000000	0.461865767836571	-0.961601139977574	spam	2	3483
#000000	-0.055024157743901	0.658328289166093	spam	2	3484
transparent	0.72502137394622	0.997754950542003	not	2	3485
#000000	-0.669169755186886	0.736191032454372	spam	2	3486
#000000	0.240855851210654	-0.20617785025388	spam	2	3487
#000000	-0.415337210055441	0.872483565006405	spam	2	3488
transparent	-0.0877165324054658	-0.350454207975417	not	2	3489
#000000	-0.90872158203274	0.944895123131573	spam	2	3490
#000000	-0.644676495809108	0.125196907669306	spam	2	3491
#000000	-0.884135864209384	0.158658075612038	spam	2	3492
#000000	0.888820467051119	0.64938070718199	spam	2	3493
transparent	-0.314513051416725	-0.60311104496941	not	2	3494
transparent	0.0359011413529515	0.237979270052165	not	2	3495
transparent	0.250490670558065	-0.550870770122856	not	2	3496
transparent	-0.525470292661339	-0.949552539736032	not	2	3497
#000000	0.0322478287853301	0.513010249473155	spam	2	3498
#000000	0.613083655480295	0.276313889306039	spam	2	3499
transparent	-0.303470531012863	-0.884262173902243	not	2	3500
transparent	0.717374905943871	0.347595626488328	not	2	3501
#000000	-0.931122477632016	0.383089541457593	spam	2	3502
transparent	0.941994291730225	0.490457919426262	not	2	3503
#000000	0.490220272447914	-0.751876258756965	spam	2	3504
#000000	-0.453489516396076	-0.69765642657876	spam	2	3505
transparent	0.354212203063071	-0.645138749387115	not	2	3506
transparent	-0.304105063900352	-0.982261064462364	not	2	3507
transparent	0.894041043240577	0.267577286344022	not	2	3508
transparent	-0.322752450127155	-0.254498229827732	not	2	3509
transparent	-0.936573592014611	-0.444559901952744	not	2	3510
transparent	-0.29282840481028	-0.654982998501509	not	2	3511
transparent	-0.225752824451774	-0.592577717266977	not	2	3512
transparent	-0.286105679813772	-0.556258236523718	not	2	3513
#000000	0.919937212020159	-0.493136990815401	spam	2	3514
transparent	-0.232523590326309	-0.659804621245712	not	2	3515
transparent	0.0926752421073616	0.843353528063744	not	2	3516
#000000	0.850646951701492	-0.309373083058745	spam	2	3517
transparent	0.833719054237008	-0.829781581647694	not	2	3518
transparent	-0.51453401427716	-0.244364389684051	not	2	3519
#000000	0.43418167764321	0.0866870391182602	spam	2	3520
#000000	-0.302107928320766	0.574021852109581	spam	2	3521
#000000	0.108566701412201	-0.359372944571078	spam	2	3522
#000000	0.485944826155901	0.676077036652714	spam	2	3523
transparent	0.639396637212485	0.996940970420837	not	2	3524
#000000	0.739314530044794	-0.573114015161991	spam	2	3525
#000000	-0.928269731346518	-0.125407017301768	spam	2	3526
transparent	-0.559951193165034	-0.242540007457137	not	2	3527
#000000	-0.266053580678999	0.931153417099267	spam	2	3528
#000000	-0.388607115950435	0.282233004458249	spam	2	3529
transparent	0.455660915002227	0.612270667683333	not	2	3530
transparent	0.399457532446831	0.838124377653003	not	2	3531
#000000	0.820121853612363	-0.88275510398671	spam	2	3532
#000000	0.691205219365656	-0.0447142887860537	spam	2	3533
transparent	0.557089280337095	0.393765576649457	not	2	3534
transparent	-0.198313143569976	-0.910656981170177	not	2	3535
transparent	0.153609317727387	0.513708633836359	not	2	3536
#000000	-0.847281107679009	0.183347449637949	spam	2	3537
transparent	0.745949701406062	0.0202809260226786	not	2	3538
#000000	0.912571471184492	-0.0947964671067894	spam	2	3539
#000000	0.0110621596686542	-0.94903606781736	spam	2	3540
transparent	0.848732727579773	0.923687218688428	not	2	3541
#000000	-0.730972934514284	0.975254879333079	spam	2	3542
#000000	-0.522525993641466	0.268719116225839	spam	2	3543
transparent	-0.020074755884707	-0.148917306214571	not	2	3544
transparent	-0.0518798064440489	-0.466748189646751	not	2	3545
transparent	-0.130011681932956	-0.838861024007201	not	2	3546
#000000	-0.921502079814672	-0.339716873131692	spam	2	3547
transparent	0.288662030361593	0.788100205827504	not	2	3548
#000000	0.431134400423616	-0.386649603024125	spam	2	3549
#000000	-0.296666557434946	-0.19515231763944	spam	2	3550
#000000	0.893113497644663	0.147582795005292	spam	2	3551
transparent	0.4862130144611	0.193976768758148	not	2	3552
#000000	-0.898428159300238	0.140034275129437	spam	2	3553
#000000	0.96072956174612	-0.563857424072921	spam	2	3554
#000000	-0.564355094917119	0.640253488905728	spam	2	3555
transparent	-0.927607995923609	-0.926688438281417	not	2	3556
#000000	-0.478592269122601	0.251165629830211	spam	2	3557
#000000	0.440831571817398	-0.133042123634368	spam	2	3558
transparent	-0.504211637657136	-0.28614772297442	not	2	3559
transparent	-0.530168416909874	0.547335280105472	not	2	3560
transparent	-0.957976314239204	-0.65309590427205	not	2	3561
#000000	-0.470758744515479	-0.0135820535942912	spam	2	3562
transparent	0.383603238966316	0.474377817008644	not	2	3563
transparent	-0.930661217775196	0.0220020455308259	not	2	3564
transparent	-0.874427740927786	-0.0498261679895222	not	2	3565
#000000	-0.204587816260755	0.175799881108105	spam	2	3566
#000000	-0.0199431502260268	0.145074758678675	spam	2	3567
transparent	0.26209749514237	0.309835481457412	not	2	3568
transparent	0.446808624546975	0.730251111555845	not	2	3569
transparent	-0.846468415111303	-0.206307248212397	not	2	3570
#000000	-0.157107838895172	0.920232311356813	spam	2	3571
#000000	0.947453371714801	-0.238245489541441	spam	2	3572
#000000	0.627611566800624	-0.659823440015316	spam	2	3573
transparent	-0.552464554086328	-0.536790242884308	not	2	3574
#000000	-0.0205153883434832	0.89984041871503	spam	2	3575
#000000	-0.977319614030421	-0.832983684726059	spam	2	3576
transparent	-0.482795406132937	-0.613911968190223	not	2	3577
transparent	-0.0908024562522769	-0.850609409622848	not	2	3578
#000000	0.481953376438469	0.210032016038895	spam	2	3579
#000000	0.981320023536682	-0.568314207252115	spam	2	3580
#000000	-0.335590107832104	0.175974521320313	spam	2	3581
transparent	0.889582810923457	-0.542204793542624	not	2	3582
#000000	0.92370683979243	-0.218149641528726	spam	2	3583
#000000	0.798554999288172	-0.304188173264265	spam	2	3584
#000000	-0.0145683297887445	0.836758804973215	spam	2	3585
#000000	0.569870955776423	-0.775921752676368	spam	2	3586
#000000	0.606238094158471	-0.490047712810338	spam	2	3587
#000000	0.35553524736315	-0.626751860138029	spam	2	3588
transparent	0.162555157206953	0.491087045986205	not	2	3589
#000000	-0.338663825299591	0.865937564522028	spam	2	3590
transparent	-0.997370686847717	-0.0105762123130262	not	2	3591
transparent	-0.868396071717143	0.289987362455577	not	2	3592
transparent	-0.828096165321767	-0.64839482633397	not	2	3593
#000000	-0.973780566360801	0.205989292357117	spam	2	3594
#000000	-0.32850875146687	0.775515331886709	spam	2	3595
transparent	-0.761471366975457	-0.0195811912417412	not	2	3596
transparent	0.187190890777856	-0.963232854846865	not	2	3597
transparent	-0.925374648533762	-0.641218415461481	not	2	3598
#000000	-0.980856416281313	-0.40121772326529	spam	2	3599
transparent	-0.676807748153806	-0.446071877609938	not	2	3600
