x	y	group	showSelected1	showSelected2	PANEL
-1	-0.353191489361702	1	1	rpart	1
-0.9	-0.353191489361702	1	1	rpart	1
-0.8	-0.353191489361702	1	1	rpart	1
-0.7	-0.353191489361702	1	1	rpart	1
-0.6	-0.353191489361702	1	1	rpart	1
-0.5	-0.353191489361702	1	1	rpart	1
-0.4	-0.353191489361702	1	1	rpart	1
-0.3	-0.353191489361702	1	1	rpart	1
-0.2	-0.353191489361702	1	1	rpart	1
-0.1	-0.353191489361702	1	1	rpart	1
0	-0.353191489361702	1	1	rpart	1
0.1	-0.353191489361702	1	1	rpart	1
0.2	-0.353191489361702	1	1	rpart	1
0.3	-0.353191489361702	1	1	rpart	1
0.4	-0.353191489361702	1	1	rpart	1
0.5	-0.353191489361702	1	1	rpart	1
0.6	-0.353191489361702	1	1	rpart	1
0.7	-0.353191489361702	1	1	rpart	1
0.8	-0.353191489361702	1	1	rpart	1
0.9	-0.353191489361702	1	1	rpart	1
1	-0.353191489361702	1	1	rpart	1
-1	0.757377049180328	36	2	rpart	1
-0.9	0.757377049180328	36	2	rpart	1
-0.8	0.757377049180328	36	2	rpart	1
-0.7	0.757377049180328	36	2	rpart	1
-0.6	0.757377049180328	36	2	rpart	1
-0.5	0.757377049180328	36	2	rpart	1
-0.4	0.757377049180328	36	2	rpart	1
-0.3	0.757377049180328	36	2	rpart	1
-0.248148148148148	0.7	36	2	rpart	1
-0.248148148148148	0.6	36	2	rpart	1
-0.248148148148148	0.5	36	2	rpart	1
-0.248148148148148	0.4	36	2	rpart	1
-0.248148148148148	0.3	36	2	rpart	1
-0.248148148148148	0.2	36	2	rpart	1
-0.248148148148148	0.1	36	2	rpart	1
-0.248148148148148	0	36	2	rpart	1
-0.248148148148148	-0.1	36	2	rpart	1
-0.248148148148148	-0.2	36	2	rpart	1
-0.248148148148148	-0.3	36	2	rpart	1
-0.248148148148148	-0.4	36	2	rpart	1
-0.248148148148148	-0.5	36	2	rpart	1
-0.248148148148148	-0.6	36	2	rpart	1
-0.248148148148148	-0.7	36	2	rpart	1
-0.248148148148148	-0.8	36	2	rpart	1
-0.248148148148148	-0.9	36	2	rpart	1
-0.248148148148148	-1	36	2	rpart	1
0.36	-1	37	2	rpart	1
0.36	-0.9	37	2	rpart	1
0.36	-0.8	37	2	rpart	1
0.36	-0.7	37	2	rpart	1
0.36	-0.6	37	2	rpart	1
0.36	-0.5	37	2	rpart	1
0.36	-0.4	37	2	rpart	1
0.36	-0.3	37	2	rpart	1
0.36	-0.2	37	2	rpart	1
0.36	-0.1	37	2	rpart	1
0.36	0	37	2	rpart	1
0.36	0.1	37	2	rpart	1
0.36	0.2	37	2	rpart	1
0.36	0.3	37	2	rpart	1
0.36	0.4	37	2	rpart	1
0.36	0.5	37	2	rpart	1
0.36	0.6	37	2	rpart	1
0.36	0.7	37	2	rpart	1
0.4	0.745454545454546	37	2	rpart	1
0.5	0.745454545454546	37	2	rpart	1
0.6	0.745454545454546	37	2	rpart	1
0.7	0.745454545454546	37	2	rpart	1
0.8	0.745454545454546	37	2	rpart	1
0.9	0.745454545454546	37	2	rpart	1
1	0.745454545454546	37	2	rpart	1
-1	-0.22	77	3	rpart	1
-0.9	-0.22	77	3	rpart	1
-0.863157894736842	-0.2	77	3	rpart	1
-0.863157894736842	-0.1	77	3	rpart	1
-0.863157894736842	0	77	3	rpart	1
-0.863157894736842	0.1	77	3	rpart	1
-0.863157894736842	0.2	77	3	rpart	1
-0.863157894736842	0.3	77	3	rpart	1
-0.863157894736842	0.4	77	3	rpart	1
-0.863157894736842	0.5	77	3	rpart	1
-0.863157894736842	0.6	77	3	rpart	1
-0.863157894736842	0.7	77	3	rpart	1
-0.863157894736842	0.8	77	3	rpart	1
-0.863157894736842	0.9	77	3	rpart	1
-0.863157894736842	1	77	3	rpart	1
0.386301369863014	1	78	3	rpart	1
0.386301369863014	0.9	78	3	rpart	1
0.386301369863014	0.8	78	3	rpart	1
0.386301369863014	0.7	78	3	rpart	1
0.386301369863014	0.6	78	3	rpart	1
0.386301369863014	0.5	78	3	rpart	1
0.386301369863014	0.4	78	3	rpart	1
0.386301369863014	0.3	78	3	rpart	1
0.386301369863014	0.2	78	3	rpart	1
0.386301369863014	0.1	78	3	rpart	1
0.386301369863014	0	78	3	rpart	1
0.386301369863014	-0.1	78	3	rpart	1
0.386301369863014	-0.2	78	3	rpart	1
0.3	-0.241176470588235	78	3	rpart	1
0.2	-0.241176470588235	78	3	rpart	1
0.1	-0.241176470588235	78	3	rpart	1
0	-0.241176470588235	78	3	rpart	1
-0.1	-0.241176470588235	78	3	rpart	1
-0.2	-0.241176470588235	78	3	rpart	1
-0.3	-0.241176470588235	78	3	rpart	1
-0.362025316455696	-0.2	78	3	rpart	1
-0.362025316455696	-0.1	78	3	rpart	1
-0.362025316455696	0	78	3	rpart	1
-0.362025316455696	0.1	78	3	rpart	1
-0.362025316455696	0.2	78	3	rpart	1
-0.362025316455696	0.3	78	3	rpart	1
-0.362025316455696	0.4	78	3	rpart	1
-0.362025316455696	0.5	78	3	rpart	1
-0.362025316455696	0.6	78	3	rpart	1
-0.362025316455696	0.7	78	3	rpart	1
-0.362025316455696	0.8	78	3	rpart	1
-0.362025316455696	0.9	78	3	rpart	1
-0.362025316455696	1	78	3	rpart	1
0.0666666666666667	-1	79	3	rpart	1
0.0666666666666667	-0.9	79	3	rpart	1
0.0666666666666667	-0.8	79	3	rpart	1
0.0666666666666667	-0.7	79	3	rpart	1
0.0666666666666667	-0.6	79	3	rpart	1
0.0666666666666667	-0.5	79	3	rpart	1
0.0666666666666667	-0.4	79	3	rpart	1
0.1	-0.38	79	3	rpart	1
0.2	-0.38	79	3	rpart	1
0.3	-0.38	79	3	rpart	1
0.4	-0.38	79	3	rpart	1
0.5	-0.38	79	3	rpart	1
0.6	-0.38	79	3	rpart	1
0.7	-0.38	79	3	rpart	1
0.8	-0.38	79	3	rpart	1
0.9	-0.38	79	3	rpart	1
1	-0.38	79	3	rpart	1
1	-0.23	80	3	rpart	1
0.9	-0.23	80	3	rpart	1
0.820588235294118	-0.2	80	3	rpart	1
0.820588235294118	-0.1	80	3	rpart	1
0.820588235294118	0	80	3	rpart	1
0.820588235294118	0.1	80	3	rpart	1
0.820588235294118	0.2	80	3	rpart	1
0.820588235294118	0.3	80	3	rpart	1
0.820588235294118	0.4	80	3	rpart	1
0.820588235294118	0.5	80	3	rpart	1
0.820588235294118	0.6	80	3	rpart	1
0.820588235294118	0.7	80	3	rpart	1
0.820588235294118	0.8	80	3	rpart	1
0.820588235294118	0.9	80	3	rpart	1
0.820588235294118	1	80	3	rpart	1
-1	-0.854587155963303	111	4	rpart	1
-0.9	-0.854587155963303	111	4	rpart	1
-0.8	-0.854587155963303	111	4	rpart	1
-0.7	-0.854587155963303	111	4	rpart	1
-0.6	-0.854587155963303	111	4	rpart	1
-0.5	-0.854587155963303	111	4	rpart	1
-0.4	-0.854587155963303	111	4	rpart	1
-0.3	-0.854587155963303	111	4	rpart	1
-0.2	-0.854587155963303	111	4	rpart	1
-0.1	-0.854587155963303	111	4	rpart	1
0	-0.854587155963303	111	4	rpart	1
0.1	-0.854587155963303	111	4	rpart	1
0.146195652173913	-0.8	111	4	rpart	1
0.146195652173913	-0.7	111	4	rpart	1
0.146195652173913	-0.6	111	4	rpart	1
0.146195652173913	-0.5	111	4	rpart	1
0.2	-0.452083333333333	111	4	rpart	1
0.3	-0.452083333333333	111	4	rpart	1
0.4	-0.452083333333333	111	4	rpart	1
0.5	-0.452083333333333	111	4	rpart	1
0.575	-0.5	111	4	rpart	1
0.575	-0.6	111	4	rpart	1
0.575	-0.7	111	4	rpart	1
0.575	-0.8	111	4	rpart	1
0.575	-0.9	111	4	rpart	1
0.575	-1	111	4	rpart	1
-1	-0.246700507614213	112	4	rpart	1
-0.9	-0.246700507614213	112	4	rpart	1
-0.8	-0.246700507614213	112	4	rpart	1
-0.7	-0.246700507614213	112	4	rpart	1
-0.6	-0.246700507614213	112	4	rpart	1
-0.5	-0.246700507614213	112	4	rpart	1
-0.4	-0.246700507614213	112	4	rpart	1
-0.3	-0.246700507614213	112	4	rpart	1
-0.2	-0.246700507614213	112	4	rpart	1
-0.1	-0.246700507614213	112	4	rpart	1
0	-0.246700507614213	112	4	rpart	1
0.1	-0.246700507614213	112	4	rpart	1
0.2	-0.246700507614213	112	4	rpart	1
0.3	-0.246700507614213	112	4	rpart	1
0.4	-0.246700507614213	112	4	rpart	1
0.5	-0.246700507614213	112	4	rpart	1
0.6	-0.246700507614213	112	4	rpart	1
0.7	-0.246700507614213	112	4	rpart	1
0.8	-0.246700507614213	112	4	rpart	1
0.9	-0.246700507614213	112	4	rpart	1
1	-0.246700507614213	112	4	rpart	1
-1	-0.144303797468354	113	4	rpart	1
-0.9	-0.144303797468354	113	4	rpart	1
-0.8	-0.144303797468354	113	4	rpart	1
-0.7	-0.144303797468354	113	4	rpart	1
-0.6	-0.144303797468354	113	4	rpart	1
-0.5	-0.144303797468354	113	4	rpart	1
-0.4	-0.144303797468354	113	4	rpart	1
-0.3	-0.144303797468354	113	4	rpart	1
-0.2	-0.144303797468354	113	4	rpart	1
-0.1	-0.144303797468354	113	4	rpart	1
0	-0.144303797468354	113	4	rpart	1
0.1	-0.144303797468354	113	4	rpart	1
0.2	-0.144303797468354	113	4	rpart	1
0.3	-0.144303797468354	113	4	rpart	1
0.4	-0.144303797468354	113	4	rpart	1
0.5	-0.144303797468354	113	4	rpart	1
0.6	-0.144303797468354	113	4	rpart	1
0.7	-0.144303797468354	113	4	rpart	1
0.8	-0.144303797468354	113	4	rpart	1
0.9	-0.144303797468354	113	4	rpart	1
1	-0.144303797468354	113	4	rpart	1
-1	0.0552325581395349	114	4	rpart	1
-0.9	0.0552325581395349	114	4	rpart	1
-0.8	0.0552325581395349	114	4	rpart	1
-0.7	0.0552325581395349	114	4	rpart	1
-0.6	0.0552325581395349	114	4	rpart	1
-0.5	0.0552325581395349	114	4	rpart	1
-0.4	0.0552325581395349	114	4	rpart	1
-0.3	0.0552325581395349	114	4	rpart	1
-0.2	0.0552325581395349	114	4	rpart	1
-0.1	0.0552325581395349	114	4	rpart	1
0	0.0552325581395349	114	4	rpart	1
0.1	0.0552325581395349	114	4	rpart	1
0.2	0.0552325581395349	114	4	rpart	1
0.3	0.0552325581395349	114	4	rpart	1
0.4	0.0552325581395349	114	4	rpart	1
0.5	0.0552325581395349	114	4	rpart	1
0.6	0.0552325581395349	114	4	rpart	1
0.7	0.0552325581395349	114	4	rpart	1
0.8	0.0552325581395349	114	4	rpart	1
0.9	0.0552325581395349	114	4	rpart	1
1	0.0552325581395349	114	4	rpart	1
-1	0.466	115	4	rpart	1
-0.9	0.466	115	4	rpart	1
-0.8	0.466	115	4	rpart	1
-0.7	0.466	115	4	rpart	1
-0.6	0.466	115	4	rpart	1
-0.5	0.466	115	4	rpart	1
-0.4	0.466	115	4	rpart	1
-0.3	0.466	115	4	rpart	1
-0.2	0.466	115	4	rpart	1
-0.1	0.466	115	4	rpart	1
0	0.466	115	4	rpart	1
0.1	0.466	115	4	rpart	1
0.2	0.466	115	4	rpart	1
0.3	0.466	115	4	rpart	1
0.4	0.466	115	4	rpart	1
0.5	0.466	115	4	rpart	1
0.6	0.466	115	4	rpart	1
0.7	0.466	115	4	rpart	1
0.8	0.466	115	4	rpart	1
0.9	0.466	115	4	rpart	1
1	0.466	115	4	rpart	1
-1	0.74	116	4	rpart	1
-0.9	0.74	116	4	rpart	1
-0.8	0.74	116	4	rpart	1
-0.7	0.74	116	4	rpart	1
-0.6	0.755	116	4	rpart	1
-0.5	0.755	116	4	rpart	1
-0.4	0.755	116	4	rpart	1
-0.3	0.755	116	4	rpart	1
-0.2	0.755	116	4	rpart	1
-0.1	0.755	116	4	rpart	1
0	0.755	116	4	rpart	1
0.1	0.755	116	4	rpart	1
0.2	0.755	116	4	rpart	1
0.3	0.755	116	4	rpart	1
0.4	0.755	116	4	rpart	1
0.5	0.755	116	4	rpart	1
0.6	0.725	116	4	rpart	1
0.7	0.725	116	4	rpart	1
0.8	0.725	116	4	rpart	1
0.9	0.725	116	4	rpart	1
1	0.725	116	4	rpart	1
0.529166666666667	1	117	4	rpart	1
0.529166666666667	0.9	117	4	rpart	1
0.5	0.83984375	117	4	rpart	1
0.4	0.83984375	117	4	rpart	1
0.3	0.83984375	117	4	rpart	1
0.2	0.83984375	117	4	rpart	1
0.1	0.83984375	117	4	rpart	1
0	0.83984375	117	4	rpart	1
-0.1	0.83984375	117	4	rpart	1
-0.2	0.83984375	117	4	rpart	1
-0.3	0.83984375	117	4	rpart	1
-0.4	0.83984375	117	4	rpart	1
-0.5	0.83984375	117	4	rpart	1
-0.6	0.83984375	117	4	rpart	1
-0.645161290322581	0.9	117	4	rpart	1
-0.645161290322581	1	117	4	rpart	1
-1	-0.950242718446602	136	5	rpart	1
-0.9	-0.950242718446602	136	5	rpart	1
-0.8	-0.950242718446602	136	5	rpart	1
-0.7	-0.950242718446602	136	5	rpart	1
-0.6	-0.950242718446602	136	5	rpart	1
-0.5	-0.950242718446602	136	5	rpart	1
-0.4	-0.950242718446602	136	5	rpart	1
-0.3	-0.950242718446602	136	5	rpart	1
-0.2	-0.950242718446602	136	5	rpart	1
-0.1	-0.950242718446602	136	5	rpart	1
0	-0.950242718446602	136	5	rpart	1
0.1	-0.950242718446602	136	5	rpart	1
0.156336528221512	-0.9	136	5	rpart	1
0.156336528221512	-0.8	136	5	rpart	1
0.1	-0.72914691943128	136	5	rpart	1
0	-0.72914691943128	136	5	rpart	1
-0.1	-0.72914691943128	136	5	rpart	1
-0.2	-0.72914691943128	136	5	rpart	1
-0.3	-0.72914691943128	136	5	rpart	1
-0.4	-0.72914691943128	136	5	rpart	1
-0.5	-0.72914691943128	136	5	rpart	1
-0.6	-0.72914691943128	136	5	rpart	1
-0.7	-0.72914691943128	136	5	rpart	1
-0.8	-0.72914691943128	136	5	rpart	1
-0.9	-0.72914691943128	136	5	rpart	1
-1	-0.72914691943128	136	5	rpart	1
-1	-0.657142857142857	137	5	rpart	1
-0.9	-0.657142857142857	137	5	rpart	1
-0.8	-0.657142857142857	137	5	rpart	1
-0.7	-0.657142857142857	137	5	rpart	1
-0.6	-0.657142857142857	137	5	rpart	1
-0.5	-0.657142857142857	137	5	rpart	1
-0.4	-0.657142857142857	137	5	rpart	1
-0.3	-0.657142857142857	137	5	rpart	1
-0.2	-0.657142857142857	137	5	rpart	1
-0.1	-0.657142857142857	137	5	rpart	1
0	-0.657142857142857	137	5	rpart	1
0.1	-0.657142857142857	137	5	rpart	1
0.141441441441442	-0.6	137	5	rpart	1
0.141441441441442	-0.5	137	5	rpart	1
0.2	-0.456293706293706	137	5	rpart	1
0.3	-0.456293706293706	137	5	rpart	1
0.4	-0.456293706293706	137	5	rpart	1
0.5	-0.456293706293706	137	5	rpart	1
0.6	-0.456293706293706	137	5	rpart	1
0.644910179640719	-0.5	137	5	rpart	1
0.644910179640719	-0.6	137	5	rpart	1
0.644910179640719	-0.7	137	5	rpart	1
0.644910179640719	-0.8	137	5	rpart	1
0.644910179640719	-0.9	137	5	rpart	1
0.6	-0.952083333333333	137	5	rpart	1
0.5	-0.952083333333333	137	5	rpart	1
0.4	-0.952083333333333	137	5	rpart	1
0.3	-0.952083333333333	137	5	rpart	1
0.2	-0.952083333333333	137	5	rpart	1
0.158139534883721	-1	137	5	rpart	1
-1	-0.224141630901288	138	5	rpart	1
-0.9	-0.224141630901288	138	5	rpart	1
-0.8	-0.224141630901288	138	5	rpart	1
-0.7	-0.224141630901288	138	5	rpart	1
-0.6	-0.224141630901288	138	5	rpart	1
-0.5	-0.224141630901288	138	5	rpart	1
-0.4	-0.224141630901288	138	5	rpart	1
-0.3	-0.224141630901288	138	5	rpart	1
-0.2	-0.224141630901288	138	5	rpart	1
-0.1	-0.224141630901288	138	5	rpart	1
0	-0.224141630901288	138	5	rpart	1
0.1	-0.224141630901288	138	5	rpart	1
0.2	-0.224141630901288	138	5	rpart	1
0.3	-0.224141630901288	138	5	rpart	1
0.328944723618091	-0.2	138	5	rpart	1
0.328944723618091	-0.1	138	5	rpart	1
0.328944723618091	0	138	5	rpart	1
0.328944723618091	0.1	138	5	rpart	1
0.328944723618091	0.2	138	5	rpart	1
0.328944723618091	0.3	138	5	rpart	1
0.328944723618091	0.4	138	5	rpart	1
0.328944723618091	0.5	138	5	rpart	1
0.328944723618091	0.6	138	5	rpart	1
0.328944723618091	0.7	138	5	rpart	1
0.328944723618091	0.8	138	5	rpart	1
0.324615384615385	0.9	138	5	rpart	1
0.4	0.930434782608696	138	5	rpart	1
0.448014440433213	0.9	138	5	rpart	1
0.448014440433213	0.8	138	5	rpart	1
0.5	0.762149532710281	138	5	rpart	1
0.6	0.762149532710281	138	5	rpart	1
0.7	0.762149532710281	138	5	rpart	1
0.8	0.762149532710281	138	5	rpart	1
0.9	0.762149532710281	138	5	rpart	1
1	0.762149532710281	138	5	rpart	1
1	0.0592592592592593	139	5	rpart	1
0.9	0.0592592592592593	139	5	rpart	1
0.8	0.0592592592592593	139	5	rpart	1
0.7	0.0592592592592593	139	5	rpart	1
0.6	0.0592592592592593	139	5	rpart	1
0.5	0.0592592592592593	139	5	rpart	1
0.463636363636364	0.1	139	5	rpart	1
0.463636363636364	0.2	139	5	rpart	1
0.463636363636364	0.3	139	5	rpart	1
0.463636363636364	0.4	139	5	rpart	1
0.463636363636364	0.5	139	5	rpart	1
0.463636363636364	0.6	139	5	rpart	1
0.5	0.624324324324324	139	5	rpart	1
0.6	0.624324324324324	139	5	rpart	1
0.7	0.624324324324324	139	5	rpart	1
0.8	0.624324324324324	139	5	rpart	1
0.9	0.624324324324324	139	5	rpart	1
1	0.624324324324324	139	5	rpart	1
-1	-0.153191489361702	140	6	rpart	1
-0.9	-0.153191489361702	140	6	rpart	1
-0.8	-0.153191489361702	140	6	rpart	1
-0.7	-0.153191489361702	140	6	rpart	1
-0.6	-0.153191489361702	140	6	rpart	1
-0.5	-0.153191489361702	140	6	rpart	1
-0.4	-0.153191489361702	140	6	rpart	1
-0.3	-0.153191489361702	140	6	rpart	1
-0.2	-0.153191489361702	140	6	rpart	1
-0.1	-0.153191489361702	140	6	rpart	1
0	-0.153191489361702	140	6	rpart	1
0.1	-0.153191489361702	140	6	rpart	1
0.2	-0.153191489361702	140	6	rpart	1
0.3	-0.153191489361702	140	6	rpart	1
0.4	-0.153191489361702	140	6	rpart	1
0.5	-0.153191489361702	140	6	rpart	1
0.6	-0.153191489361702	140	6	rpart	1
0.7	-0.153191489361702	140	6	rpart	1
0.8	-0.153191489361702	140	6	rpart	1
0.9	-0.153191489361702	140	6	rpart	1
1	-0.153191489361702	140	6	rpart	1
-1	-0.6703125	141	7	rpart	1
-0.9	-0.6703125	141	7	rpart	1
-0.8	-0.6703125	141	7	rpart	1
-0.7	-0.6703125	141	7	rpart	1
-0.6	-0.6703125	141	7	rpart	1
-0.5	-0.6703125	141	7	rpart	1
-0.4	-0.6703125	141	7	rpart	1
-0.3	-0.6703125	141	7	rpart	1
-0.2	-0.6703125	141	7	rpart	1
-0.1	-0.6703125	141	7	rpart	1
0	-0.6703125	141	7	rpart	1
0.1	-0.6703125	141	7	rpart	1
0.2	-0.6703125	141	7	rpart	1
0.3	-0.6703125	141	7	rpart	1
0.4	-0.6703125	141	7	rpart	1
0.5	-0.6703125	141	7	rpart	1
0.6	-0.6703125	141	7	rpart	1
0.7	-0.6703125	141	7	rpart	1
0.8	-0.6703125	141	7	rpart	1
0.9	-0.6703125	141	7	rpart	1
1	-0.6703125	141	7	rpart	1
-1	0.358695652173913	142	7	rpart	1
-0.9	0.358695652173913	142	7	rpart	1
-0.8	0.358695652173913	142	7	rpart	1
-0.7	0.358695652173913	142	7	rpart	1
-0.6	0.358695652173913	142	7	rpart	1
-0.5	0.358695652173913	142	7	rpart	1
-0.4	0.358695652173913	142	7	rpart	1
-0.3	0.358695652173913	142	7	rpart	1
-0.2	0.358695652173913	142	7	rpart	1
-0.1	0.358695652173913	142	7	rpart	1
0	0.358695652173913	142	7	rpart	1
0.1	0.358695652173913	142	7	rpart	1
0.2	0.358695652173913	142	7	rpart	1
0.3	0.358695652173913	142	7	rpart	1
0.4	0.358695652173913	142	7	rpart	1
0.5	0.358695652173913	142	7	rpart	1
0.6	0.358695652173913	142	7	rpart	1
0.7	0.358695652173913	142	7	rpart	1
0.8	0.358695652173913	142	7	rpart	1
0.9	0.358695652173913	142	7	rpart	1
1	0.358695652173913	142	7	rpart	1
-1	-0.76	143	8	rpart	1
-0.9	-0.76	143	8	rpart	1
-0.8	-0.76	143	8	rpart	1
-0.7	-0.76	143	8	rpart	1
-0.6	-0.76	143	8	rpart	1
-0.5	-0.76	143	8	rpart	1
-0.4	-0.76	143	8	rpart	1
-0.3	-0.76	143	8	rpart	1
-0.2	-0.76	143	8	rpart	1
-0.1	-0.76	143	8	rpart	1
0	-0.76	143	8	rpart	1
0.1	-0.76	143	8	rpart	1
0.2	-0.76	143	8	rpart	1
0.3	-0.76	143	8	rpart	1
0.4	-0.76	143	8	rpart	1
0.5	-0.76	143	8	rpart	1
0.6	-0.76	143	8	rpart	1
0.7	-0.76	143	8	rpart	1
0.8	-0.76	143	8	rpart	1
0.9	-0.76	143	8	rpart	1
1	-0.76	143	8	rpart	1
-1	-0.471428571428571	144	8	rpart	1
-0.9	-0.471428571428571	144	8	rpart	1
-0.8	-0.471428571428571	144	8	rpart	1
-0.7	-0.471428571428571	144	8	rpart	1
-0.6	-0.471428571428571	144	8	rpart	1
-0.5	-0.471428571428571	144	8	rpart	1
-0.4	-0.471428571428571	144	8	rpart	1
-0.3	-0.471428571428571	144	8	rpart	1
-0.2	-0.471428571428571	144	8	rpart	1
-0.1	-0.471428571428571	144	8	rpart	1
0	-0.471428571428571	144	8	rpart	1
0.1	-0.471428571428571	144	8	rpart	1
0.2	-0.471428571428571	144	8	rpart	1
0.3	-0.471428571428571	144	8	rpart	1
0.4	-0.471428571428571	144	8	rpart	1
0.5	-0.471428571428571	144	8	rpart	1
0.6	-0.471428571428571	144	8	rpart	1
0.7	-0.471428571428571	144	8	rpart	1
0.8	-0.471428571428571	144	8	rpart	1
0.9	-0.471428571428571	144	8	rpart	1
1	-0.471428571428571	144	8	rpart	1
-1	-0.2375	145	8	rpart	1
-0.9	-0.2375	145	8	rpart	1
-0.8	-0.2375	145	8	rpart	1
-0.7	-0.2375	145	8	rpart	1
-0.6	-0.2375	145	8	rpart	1
-0.5	-0.2375	145	8	rpart	1
-0.4	-0.2375	145	8	rpart	1
-0.3	-0.2375	145	8	rpart	1
-0.2	-0.2375	145	8	rpart	1
-0.1	-0.2375	145	8	rpart	1
0	-0.2375	145	8	rpart	1
0.1	-0.2375	145	8	rpart	1
0.2	-0.2375	145	8	rpart	1
0.3	-0.2375	145	8	rpart	1
0.4	-0.2375	145	8	rpart	1
0.5	-0.2375	145	8	rpart	1
0.6	-0.2375	145	8	rpart	1
0.7	-0.2375	145	8	rpart	1
0.8	-0.2375	145	8	rpart	1
0.9	-0.2375	145	8	rpart	1
1	-0.2375	145	8	rpart	1
-1	-0.151162790697674	146	8	rpart	1
-0.9	-0.151162790697674	146	8	rpart	1
-0.8	-0.151162790697674	146	8	rpart	1
-0.7	-0.151162790697674	146	8	rpart	1
-0.6	-0.151162790697674	146	8	rpart	1
-0.5	-0.151162790697674	146	8	rpart	1
-0.4	-0.151162790697674	146	8	rpart	1
-0.3	-0.151162790697674	146	8	rpart	1
-0.2	-0.151162790697674	146	8	rpart	1
-0.1	-0.151162790697674	146	8	rpart	1
0	-0.151162790697674	146	8	rpart	1
0.1	-0.151162790697674	146	8	rpart	1
0.2	-0.151162790697674	146	8	rpart	1
0.3	-0.151162790697674	146	8	rpart	1
0.4	-0.151162790697674	146	8	rpart	1
0.5	-0.151162790697674	146	8	rpart	1
0.6	-0.151162790697674	146	8	rpart	1
0.7	-0.151162790697674	146	8	rpart	1
0.8	-0.151162790697674	146	8	rpart	1
0.9	-0.151162790697674	146	8	rpart	1
1	-0.151162790697674	146	8	rpart	1
-1	0.359852941176471	147	8	rpart	1
-0.9	0.359852941176471	147	8	rpart	1
-0.8	0.359852941176471	147	8	rpart	1
-0.7	0.359852941176471	147	8	rpart	1
-0.6	0.359852941176471	147	8	rpart	1
-0.5	0.359852941176471	147	8	rpart	1
-0.4	0.359852941176471	147	8	rpart	1
-0.3	0.359852941176471	147	8	rpart	1
-0.2	0.359852941176471	147	8	rpart	1
-0.1	0.359852941176471	147	8	rpart	1
0	0.359852941176471	147	8	rpart	1
0.1	0.359852941176471	147	8	rpart	1
0.2	0.359852941176471	147	8	rpart	1
0.3	0.359852941176471	147	8	rpart	1
0.4	0.359852941176471	147	8	rpart	1
0.5	0.359852941176471	147	8	rpart	1
0.6	0.359852941176471	147	8	rpart	1
0.7	0.359852941176471	147	8	rpart	1
0.8	0.359852941176471	147	8	rpart	1
0.9	0.359852941176471	147	8	rpart	1
1	0.359852941176471	147	8	rpart	1
-1	-0.846153846153846	148	9	rpart	1
-0.9	-0.846153846153846	148	9	rpart	1
-0.8	-0.846153846153846	148	9	rpart	1
-0.7	-0.846153846153846	148	9	rpart	1
-0.6	-0.846153846153846	148	9	rpart	1
-0.5	-0.846153846153846	148	9	rpart	1
-0.451470588235294	-0.8	148	9	rpart	1
-0.451470588235294	-0.7	148	9	rpart	1
-0.451470588235294	-0.6	148	9	rpart	1
-0.451470588235294	-0.5	148	9	rpart	1
-0.451470588235294	-0.4	148	9	rpart	1
-0.451470588235294	-0.3	148	9	rpart	1
-0.5	-0.238888888888889	148	9	rpart	1
-0.6	-0.238888888888889	148	9	rpart	1
-0.7	-0.238888888888889	148	9	rpart	1
-0.8	-0.238888888888889	148	9	rpart	1
-0.9	-0.238888888888889	148	9	rpart	1
-1	-0.238888888888889	148	9	rpart	1
-1	0.861224489795919	149	9	rpart	1
-0.9	0.861224489795919	149	9	rpart	1
-0.8	0.861224489795919	149	9	rpart	1
-0.7	0.861224489795919	149	9	rpart	1
-0.6	0.861224489795919	149	9	rpart	1
-0.5	0.861224489795919	149	9	rpart	1
-0.4	0.861224489795919	149	9	rpart	1
-0.3	0.861224489795919	149	9	rpart	1
-0.2	0.861224489795919	149	9	rpart	1
-0.1	0.861224489795919	149	9	rpart	1
0	0.861224489795919	149	9	rpart	1
0.0412371134020619	0.8	149	9	rpart	1
0.0412371134020619	0.7	149	9	rpart	1
0.0412371134020619	0.6	149	9	rpart	1
0.1	0.547058823529412	149	9	rpart	1
0.2	0.547058823529412	149	9	rpart	1
0.3	0.547058823529412	149	9	rpart	1
0.4	0.547058823529412	149	9	rpart	1
0.5	0.547058823529412	149	9	rpart	1
0.6	0.547058823529412	149	9	rpart	1
0.652941176470588	0.6	149	9	rpart	1
0.652941176470588	0.7	149	9	rpart	1
0.652941176470588	0.8	149	9	rpart	1
0.652941176470588	0.9	149	9	rpart	1
0.652941176470588	1	149	9	rpart	1
-0.26875	-1	150	9	rpart	1
-0.26875	-0.9	150	9	rpart	1
-0.235483870967742	-0.8	150	9	rpart	1
-0.235483870967742	-0.7	150	9	rpart	1
-0.235483870967742	-0.6	150	9	rpart	1
-0.235483870967742	-0.5	150	9	rpart	1
-0.253358208955224	-0.4	150	9	rpart	1
-0.253358208955224	-0.3	150	9	rpart	1
-0.253358208955224	-0.2	150	9	rpart	1
-0.253358208955224	-0.1	150	9	rpart	1
-0.253358208955224	0	150	9	rpart	1
-0.253358208955224	0.1	150	9	rpart	1
-0.2	0.1609375	150	9	rpart	1
-0.1	0.1609375	150	9	rpart	1
0	0.1609375	150	9	rpart	1
0.1	0.1609375	150	9	rpart	1
0.2	0.1609375	150	9	rpart	1
0.3	0.1609375	150	9	rpart	1
0.4	0.1609375	150	9	rpart	1
0.5	0.1609375	150	9	rpart	1
0.6	0.1609375	150	9	rpart	1
0.7	0.1609375	150	9	rpart	1
0.8	0.1609375	150	9	rpart	1
0.9	0.140944881889764	150	9	rpart	1
1	0.140944881889764	150	9	rpart	1
0.2	-0.84	151	9	rpart	1
0.127272727272727	-0.8	151	9	rpart	1
0.127272727272727	-0.7	151	9	rpart	1
0.127272727272727	-0.6	151	9	rpart	1
0.127272727272727	-0.5	151	9	rpart	1
0.2	-0.443820224719101	151	9	rpart	1
0.3	-0.443820224719101	151	9	rpart	1
0.4	-0.443820224719101	151	9	rpart	1
0.5	-0.443820224719101	151	9	rpart	1
0.55945945945946	-0.5	151	9	rpart	1
0.55945945945946	-0.6	151	9	rpart	1
0.55945945945946	-0.7	151	9	rpart	1
0.55945945945946	-0.8	151	9	rpart	1
0.5	-0.84	151	9	rpart	1
0.4	-0.84	151	9	rpart	1
0.3	-0.84	151	9	rpart	1
0.2	-0.84	151	9	rpart	1
-1	-0.950242718446602	2	10	rpart	1
-0.9	-0.950242718446602	2	10	rpart	1
-0.8	-0.950242718446602	2	10	rpart	1
-0.7	-0.950242718446602	2	10	rpart	1
-0.6	-0.950242718446602	2	10	rpart	1
-0.5	-0.950242718446602	2	10	rpart	1
-0.4	-0.950242718446602	2	10	rpart	1
-0.3	-0.950242718446602	2	10	rpart	1
-0.2	-0.950242718446602	2	10	rpart	1
-0.1	-0.950242718446602	2	10	rpart	1
0	-0.950242718446602	2	10	rpart	1
0.1	-0.950242718446602	2	10	rpart	1
0.156336528221512	-0.9	2	10	rpart	1
0.156336528221512	-0.8	2	10	rpart	1
0.1	-0.72914691943128	2	10	rpart	1
0	-0.72914691943128	2	10	rpart	1
-0.1	-0.72914691943128	2	10	rpart	1
-0.2	-0.72914691943128	2	10	rpart	1
-0.3	-0.72914691943128	2	10	rpart	1
-0.4	-0.72914691943128	2	10	rpart	1
-0.5	-0.72914691943128	2	10	rpart	1
-0.6	-0.72914691943128	2	10	rpart	1
-0.7	-0.72914691943128	2	10	rpart	1
-0.8	-0.72914691943128	2	10	rpart	1
-0.9	-0.72914691943128	2	10	rpart	1
-1	-0.72914691943128	2	10	rpart	1
-1	-0.657142857142857	3	10	rpart	1
-0.9	-0.657142857142857	3	10	rpart	1
-0.8	-0.657142857142857	3	10	rpart	1
-0.7	-0.657142857142857	3	10	rpart	1
-0.6	-0.657142857142857	3	10	rpart	1
-0.5	-0.657142857142857	3	10	rpart	1
-0.4	-0.657142857142857	3	10	rpart	1
-0.3	-0.657142857142857	3	10	rpart	1
-0.2	-0.657142857142857	3	10	rpart	1
-0.1	-0.657142857142857	3	10	rpart	1
0	-0.657142857142857	3	10	rpart	1
0.1	-0.657142857142857	3	10	rpart	1
0.141441441441442	-0.6	3	10	rpart	1
0.141441441441442	-0.5	3	10	rpart	1
0.2	-0.456293706293706	3	10	rpart	1
0.3	-0.456293706293706	3	10	rpart	1
0.4	-0.456293706293706	3	10	rpart	1
0.5	-0.456293706293706	3	10	rpart	1
0.6	-0.456293706293706	3	10	rpart	1
0.644910179640719	-0.5	3	10	rpart	1
0.644910179640719	-0.6	3	10	rpart	1
0.644910179640719	-0.7	3	10	rpart	1
0.644910179640719	-0.8	3	10	rpart	1
0.644910179640719	-0.9	3	10	rpart	1
0.6	-0.952083333333333	3	10	rpart	1
0.5	-0.952083333333333	3	10	rpart	1
0.4	-0.952083333333333	3	10	rpart	1
0.3	-0.952083333333333	3	10	rpart	1
0.2	-0.952083333333333	3	10	rpart	1
0.158139534883721	-1	3	10	rpart	1
-1	-0.224141630901288	4	10	rpart	1
-0.9	-0.224141630901288	4	10	rpart	1
-0.8	-0.224141630901288	4	10	rpart	1
-0.7	-0.224141630901288	4	10	rpart	1
-0.6	-0.224141630901288	4	10	rpart	1
-0.5	-0.224141630901288	4	10	rpart	1
-0.4	-0.224141630901288	4	10	rpart	1
-0.3	-0.224141630901288	4	10	rpart	1
-0.2	-0.224141630901288	4	10	rpart	1
-0.1	-0.224141630901288	4	10	rpart	1
0	-0.224141630901288	4	10	rpart	1
0.1	-0.224141630901288	4	10	rpart	1
0.2	-0.224141630901288	4	10	rpart	1
0.3	-0.224141630901288	4	10	rpart	1
0.328944723618091	-0.2	4	10	rpart	1
0.328944723618091	-0.1	4	10	rpart	1
0.328944723618091	0	4	10	rpart	1
0.328944723618091	0.1	4	10	rpart	1
0.328944723618091	0.2	4	10	rpart	1
0.328944723618091	0.3	4	10	rpart	1
0.328944723618091	0.4	4	10	rpart	1
0.328944723618091	0.5	4	10	rpart	1
0.328944723618091	0.6	4	10	rpart	1
0.328944723618091	0.7	4	10	rpart	1
0.328944723618091	0.8	4	10	rpart	1
0.324615384615385	0.9	4	10	rpart	1
0.4	0.930434782608696	4	10	rpart	1
0.448014440433213	0.9	4	10	rpart	1
0.448014440433213	0.8	4	10	rpart	1
0.5	0.762149532710281	4	10	rpart	1
0.6	0.762149532710281	4	10	rpart	1
0.7	0.762149532710281	4	10	rpart	1
0.8	0.762149532710281	4	10	rpart	1
0.9	0.762149532710281	4	10	rpart	1
1	0.762149532710281	4	10	rpart	1
1	0.0592592592592593	5	10	rpart	1
0.9	0.0592592592592593	5	10	rpart	1
0.8	0.0592592592592593	5	10	rpart	1
0.7	0.0592592592592593	5	10	rpart	1
0.6	0.0592592592592593	5	10	rpart	1
0.5	0.0592592592592593	5	10	rpart	1
0.463636363636364	0.1	5	10	rpart	1
0.463636363636364	0.2	5	10	rpart	1
0.463636363636364	0.3	5	10	rpart	1
0.463636363636364	0.4	5	10	rpart	1
0.463636363636364	0.5	5	10	rpart	1
0.463636363636364	0.6	5	10	rpart	1
0.5	0.624324324324324	5	10	rpart	1
0.6	0.624324324324324	5	10	rpart	1
0.7	0.624324324324324	5	10	rpart	1
0.8	0.624324324324324	5	10	rpart	1
0.9	0.624324324324324	5	10	rpart	1
1	0.624324324324324	5	10	rpart	1
0.143478260869565	-1	6	11	rpart	1
0.143478260869565	-0.9	6	11	rpart	1
0.143478260869565	-0.8	6	11	rpart	1
0.143478260869565	-0.7	6	11	rpart	1
0.143478260869565	-0.6	6	11	rpart	1
0.143478260869565	-0.5	6	11	rpart	1
0.143478260869565	-0.4	6	11	rpart	1
0.143478260869565	-0.3	6	11	rpart	1
0.143478260869565	-0.2	6	11	rpart	1
0.143478260869565	-0.1	6	11	rpart	1
0.143478260869565	0	6	11	rpart	1
0.143478260869565	0.1	6	11	rpart	1
0.143478260869565	0.2	6	11	rpart	1
0.143478260869565	0.3	6	11	rpart	1
0.143478260869565	0.4	6	11	rpart	1
0.143478260869565	0.5	6	11	rpart	1
0.143478260869565	0.6	6	11	rpart	1
0.143478260869565	0.7	6	11	rpart	1
0.143478260869565	0.8	6	11	rpart	1
0.143478260869565	0.9	6	11	rpart	1
0.143478260869565	1	6	11	rpart	1
-1	-0.337623762376238	7	12	rpart	1
-0.9	-0.337623762376238	7	12	rpart	1
-0.8	-0.337623762376238	7	12	rpart	1
-0.7	-0.337623762376238	7	12	rpart	1
-0.6	-0.337623762376238	7	12	rpart	1
-0.5	-0.337623762376238	7	12	rpart	1
-0.4	-0.337623762376238	7	12	rpart	1
-0.3	-0.337623762376238	7	12	rpart	1
-0.2	-0.337623762376238	7	12	rpart	1
-0.1	-0.337623762376238	7	12	rpart	1
0	-0.337623762376238	7	12	rpart	1
0.0666666666666667	-0.3	7	12	rpart	1
0.0666666666666667	-0.2	7	12	rpart	1
0.0666666666666667	-0.1	7	12	rpart	1
0.0666666666666667	0	7	12	rpart	1
0.0666666666666667	0.1	7	12	rpart	1
0.0666666666666667	0.2	7	12	rpart	1
0.0666666666666667	0.3	7	12	rpart	1
0.0666666666666667	0.4	7	12	rpart	1
0.0666666666666667	0.5	7	12	rpart	1
0.0666666666666667	0.6	7	12	rpart	1
0.0666666666666667	0.7	7	12	rpart	1
0.0666666666666667	0.8	7	12	rpart	1
0.0666666666666667	0.9	7	12	rpart	1
0.0666666666666667	1	7	12	rpart	1
1	-0.360126582278481	8	12	rpart	1
0.9	-0.360126582278481	8	12	rpart	1
0.8	-0.360126582278481	8	12	rpart	1
0.7	-0.360126582278481	8	12	rpart	1
0.6	-0.360126582278481	8	12	rpart	1
0.516666666666667	-0.3	8	12	rpart	1
0.516666666666667	-0.2	8	12	rpart	1
0.516666666666667	-0.1	8	12	rpart	1
0.516666666666667	0	8	12	rpart	1
0.516666666666667	0.1	8	12	rpart	1
0.516666666666667	0.2	8	12	rpart	1
0.516666666666667	0.3	8	12	rpart	1
0.516666666666667	0.4	8	12	rpart	1
0.516666666666667	0.5	8	12	rpart	1
0.516666666666667	0.6	8	12	rpart	1
0.516666666666667	0.7	8	12	rpart	1
0.516666666666667	0.8	8	12	rpart	1
0.516666666666667	0.9	8	12	rpart	1
0.516666666666667	1	8	12	rpart	1
1	-0.233333333333333	9	13	rpart	1
0.9	-0.233333333333333	9	13	rpart	1
0.8	-0.233333333333333	9	13	rpart	1
0.7	-0.233333333333333	9	13	rpart	1
0.6	-0.233333333333333	9	13	rpart	1
0.5	-0.233333333333333	9	13	rpart	1
0.4	-0.233333333333333	9	13	rpart	1
0.3	-0.233333333333333	9	13	rpart	1
0.2	-0.233333333333333	9	13	rpart	1
0.1	-0.233333333333333	9	13	rpart	1
0	-0.233333333333333	9	13	rpart	1
-0.1	-0.233333333333333	9	13	rpart	1
-0.2	-0.233333333333333	9	13	rpart	1
-0.3	-0.233333333333333	9	13	rpart	1
-0.383333333333333	-0.2	9	13	rpart	1
-0.383333333333333	-0.1	9	13	rpart	1
-0.383333333333333	0	9	13	rpart	1
-0.383333333333333	0.1	9	13	rpart	1
-0.3	0.157142857142857	9	13	rpart	1
-0.2	0.157142857142857	9	13	rpart	1
-0.1	0.157142857142857	9	13	rpart	1
0	0.157142857142857	9	13	rpart	1
0.1	0.157142857142857	9	13	rpart	1
0.2	0.157142857142857	9	13	rpart	1
0.3	0.157142857142857	9	13	rpart	1
0.4	0.157142857142857	9	13	rpart	1
0.5	0.157142857142857	9	13	rpart	1
0.6	0.157142857142857	9	13	rpart	1
0.7	0.157142857142857	9	13	rpart	1
0.8	0.157142857142857	9	13	rpart	1
0.9	0.157142857142857	9	13	rpart	1
1	0.157142857142857	9	13	rpart	1
1	0.332467532467533	10	13	rpart	1
0.9	0.332467532467533	10	13	rpart	1
0.8	0.332467532467533	10	13	rpart	1
0.7	0.332467532467533	10	13	rpart	1
0.6	0.332467532467533	10	13	rpart	1
0.5	0.332467532467533	10	13	rpart	1
0.4	0.332467532467533	10	13	rpart	1
0.3	0.332467532467533	10	13	rpart	1
0.2	0.332467532467533	10	13	rpart	1
0.1	0.332467532467533	10	13	rpart	1
0	0.332467532467533	10	13	rpart	1
-0.1	0.332467532467533	10	13	rpart	1
-0.2	0.332467532467533	10	13	rpart	1
-0.3	0.332467532467533	10	13	rpart	1
-0.388636363636364	0.4	10	13	rpart	1
-0.388636363636364	0.5	10	13	rpart	1
-0.388636363636364	0.6	10	13	rpart	1
-0.388636363636364	0.7	10	13	rpart	1
-0.388636363636364	0.8	10	13	rpart	1
-0.388636363636364	0.9	10	13	rpart	1
-0.388636363636364	1	10	13	rpart	1
0.035	-1	11	13	rpart	1
0.035	-0.9	11	13	rpart	1
0.035	-0.8	11	13	rpart	1
0.035	-0.7	11	13	rpart	1
0.035	-0.6	11	13	rpart	1
0.035	-0.5	11	13	rpart	1
0.1	-0.460869565217391	11	13	rpart	1
0.2	-0.460869565217391	11	13	rpart	1
0.3	-0.460869565217391	11	13	rpart	1
0.4	-0.460869565217391	11	13	rpart	1
0.5	-0.460869565217391	11	13	rpart	1
0.541666666666667	-0.5	11	13	rpart	1
0.541666666666667	-0.6	11	13	rpart	1
0.541666666666667	-0.7	11	13	rpart	1
0.541666666666667	-0.8	11	13	rpart	1
0.541666666666667	-0.9	11	13	rpart	1
0.541666666666667	-1	11	13	rpart	1
-1	-0.677142857142857	12	14	rpart	1
-0.9	-0.677142857142857	12	14	rpart	1
-0.8	-0.677142857142857	12	14	rpart	1
-0.7	-0.677142857142857	12	14	rpart	1
-0.6	-0.677142857142857	12	14	rpart	1
-0.5	-0.677142857142857	12	14	rpart	1
-0.4	-0.677142857142857	12	14	rpart	1
-0.3	-0.677142857142857	12	14	rpart	1
-0.281818181818182	-0.7	12	14	rpart	1
-0.281818181818182	-0.8	12	14	rpart	1
-0.281818181818182	-0.9	12	14	rpart	1
-0.281818181818182	-1	12	14	rpart	1
-1	-0.522857142857143	13	14	rpart	1
-0.9	-0.522857142857143	13	14	rpart	1
-0.8	-0.522857142857143	13	14	rpart	1
-0.7	-0.522857142857143	13	14	rpart	1
-0.6	-0.522857142857143	13	14	rpart	1
-0.5	-0.522857142857143	13	14	rpart	1
-0.4	-0.522857142857143	13	14	rpart	1
-0.3	-0.522857142857143	13	14	rpart	1
-0.2	-0.522857142857143	13	14	rpart	1
-0.1	-0.522857142857143	13	14	rpart	1
0	-0.522857142857143	13	14	rpart	1
0.1	-0.522857142857143	13	14	rpart	1
0.2	-0.522857142857143	13	14	rpart	1
0.3	-0.522857142857143	13	14	rpart	1
0.4	-0.522857142857143	13	14	rpart	1
0.5	-0.522857142857143	13	14	rpart	1
0.6	-0.522857142857143	13	14	rpart	1
0.7	-0.522857142857143	13	14	rpart	1
0.8	-0.522857142857143	13	14	rpart	1
0.9	-0.522857142857143	13	14	rpart	1
1	-0.522857142857143	13	14	rpart	1
-1	-0.377777777777778	14	14	rpart	1
-0.9	-0.377777777777778	14	14	rpart	1
-0.8	-0.377777777777778	14	14	rpart	1
-0.7	-0.377777777777778	14	14	rpart	1
-0.6	-0.377777777777778	14	14	rpart	1
-0.5	-0.377777777777778	14	14	rpart	1
-0.4	-0.377777777777778	14	14	rpart	1
-0.3	-0.377777777777778	14	14	rpart	1
-0.2	-0.377777777777778	14	14	rpart	1
-0.1	-0.377777777777778	14	14	rpart	1
0	-0.377777777777778	14	14	rpart	1
0.1	-0.377777777777778	14	14	rpart	1
0.2	-0.377777777777778	14	14	rpart	1
0.3	-0.377777777777778	14	14	rpart	1
0.4	-0.377777777777778	14	14	rpart	1
0.5	-0.377777777777778	14	14	rpart	1
0.6	-0.377777777777778	14	14	rpart	1
0.7	-0.377777777777778	14	14	rpart	1
0.8	-0.377777777777778	14	14	rpart	1
0.9	-0.377777777777778	14	14	rpart	1
1	-0.377777777777778	14	14	rpart	1
-1	-0.243548387096774	15	14	rpart	1
-0.9	-0.243548387096774	15	14	rpart	1
-0.8	-0.243548387096774	15	14	rpart	1
-0.7	-0.243548387096774	15	14	rpart	1
-0.6	-0.243548387096774	15	14	rpart	1
-0.5	-0.243548387096774	15	14	rpart	1
-0.4	-0.243548387096774	15	14	rpart	1
-0.3	-0.243548387096774	15	14	rpart	1
-0.2	-0.243548387096774	15	14	rpart	1
-0.1	-0.243548387096774	15	14	rpart	1
0	-0.243548387096774	15	14	rpart	1
0.1	-0.243548387096774	15	14	rpart	1
0.2	-0.247093023255814	15	14	rpart	1
0.3	-0.247093023255814	15	14	rpart	1
0.4	-0.247093023255814	15	14	rpart	1
0.459734513274336	-0.2	15	14	rpart	1
0.459734513274336	-0.1	15	14	rpart	1
0.459734513274336	0	15	14	rpart	1
0.459734513274336	0.1	15	14	rpart	1
0.459734513274336	0.2	15	14	rpart	1
0.459734513274336	0.3	15	14	rpart	1
0.459734513274336	0.4	15	14	rpart	1
0.459734513274336	0.5	15	14	rpart	1
0.459734513274336	0.6	15	14	rpart	1
0.459734513274336	0.7	15	14	rpart	1
0.459734513274336	0.8	15	14	rpart	1
0.459734513274336	0.9	15	14	rpart	1
0.4	0.9675	15	14	rpart	1
0.3	0.9675	15	14	rpart	1
0.2	0.9675	15	14	rpart	1
0.122413793103448	0.9	15	14	rpart	1
0.122413793103448	0.8	15	14	rpart	1
0.1	0.7625	15	14	rpart	1
0	0.7625	15	14	rpart	1
-0.1	0.7625	15	14	rpart	1
-0.2	0.7625	15	14	rpart	1
-0.3	0.7625	15	14	rpart	1
-0.4	0.7625	15	14	rpart	1
-0.5	0.7625	15	14	rpart	1
-0.6	0.7625	15	14	rpart	1
-0.7	0.7625	15	14	rpart	1
-0.8	0.7625	15	14	rpart	1
-0.9	0.7625	15	14	rpart	1
-1	0.7625	15	14	rpart	1
-1	-0.12734375	16	14	rpart	1
-0.9	-0.12734375	16	14	rpart	1
-0.8	-0.12734375	16	14	rpart	1
-0.7	-0.12734375	16	14	rpart	1
-0.6	-0.12734375	16	14	rpart	1
-0.5	-0.12734375	16	14	rpart	1
-0.4	-0.12734375	16	14	rpart	1
-0.3	-0.12734375	16	14	rpart	1
-0.2	-0.12734375	16	14	rpart	1
-0.1	-0.12734375	16	14	rpart	1
0	-0.12734375	16	14	rpart	1
0.1	-0.12734375	16	14	rpart	1
0.124594594594595	-0.1	16	14	rpart	1
0.124594594594595	0	16	14	rpart	1
0.124594594594595	0.1	16	14	rpart	1
0.124594594594595	0.2	16	14	rpart	1
0.1	0.240384615384616	16	14	rpart	1
0	0.240384615384616	16	14	rpart	1
-0.1	0.240384615384616	16	14	rpart	1
-0.2	0.240384615384616	16	14	rpart	1
-0.3	0.240384615384616	16	14	rpart	1
-0.4	0.240384615384616	16	14	rpart	1
-0.5	0.240384615384616	16	14	rpart	1
-0.6	0.240384615384616	16	14	rpart	1
-0.7	0.240384615384616	16	14	rpart	1
-0.8	0.240384615384616	16	14	rpart	1
-0.9	0.240384615384616	16	14	rpart	1
-1	0.240384615384616	16	14	rpart	1
0.161111111111111	-1	17	14	rpart	1
0.161111111111111	-0.9	17	14	rpart	1
0.161111111111111	-0.8	17	14	rpart	1
0.161111111111111	-0.7	17	14	rpart	1
0.2	-0.654098360655738	17	14	rpart	1
0.3	-0.654098360655738	17	14	rpart	1
0.4	-0.654098360655738	17	14	rpart	1
0.5	-0.654098360655738	17	14	rpart	1
0.557692307692308	-0.7	17	14	rpart	1
0.557692307692308	-0.8	17	14	rpart	1
0.557692307692308	-0.9	17	14	rpart	1
0.557692307692308	-1	17	14	rpart	1
0.842857142857143	1	18	14	rpart	1
0.842857142857143	0.9	18	14	rpart	1
0.842857142857143	0.8	18	14	rpart	1
0.842857142857143	0.7	18	14	rpart	1
0.842857142857143	0.6	18	14	rpart	1
0.842857142857143	0.5	18	14	rpart	1
0.842857142857143	0.4	18	14	rpart	1
0.842857142857143	0.3	18	14	rpart	1
0.842857142857143	0.2	18	14	rpart	1
0.842857142857143	0.1	18	14	rpart	1
0.842857142857143	0	18	14	rpart	1
0.842857142857143	-0.1	18	14	rpart	1
0.842857142857143	-0.2	18	14	rpart	1
0.8	-0.234883720930233	18	14	rpart	1
0.7	-0.234883720930233	18	14	rpart	1
0.6	-0.234883720930233	18	14	rpart	1
0.552830188679245	-0.2	18	14	rpart	1
0.552830188679245	-0.1	18	14	rpart	1
0.552830188679245	0	18	14	rpart	1
0.552830188679245	0.1	18	14	rpart	1
0.552830188679245	0.2	18	14	rpart	1
0.552830188679245	0.3	18	14	rpart	1
0.552830188679245	0.4	18	14	rpart	1
0.552830188679245	0.5	18	14	rpart	1
0.552830188679245	0.6	18	14	rpart	1
0.552830188679245	0.7	18	14	rpart	1
0.552830188679245	0.8	18	14	rpart	1
0.552830188679245	0.9	18	14	rpart	1
0.552830188679245	1	18	14	rpart	1
-1	-0.950242718446602	19	15	rpart	1
-0.9	-0.950242718446602	19	15	rpart	1
-0.8	-0.950242718446602	19	15	rpart	1
-0.7	-0.950242718446602	19	15	rpart	1
-0.6	-0.950242718446602	19	15	rpart	1
-0.5	-0.950242718446602	19	15	rpart	1
-0.4	-0.950242718446602	19	15	rpart	1
-0.3	-0.950242718446602	19	15	rpart	1
-0.2	-0.950242718446602	19	15	rpart	1
-0.1	-0.950242718446602	19	15	rpart	1
0	-0.950242718446602	19	15	rpart	1
0.1	-0.950242718446602	19	15	rpart	1
0.156336528221512	-0.9	19	15	rpart	1
0.156336528221512	-0.8	19	15	rpart	1
0.1	-0.72914691943128	19	15	rpart	1
0	-0.72914691943128	19	15	rpart	1
-0.1	-0.72914691943128	19	15	rpart	1
-0.2	-0.72914691943128	19	15	rpart	1
-0.3	-0.72914691943128	19	15	rpart	1
-0.4	-0.72914691943128	19	15	rpart	1
-0.5	-0.72914691943128	19	15	rpart	1
-0.6	-0.72914691943128	19	15	rpart	1
-0.7	-0.72914691943128	19	15	rpart	1
-0.8	-0.72914691943128	19	15	rpart	1
-0.9	-0.72914691943128	19	15	rpart	1
-1	-0.72914691943128	19	15	rpart	1
-1	-0.657142857142857	20	15	rpart	1
-0.9	-0.657142857142857	20	15	rpart	1
-0.8	-0.657142857142857	20	15	rpart	1
-0.7	-0.657142857142857	20	15	rpart	1
-0.6	-0.657142857142857	20	15	rpart	1
-0.5	-0.657142857142857	20	15	rpart	1
-0.4	-0.657142857142857	20	15	rpart	1
-0.3	-0.657142857142857	20	15	rpart	1
-0.2	-0.657142857142857	20	15	rpart	1
-0.1	-0.657142857142857	20	15	rpart	1
0	-0.657142857142857	20	15	rpart	1
0.1	-0.657142857142857	20	15	rpart	1
0.141441441441442	-0.6	20	15	rpart	1
0.141441441441442	-0.5	20	15	rpart	1
0.2	-0.456293706293706	20	15	rpart	1
0.3	-0.456293706293706	20	15	rpart	1
0.4	-0.456293706293706	20	15	rpart	1
0.5	-0.456293706293706	20	15	rpart	1
0.6	-0.456293706293706	20	15	rpart	1
0.644910179640719	-0.5	20	15	rpart	1
0.644910179640719	-0.6	20	15	rpart	1
0.644910179640719	-0.7	20	15	rpart	1
0.644910179640719	-0.8	20	15	rpart	1
0.644910179640719	-0.9	20	15	rpart	1
0.6	-0.952083333333333	20	15	rpart	1
0.5	-0.952083333333333	20	15	rpart	1
0.4	-0.952083333333333	20	15	rpart	1
0.3	-0.952083333333333	20	15	rpart	1
0.2	-0.952083333333333	20	15	rpart	1
0.158139534883721	-1	20	15	rpart	1
-1	-0.224141630901288	21	15	rpart	1
-0.9	-0.224141630901288	21	15	rpart	1
-0.8	-0.224141630901288	21	15	rpart	1
-0.7	-0.224141630901288	21	15	rpart	1
-0.6	-0.224141630901288	21	15	rpart	1
-0.5	-0.224141630901288	21	15	rpart	1
-0.4	-0.224141630901288	21	15	rpart	1
-0.3	-0.224141630901288	21	15	rpart	1
-0.2	-0.224141630901288	21	15	rpart	1
-0.1	-0.224141630901288	21	15	rpart	1
0	-0.224141630901288	21	15	rpart	1
0.1	-0.224141630901288	21	15	rpart	1
0.2	-0.224141630901288	21	15	rpart	1
0.3	-0.224141630901288	21	15	rpart	1
0.328944723618091	-0.2	21	15	rpart	1
0.328944723618091	-0.1	21	15	rpart	1
0.328944723618091	0	21	15	rpart	1
0.328944723618091	0.1	21	15	rpart	1
0.328944723618091	0.2	21	15	rpart	1
0.328944723618091	0.3	21	15	rpart	1
0.328944723618091	0.4	21	15	rpart	1
0.328944723618091	0.5	21	15	rpart	1
0.328944723618091	0.6	21	15	rpart	1
0.328944723618091	0.7	21	15	rpart	1
0.328944723618091	0.8	21	15	rpart	1
0.324615384615385	0.9	21	15	rpart	1
0.4	0.930434782608696	21	15	rpart	1
0.448014440433213	0.9	21	15	rpart	1
0.448014440433213	0.8	21	15	rpart	1
0.5	0.762149532710281	21	15	rpart	1
0.6	0.762149532710281	21	15	rpart	1
0.7	0.762149532710281	21	15	rpart	1
0.8	0.762149532710281	21	15	rpart	1
0.9	0.762149532710281	21	15	rpart	1
1	0.762149532710281	21	15	rpart	1
1	0.0592592592592593	22	15	rpart	1
0.9	0.0592592592592593	22	15	rpart	1
0.8	0.0592592592592593	22	15	rpart	1
0.7	0.0592592592592593	22	15	rpart	1
0.6	0.0592592592592593	22	15	rpart	1
0.5	0.0592592592592593	22	15	rpart	1
0.463636363636364	0.1	22	15	rpart	1
0.463636363636364	0.2	22	15	rpart	1
0.463636363636364	0.3	22	15	rpart	1
0.463636363636364	0.4	22	15	rpart	1
0.463636363636364	0.5	22	15	rpart	1
0.463636363636364	0.6	22	15	rpart	1
0.5	0.624324324324324	22	15	rpart	1
0.6	0.624324324324324	22	15	rpart	1
0.7	0.624324324324324	22	15	rpart	1
0.8	0.624324324324324	22	15	rpart	1
0.9	0.624324324324324	22	15	rpart	1
1	0.624324324324324	22	15	rpart	1
-0.328571428571429	-1	23	16	rpart	1
-0.328571428571429	-0.9	23	16	rpart	1
-0.328571428571429	-0.8	23	16	rpart	1
-0.328571428571429	-0.7	23	16	rpart	1
-0.328571428571429	-0.6	23	16	rpart	1
-0.328571428571429	-0.5	23	16	rpart	1
-0.328571428571429	-0.4	23	16	rpart	1
-0.328571428571429	-0.3	23	16	rpart	1
-0.328571428571429	-0.2	23	16	rpart	1
-0.328571428571429	-0.1	23	16	rpart	1
-0.328571428571429	0	23	16	rpart	1
-0.328571428571429	0.1	23	16	rpart	1
-0.328571428571429	0.2	23	16	rpart	1
-0.328571428571429	0.3	23	16	rpart	1
-0.328571428571429	0.4	23	16	rpart	1
-0.328571428571429	0.5	23	16	rpart	1
-0.328571428571429	0.6	23	16	rpart	1
-0.328571428571429	0.7	23	16	rpart	1
-0.328571428571429	0.8	23	16	rpart	1
-0.328571428571429	0.9	23	16	rpart	1
-0.328571428571429	1	23	16	rpart	1
0.76015625	1	24	17	rpart	1
0.76015625	0.9	24	17	rpart	1
0.76015625	0.8	24	17	rpart	1
0.76015625	0.7	24	17	rpart	1
0.76015625	0.6	24	17	rpart	1
0.76015625	0.5	24	17	rpart	1
0.76015625	0.4	24	17	rpart	1
0.76015625	0.3	24	17	rpart	1
0.76015625	0.2	24	17	rpart	1
0.76015625	0.1	24	17	rpart	1
0.76015625	0	24	17	rpart	1
0.76015625	-0.1	24	17	rpart	1
0.76015625	-0.2	24	17	rpart	1
0.76015625	-0.3	24	17	rpart	1
0.76015625	-0.4	24	17	rpart	1
0.7	-0.481914893617021	24	17	rpart	1
0.6	-0.481914893617021	24	17	rpart	1
0.5	-0.481914893617021	24	17	rpart	1
0.4	-0.481914893617021	24	17	rpart	1
0.3	-0.481914893617021	24	17	rpart	1
0.2	-0.481914893617021	24	17	rpart	1
0.1	-0.481914893617021	24	17	rpart	1
0	-0.481914893617021	24	17	rpart	1
-0.1	-0.481914893617021	24	17	rpart	1
-0.2	-0.481914893617021	24	17	rpart	1
-0.3	-0.481914893617021	24	17	rpart	1
-0.4	-0.481914893617021	24	17	rpart	1
-0.456410256410256	-0.4	24	17	rpart	1
-0.456410256410256	-0.3	24	17	rpart	1
-0.456410256410256	-0.2	24	17	rpart	1
-0.456410256410256	-0.1	24	17	rpart	1
-0.456410256410256	0	24	17	rpart	1
-0.456410256410256	0.1	24	17	rpart	1
-0.456410256410256	0.2	24	17	rpart	1
-0.456410256410256	0.3	24	17	rpart	1
-0.456410256410256	0.4	24	17	rpart	1
-0.456410256410256	0.5	24	17	rpart	1
-0.456410256410256	0.6	24	17	rpart	1
-0.456410256410256	0.7	24	17	rpart	1
-0.456410256410256	0.8	24	17	rpart	1
-0.456410256410256	0.9	24	17	rpart	1
-0.456410256410256	1	24	17	rpart	1
-1	-0.657692307692308	26	18	rpart	1
-0.9	-0.657692307692308	26	18	rpart	1
-0.8	-0.657692307692308	26	18	rpart	1
-0.7	-0.657692307692308	26	18	rpart	1
-0.6	-0.657692307692308	26	18	rpart	1
-0.5	-0.657692307692308	26	18	rpart	1
-0.4	-0.657692307692308	26	18	rpart	1
-0.3	-0.657692307692308	26	18	rpart	1
-0.2	-0.657692307692308	26	18	rpart	1
-0.1	-0.657692307692308	26	18	rpart	1
0	-0.657692307692308	26	18	rpart	1
0.1	-0.657692307692308	26	18	rpart	1
0.2	-0.657692307692308	26	18	rpart	1
0.3	-0.657692307692308	26	18	rpart	1
0.4	-0.657692307692308	26	18	rpart	1
0.5	-0.657692307692308	26	18	rpart	1
0.6	-0.657692307692308	26	18	rpart	1
0.7	-0.657692307692308	26	18	rpart	1
0.8	-0.657692307692308	26	18	rpart	1
0.9	-0.657692307692308	26	18	rpart	1
1	-0.657692307692308	26	18	rpart	1
-1	-0.545454545454545	27	18	rpart	1
-0.9	-0.545454545454545	27	18	rpart	1
-0.8	-0.545454545454545	27	18	rpart	1
-0.7	-0.545454545454545	27	18	rpart	1
-0.6	-0.545454545454545	27	18	rpart	1
-0.5	-0.545454545454545	27	18	rpart	1
-0.4	-0.545454545454545	27	18	rpart	1
-0.3	-0.545454545454545	27	18	rpart	1
-0.2	-0.545454545454545	27	18	rpart	1
-0.1	-0.545454545454545	27	18	rpart	1
0	-0.545454545454545	27	18	rpart	1
0.1	-0.545454545454545	27	18	rpart	1
0.2	-0.545454545454545	27	18	rpart	1
0.3	-0.545454545454545	27	18	rpart	1
0.4	-0.545454545454545	27	18	rpart	1
0.5	-0.545454545454545	27	18	rpart	1
0.6	-0.545454545454545	27	18	rpart	1
0.7	-0.545454545454545	27	18	rpart	1
0.8	-0.545454545454545	27	18	rpart	1
0.9	-0.545454545454545	27	18	rpart	1
1	-0.545454545454545	27	18	rpart	1
-1	-0.442857142857143	28	18	rpart	1
-0.9	-0.442857142857143	28	18	rpart	1
-0.8	-0.442857142857143	28	18	rpart	1
-0.7	-0.442857142857143	28	18	rpart	1
-0.6	-0.442857142857143	28	18	rpart	1
-0.5	-0.442857142857143	28	18	rpart	1
-0.4	-0.442857142857143	28	18	rpart	1
-0.3	-0.442857142857143	28	18	rpart	1
-0.2	-0.442857142857143	28	18	rpart	1
-0.1	-0.442857142857143	28	18	rpart	1
0	-0.442857142857143	28	18	rpart	1
0.1	-0.442857142857143	28	18	rpart	1
0.2	-0.442857142857143	28	18	rpart	1
0.3	-0.442857142857143	28	18	rpart	1
0.4	-0.442857142857143	28	18	rpart	1
0.5	-0.442857142857143	28	18	rpart	1
0.545205479452055	-0.4	28	18	rpart	1
0.545205479452055	-0.3	28	18	rpart	1
0.545205479452055	-0.2	28	18	rpart	1
0.545205479452055	-0.1	28	18	rpart	1
0.545205479452055	0	28	18	rpart	1
0.6	0.0352941176470589	28	18	rpart	1
0.7	0.0352941176470589	28	18	rpart	1
0.8	0.0352941176470589	28	18	rpart	1
0.9	0.0352941176470589	28	18	rpart	1
1	0.0352941176470589	28	18	rpart	1
-1	0.353846153846154	29	18	rpart	1
-0.9	0.353846153846154	29	18	rpart	1
-0.8	0.353846153846154	29	18	rpart	1
-0.7	0.353846153846154	29	18	rpart	1
-0.6	0.353846153846154	29	18	rpart	1
-0.5	0.353846153846154	29	18	rpart	1
-0.4	0.353846153846154	29	18	rpart	1
-0.3	0.353846153846154	29	18	rpart	1
-0.2375	0.4	29	18	rpart	1
-0.2375	0.5	29	18	rpart	1
-0.2375	0.6	29	18	rpart	1
-0.2375	0.7	29	18	rpart	1
-0.2375	0.8	29	18	rpart	1
-0.2375	0.9	29	18	rpart	1
-0.2375	1	29	18	rpart	1
1	0.380645161290323	30	18	rpart	1
0.9	0.380645161290323	30	18	rpart	1
0.8	0.380645161290323	30	18	rpart	1
0.7	0.380645161290323	30	18	rpart	1
0.6	0.380645161290323	30	18	rpart	1
0.5	0.380645161290323	30	18	rpart	1
0.4	0.380645161290323	30	18	rpart	1
0.3	0.380645161290323	30	18	rpart	1
0.2	0.380645161290323	30	18	rpart	1
0.1	0.380645161290323	30	18	rpart	1
0.0681818181818183	0.4	30	18	rpart	1
0.0681818181818183	0.5	30	18	rpart	1
0.0681818181818183	0.6	30	18	rpart	1
0.0681818181818183	0.7	30	18	rpart	1
0.0681818181818183	0.8	30	18	rpart	1
0.0681818181818183	0.9	30	18	rpart	1
0.0681818181818183	1	30	18	rpart	1
-1	-0.863414634146342	31	19	rpart	1
-0.9	-0.863414634146342	31	19	rpart	1
-0.8	-0.863414634146342	31	19	rpart	1
-0.7	-0.863414634146342	31	19	rpart	1
-0.6	-0.863414634146342	31	19	rpart	1
-0.5	-0.863414634146342	31	19	rpart	1
-0.4	-0.863414634146342	31	19	rpart	1
-0.3	-0.863414634146342	31	19	rpart	1
-0.2	-0.863414634146342	31	19	rpart	1
-0.1	-0.863414634146342	31	19	rpart	1
0	-0.863414634146342	31	19	rpart	1
0.1	-0.863414634146342	31	19	rpart	1
0.2	-0.863414634146342	31	19	rpart	1
0.3	-0.863414634146342	31	19	rpart	1
0.4	-0.863414634146342	31	19	rpart	1
0.5	-0.863414634146342	31	19	rpart	1
0.6	-0.863414634146342	31	19	rpart	1
0.7	-0.863414634146342	31	19	rpart	1
0.8	-0.863414634146342	31	19	rpart	1
0.846178343949045	-0.9	31	19	rpart	1
0.846178343949045	-1	31	19	rpart	1
-1	-0.742857142857143	32	19	rpart	1
-0.9	-0.742857142857143	32	19	rpart	1
-0.844444444444445	-0.7	32	19	rpart	1
-0.844444444444445	-0.6	32	19	rpart	1
-0.844444444444445	-0.5	32	19	rpart	1
-0.844444444444445	-0.4	32	19	rpart	1
-0.844444444444445	-0.3	32	19	rpart	1
-0.844444444444445	-0.2	32	19	rpart	1
-0.844444444444445	-0.1	32	19	rpart	1
-0.844444444444445	0	32	19	rpart	1
-0.844444444444445	0.1	32	19	rpart	1
-0.844444444444445	0.2	32	19	rpart	1
-0.8	0.243037974683544	32	19	rpart	1
-0.753191489361702	0.2	32	19	rpart	1
-0.753191489361702	0.1	32	19	rpart	1
-0.753191489361702	0	32	19	rpart	1
-0.753191489361702	-0.1	32	19	rpart	1
-0.753191489361702	-0.2	32	19	rpart	1
-0.753191489361702	-0.3	32	19	rpart	1
-0.753191489361702	-0.4	32	19	rpart	1
-0.753191489361702	-0.5	32	19	rpart	1
-0.753191489361702	-0.6	32	19	rpart	1
-0.753191489361702	-0.7	32	19	rpart	1
-0.7	-0.740540540540541	32	19	rpart	1
-0.6	-0.740540540540541	32	19	rpart	1
-0.56875	-0.7	32	19	rpart	1
-0.56875	-0.6	32	19	rpart	1
-0.56875	-0.5	32	19	rpart	1
-0.56875	-0.4	32	19	rpart	1
-0.56875	-0.3	32	19	rpart	1
-0.56875	-0.2	32	19	rpart	1
-0.56875	-0.1	32	19	rpart	1
-0.56875	0	32	19	rpart	1
-0.56875	0.1	32	19	rpart	1
-0.56875	0.2	32	19	rpart	1
-0.5	0.265384615384616	32	19	rpart	1
-0.430769230769231	0.2	32	19	rpart	1
-0.430769230769231	0.1	32	19	rpart	1
-0.430769230769231	0	32	19	rpart	1
-0.430769230769231	-0.1	32	19	rpart	1
-0.430769230769231	-0.2	32	19	rpart	1
-0.430769230769231	-0.3	32	19	rpart	1
-0.430769230769231	-0.4	32	19	rpart	1
-0.430769230769231	-0.5	32	19	rpart	1
-0.430769230769231	-0.6	32	19	rpart	1
-0.4	-0.664	32	19	rpart	1
-0.3	-0.664	32	19	rpart	1
-0.2	-0.664	32	19	rpart	1
-0.1	-0.664	32	19	rpart	1
0	-0.664	32	19	rpart	1
0.1	-0.664	32	19	rpart	1
0.2	-0.664	32	19	rpart	1
0.230769230769231	-0.6	32	19	rpart	1
0.230769230769231	-0.5	32	19	rpart	1
0.230769230769231	-0.4	32	19	rpart	1
0.230769230769231	-0.3	32	19	rpart	1
0.230769230769231	-0.2	32	19	rpart	1
0.230769230769231	-0.1	32	19	rpart	1
0.230769230769231	0	32	19	rpart	1
0.230769230769231	0.1	32	19	rpart	1
0.230769230769231	0.2	32	19	rpart	1
0.3	0.265384615384616	32	19	rpart	1
0.4	0.21588785046729	32	19	rpart	1
0.5	0.21588785046729	32	19	rpart	1
0.6	0.21588785046729	32	19	rpart	1
0.7	0.21588785046729	32	19	rpart	1
0.8	0.21588785046729	32	19	rpart	1
0.854149377593361	0.3	32	19	rpart	1
0.854149377593361	0.4	32	19	rpart	1
0.8	0.446875	32	19	rpart	1
0.7	0.446875	32	19	rpart	1
0.6	0.446875	32	19	rpart	1
0.5	0.446875	32	19	rpart	1
0.4	0.446875	32	19	rpart	1
0.3	0.446875	32	19	rpart	1
0.2	0.446875	32	19	rpart	1
0.1	0.446875	32	19	rpart	1
0	0.446875	32	19	rpart	1
-0.1	0.446875	32	19	rpart	1
-0.2	0.446875	32	19	rpart	1
-0.3	0.446875	32	19	rpart	1
-0.4	0.446875	32	19	rpart	1
-0.5	0.446875	32	19	rpart	1
-0.6	0.446875	32	19	rpart	1
-0.7	0.446875	32	19	rpart	1
-0.8	0.446875	32	19	rpart	1
-0.9	0.446875	32	19	rpart	1
-1	0.446875	32	19	rpart	1
-1	0.544444444444445	33	19	rpart	1
-0.9	0.544444444444445	33	19	rpart	1
-0.8	0.544444444444445	33	19	rpart	1
-0.7	0.544444444444445	33	19	rpart	1
-0.6	0.544444444444445	33	19	rpart	1
-0.5	0.544444444444445	33	19	rpart	1
-0.4	0.544444444444445	33	19	rpart	1
-0.3	0.544444444444445	33	19	rpart	1
-0.2	0.544444444444445	33	19	rpart	1
-0.1	0.544444444444445	33	19	rpart	1
0	0.544444444444445	33	19	rpart	1
0.1	0.544444444444445	33	19	rpart	1
0.2	0.544444444444445	33	19	rpart	1
0.3	0.544444444444445	33	19	rpart	1
0.4	0.544444444444445	33	19	rpart	1
0.5	0.544444444444445	33	19	rpart	1
0.6	0.544444444444445	33	19	rpart	1
0.7	0.544444444444445	33	19	rpart	1
0.8	0.544444444444445	33	19	rpart	1
0.862589928057554	0.6	33	19	rpart	1
0.8	0.654545454545455	33	19	rpart	1
0.7	0.654545454545455	33	19	rpart	1
0.6	0.654545454545455	33	19	rpart	1
0.5	0.654545454545455	33	19	rpart	1
0.4	0.654545454545455	33	19	rpart	1
0.3	0.654545454545455	33	19	rpart	1
0.2	0.654545454545455	33	19	rpart	1
0.1	0.654545454545455	33	19	rpart	1
0	0.654545454545455	33	19	rpart	1
-0.1	0.654545454545455	33	19	rpart	1
-0.2	0.654545454545455	33	19	rpart	1
-0.3	0.654545454545455	33	19	rpart	1
-0.4	0.654545454545455	33	19	rpart	1
-0.5	0.654545454545455	33	19	rpart	1
-0.6	0.654545454545455	33	19	rpart	1
-0.7	0.654545454545455	33	19	rpart	1
-0.8	0.654545454545455	33	19	rpart	1
-0.9	0.654545454545455	33	19	rpart	1
-1	0.654545454545455	33	19	rpart	1
-1	0.752941176470588	34	19	rpart	1
-0.9	0.752941176470588	34	19	rpart	1
-0.8	0.752941176470588	34	19	rpart	1
-0.7	0.752941176470588	34	19	rpart	1
-0.6	0.752941176470588	34	19	rpart	1
-0.5	0.752941176470588	34	19	rpart	1
-0.4	0.752941176470588	34	19	rpart	1
-0.3	0.752941176470588	34	19	rpart	1
-0.2	0.752941176470588	34	19	rpart	1
-0.1	0.752941176470588	34	19	rpart	1
0	0.752941176470588	34	19	rpart	1
0.1	0.752941176470588	34	19	rpart	1
0.2	0.752941176470588	34	19	rpart	1
0.3	0.752941176470588	34	19	rpart	1
0.4	0.752941176470588	34	19	rpart	1
0.5	0.752941176470588	34	19	rpart	1
0.6	0.752941176470588	34	19	rpart	1
0.7	0.752941176470588	34	19	rpart	1
0.8	0.752941176470588	34	19	rpart	1
0.855343511450382	0.8	34	19	rpart	1
0.855343511450382	0.9	34	19	rpart	1
0.8	0.942553191489362	34	19	rpart	1
0.7	0.942553191489362	34	19	rpart	1
0.6	0.942553191489362	34	19	rpart	1
0.5	0.942553191489362	34	19	rpart	1
0.4	0.942553191489362	34	19	rpart	1
0.3	0.942553191489362	34	19	rpart	1
0.2	0.942553191489362	34	19	rpart	1
0.1	0.942553191489362	34	19	rpart	1
0	0.942553191489362	34	19	rpart	1
-0.1	0.942553191489362	34	19	rpart	1
-0.2	0.942553191489362	34	19	rpart	1
-0.3	0.942553191489362	34	19	rpart	1
-0.4	0.942553191489362	34	19	rpart	1
-0.5	0.942553191489362	34	19	rpart	1
-0.6	0.942553191489362	34	19	rpart	1
-0.7	0.942553191489362	34	19	rpart	1
-0.8	0.942553191489362	34	19	rpart	1
-0.9	0.942553191489362	34	19	rpart	1
-1	0.942553191489362	34	19	rpart	1
0.4	-0.740540540540541	35	19	rpart	1
0.36875	-0.7	35	19	rpart	1
0.36875	-0.6	35	19	rpart	1
0.36875	-0.5	35	19	rpart	1
0.4	-0.418032786885246	35	19	rpart	1
0.5	-0.418032786885246	35	19	rpart	1
0.6	-0.418032786885246	35	19	rpart	1
0.7	-0.418032786885246	35	19	rpart	1
0.8	-0.418032786885246	35	19	rpart	1
0.850347222222222	-0.5	35	19	rpart	1
0.850347222222222	-0.6	35	19	rpart	1
0.850347222222222	-0.7	35	19	rpart	1
0.8	-0.740540540540541	35	19	rpart	1
0.7	-0.740540540540541	35	19	rpart	1
0.6	-0.740540540540541	35	19	rpart	1
0.5	-0.740540540540541	35	19	rpart	1
0.4	-0.740540540540541	35	19	rpart	1
-1	-0.841666666666667	38	20	rpart	1
-0.9	-0.841666666666667	38	20	rpart	1
-0.8	-0.841666666666667	38	20	rpart	1
-0.7	-0.841666666666667	38	20	rpart	1
-0.6	-0.841666666666667	38	20	rpart	1
-0.5	-0.841666666666667	38	20	rpart	1
-0.4	-0.841666666666667	38	20	rpart	1
-0.3	-0.841666666666667	38	20	rpart	1
-0.2	-0.841666666666667	38	20	rpart	1
-0.1	-0.841666666666667	38	20	rpart	1
0	-0.841666666666667	38	20	rpart	1
0.1	-0.841666666666667	38	20	rpart	1
0.2	-0.841666666666667	38	20	rpart	1
0.3	-0.841666666666667	38	20	rpart	1
0.4	-0.841666666666667	38	20	rpart	1
0.5	-0.841666666666667	38	20	rpart	1
0.6	-0.841666666666667	38	20	rpart	1
0.7	-0.841666666666667	38	20	rpart	1
0.75364238410596	-0.9	38	20	rpart	1
0.745251396648045	-1	38	20	rpart	1
-1	-0.245882352941176	39	20	rpart	1
-0.9	-0.245882352941176	39	20	rpart	1
-0.8	-0.245882352941176	39	20	rpart	1
-0.7	-0.245882352941176	39	20	rpart	1
-0.6	-0.245882352941176	39	20	rpart	1
-0.5	-0.245882352941176	39	20	rpart	1
-0.450649350649351	-0.3	39	20	rpart	1
-0.450649350649351	-0.4	39	20	rpart	1
-0.450649350649351	-0.5	39	20	rpart	1
-0.450649350649351	-0.6	39	20	rpart	1
-0.4	-0.644117647058824	39	20	rpart	1
-0.3	-0.644117647058824	39	20	rpart	1
-0.2	-0.644117647058824	39	20	rpart	1
-0.1	-0.644117647058824	39	20	rpart	1
-0.023170731707317	-0.6	39	20	rpart	1
-0.023170731707317	-0.5	39	20	rpart	1
-0.023170731707317	-0.4	39	20	rpart	1
-0.023170731707317	-0.3	39	20	rpart	1
0	-0.273255813953488	39	20	rpart	1
0.1	-0.273255813953488	39	20	rpart	1
0.2	-0.273255813953488	39	20	rpart	1
0.3	-0.273255813953488	39	20	rpart	1
0.4	-0.273255813953488	39	20	rpart	1
0.5	-0.232846715328467	39	20	rpart	1
0.6	-0.232846715328467	39	20	rpart	1
0.7	-0.232846715328467	39	20	rpart	1
0.743008849557522	-0.2	39	20	rpart	1
0.7	-0.15609756097561	39	20	rpart	1
0.6	-0.15609756097561	39	20	rpart	1
0.5	-0.15609756097561	39	20	rpart	1
0.4	-0.15609756097561	39	20	rpart	1
0.3	-0.15609756097561	39	20	rpart	1
0.2	-0.15609756097561	39	20	rpart	1
0.1	-0.15609756097561	39	20	rpart	1
0	-0.15609756097561	39	20	rpart	1
-0.1	-0.15609756097561	39	20	rpart	1
-0.2	-0.15609756097561	39	20	rpart	1
-0.3	-0.15609756097561	39	20	rpart	1
-0.4	-0.15609756097561	39	20	rpart	1
-0.5	-0.15609756097561	39	20	rpart	1
-0.6	-0.15609756097561	39	20	rpart	1
-0.7	-0.15609756097561	39	20	rpart	1
-0.8	-0.15609756097561	39	20	rpart	1
-0.9	-0.15609756097561	39	20	rpart	1
-1	-0.15609756097561	39	20	rpart	1
-1	-0.0418604651162791	40	20	rpart	1
-0.9	-0.0418604651162791	40	20	rpart	1
-0.8	-0.0418604651162791	40	20	rpart	1
-0.7	-0.0418604651162791	40	20	rpart	1
-0.6	-0.0418604651162791	40	20	rpart	1
-0.5	-0.0418604651162791	40	20	rpart	1
-0.4	-0.0418604651162791	40	20	rpart	1
-0.3	-0.0418604651162791	40	20	rpart	1
-0.2	-0.0418604651162791	40	20	rpart	1
-0.1	-0.0418604651162791	40	20	rpart	1
0	-0.0418604651162791	40	20	rpart	1
0.1	-0.0418604651162791	40	20	rpart	1
0.2	-0.0418604651162791	40	20	rpart	1
0.3	-0.0418604651162791	40	20	rpart	1
0.4	-0.0418604651162791	40	20	rpart	1
0.5	-0.0418604651162791	40	20	rpart	1
0.6	-0.0418604651162791	40	20	rpart	1
0.7	-0.0418604651162791	40	20	rpart	1
0.74097807757167	0	40	20	rpart	1
0.750943396226415	0.1	40	20	rpart	1
0.8	0.134146341463415	40	20	rpart	1
0.9	0.134146341463415	40	20	rpart	1
1	0.134146341463415	40	20	rpart	1
-1	0.0456521739130435	41	20	rpart	1
-0.9	0.0456521739130435	41	20	rpart	1
-0.823648648648649	0.1	41	20	rpart	1
-0.823648648648649	0.2	41	20	rpart	1
-0.823648648648649	0.3	41	20	rpart	1
-0.823648648648649	0.4	41	20	rpart	1
-0.823648648648649	0.5	41	20	rpart	1
-0.823648648648649	0.6	41	20	rpart	1
-0.823648648648649	0.7	41	20	rpart	1
-0.9	0.752702702702703	41	20	rpart	1
-1	0.752702702702703	41	20	rpart	1
-1	0.851652892561983	42	20	rpart	1
-0.9	0.851652892561983	42	20	rpart	1
-0.8	0.851652892561983	42	20	rpart	1
-0.7	0.851652892561983	42	20	rpart	1
-0.6	0.851652892561983	42	20	rpart	1
-0.5	0.851652892561983	42	20	rpart	1
-0.4	0.851652892561983	42	20	rpart	1
-0.3	0.851652892561983	42	20	rpart	1
-0.2	0.851652892561983	42	20	rpart	1
-0.1	0.851652892561983	42	20	rpart	1
0	0.851652892561983	42	20	rpart	1
0.1	0.851652892561983	42	20	rpart	1
0.2	0.851652892561983	42	20	rpart	1
0.3	0.851652892561983	42	20	rpart	1
0.4	0.851652892561983	42	20	rpart	1
0.5	0.851652892561983	42	20	rpart	1
0.6	0.851652892561983	42	20	rpart	1
0.640068493150685	0.9	42	20	rpart	1
0.640068493150685	1	42	20	rpart	1
0.3	0.0530831099195711	43	20	rpart	1
0.229438001784121	0.1	43	20	rpart	1
0.229438001784121	0.2	43	20	rpart	1
0.229438001784121	0.3	43	20	rpart	1
0.229438001784121	0.4	43	20	rpart	1
0.229438001784121	0.5	43	20	rpart	1
0.229438001784121	0.6	43	20	rpart	1
0.229438001784121	0.7	43	20	rpart	1
0.3	0.745273631840796	43	20	rpart	1
0.4	0.745273631840796	43	20	rpart	1
0.5	0.745273631840796	43	20	rpart	1
0.6	0.745273631840796	43	20	rpart	1
0.637142857142857	0.7	43	20	rpart	1
0.637142857142857	0.6	43	20	rpart	1
0.637142857142857	0.5	43	20	rpart	1
0.637142857142857	0.4	43	20	rpart	1
0.637142857142857	0.3	43	20	rpart	1
0.637142857142857	0.2	43	20	rpart	1
0.637142857142857	0.1	43	20	rpart	1
0.6	0.0530831099195711	43	20	rpart	1
0.5	0.0530831099195711	43	20	rpart	1
0.4	0.0530831099195711	43	20	rpart	1
0.3	0.0530831099195711	43	20	rpart	1
1	0.378571428571429	44	20	rpart	1
0.9	0.378571428571429	44	20	rpart	1
0.8	0.378571428571429	44	20	rpart	1
0.766379310344828	0.4	44	20	rpart	1
0.766379310344828	0.5	44	20	rpart	1
0.766379310344828	0.6	44	20	rpart	1
0.766379310344828	0.7	44	20	rpart	1
0.766379310344828	0.8	44	20	rpart	1
0.766379310344828	0.9	44	20	rpart	1
0.766379310344828	1	44	20	rpart	1
-1	-0.242307692307692	45	21	rpart	1
-0.9	-0.242307692307692	45	21	rpart	1
-0.8	-0.242307692307692	45	21	rpart	1
-0.7	-0.242307692307692	45	21	rpart	1
-0.6	-0.242307692307692	45	21	rpart	1
-0.5	-0.242307692307692	45	21	rpart	1
-0.4	-0.242307692307692	45	21	rpart	1
-0.3	-0.242307692307692	45	21	rpart	1
-0.2	-0.242307692307692	45	21	rpart	1
-0.1	-0.242307692307692	45	21	rpart	1
0	-0.242307692307692	45	21	rpart	1
0.1	-0.242307692307692	45	21	rpart	1
0.2	-0.242307692307692	45	21	rpart	1
0.3	-0.242307692307692	45	21	rpart	1
0.4	-0.242307692307692	45	21	rpart	1
0.5	-0.242307692307692	45	21	rpart	1
0.6	-0.242307692307692	45	21	rpart	1
0.7	-0.242307692307692	45	21	rpart	1
0.8	-0.242307692307692	45	21	rpart	1
0.9	-0.242307692307692	45	21	rpart	1
1	-0.242307692307692	45	21	rpart	1
-0.042	-1	46	22	rpart	1
-0.042	-0.9	46	22	rpart	1
-0.042	-0.8	46	22	rpart	1
-0.042	-0.7	46	22	rpart	1
-0.042	-0.6	46	22	rpart	1
-0.042	-0.5	46	22	rpart	1
-0.042	-0.4	46	22	rpart	1
-0.042	-0.3	46	22	rpart	1
-0.042	-0.2	46	22	rpart	1
-0.042	-0.1	46	22	rpart	1
-0.042	0	46	22	rpart	1
-0.042	0.1	46	22	rpart	1
-0.042	0.2	46	22	rpart	1
-0.042	0.3	46	22	rpart	1
-0.042	0.4	46	22	rpart	1
-0.042	0.5	46	22	rpart	1
-0.042	0.6	46	22	rpart	1
-0.042	0.7	46	22	rpart	1
-0.042	0.8	46	22	rpart	1
-0.042	0.9	46	22	rpart	1
-0.042	1	46	22	rpart	1
-1	-0.738636363636364	47	23	rpart	1
-0.9	-0.738636363636364	47	23	rpart	1
-0.8	-0.738636363636364	47	23	rpart	1
-0.7	-0.738636363636364	47	23	rpart	1
-0.6	-0.738636363636364	47	23	rpart	1
-0.5	-0.738636363636364	47	23	rpart	1
-0.4	-0.738636363636364	47	23	rpart	1
-0.3	-0.738636363636364	47	23	rpart	1
-0.2	-0.738636363636364	47	23	rpart	1
-0.1	-0.738636363636364	47	23	rpart	1
0	-0.738636363636364	47	23	rpart	1
0.1	-0.738636363636364	47	23	rpart	1
0.2	-0.738636363636364	47	23	rpart	1
0.3	-0.738636363636364	47	23	rpart	1
0.4	-0.738636363636364	47	23	rpart	1
0.5	-0.738636363636364	47	23	rpart	1
0.6	-0.738636363636364	47	23	rpart	1
0.7	-0.738636363636364	47	23	rpart	1
0.8	-0.738636363636364	47	23	rpart	1
0.9	-0.738636363636364	47	23	rpart	1
1	-0.738636363636364	47	23	rpart	1
-1	-0.475	48	23	rpart	1
-0.9	-0.475	48	23	rpart	1
-0.8	-0.475	48	23	rpart	1
-0.7	-0.475	48	23	rpart	1
-0.6	-0.475	48	23	rpart	1
-0.5	-0.475	48	23	rpart	1
-0.4	-0.475	48	23	rpart	1
-0.3	-0.475	48	23	rpart	1
-0.2	-0.475	48	23	rpart	1
-0.1	-0.475	48	23	rpart	1
0	-0.475	48	23	rpart	1
0.1	-0.475	48	23	rpart	1
0.2	-0.475	48	23	rpart	1
0.3	-0.475	48	23	rpart	1
0.4	-0.475	48	23	rpart	1
0.5	-0.475	48	23	rpart	1
0.6	-0.475	48	23	rpart	1
0.7	-0.475	48	23	rpart	1
0.8	-0.475	48	23	rpart	1
0.9	-0.475	48	23	rpart	1
1	-0.475	48	23	rpart	1
-1	-0.235714285714286	49	23	rpart	1
-0.9	-0.235714285714286	49	23	rpart	1
-0.8	-0.235714285714286	49	23	rpart	1
-0.7	-0.235714285714286	49	23	rpart	1
-0.6	-0.235714285714286	49	23	rpart	1
-0.5	-0.235714285714286	49	23	rpart	1
-0.4	-0.235714285714286	49	23	rpart	1
-0.3	-0.235714285714286	49	23	rpart	1
-0.2	-0.235714285714286	49	23	rpart	1
-0.1	-0.235714285714286	49	23	rpart	1
0	-0.235714285714286	49	23	rpart	1
0.1	-0.235714285714286	49	23	rpart	1
0.2	-0.235714285714286	49	23	rpart	1
0.3	-0.235714285714286	49	23	rpart	1
0.4	-0.235714285714286	49	23	rpart	1
0.5	-0.235714285714286	49	23	rpart	1
0.6	-0.235714285714286	49	23	rpart	1
0.7	-0.235714285714286	49	23	rpart	1
0.8	-0.235714285714286	49	23	rpart	1
0.9	-0.235714285714286	49	23	rpart	1
1	-0.235714285714286	49	23	rpart	1
-1	-0.123076923076923	50	23	rpart	1
-0.9	-0.123076923076923	50	23	rpart	1
-0.8	-0.123076923076923	50	23	rpart	1
-0.7	-0.123076923076923	50	23	rpart	1
-0.6	-0.123076923076923	50	23	rpart	1
-0.57741935483871	-0.1	50	23	rpart	1
-0.57741935483871	0	50	23	rpart	1
-0.57741935483871	0.1	50	23	rpart	1
-0.57741935483871	0.2	50	23	rpart	1
-0.57741935483871	0.3	50	23	rpart	1
-0.57741935483871	0.4	50	23	rpart	1
-0.57741935483871	0.5	50	23	rpart	1
-0.57741935483871	0.6	50	23	rpart	1
-0.57741935483871	0.7	50	23	rpart	1
-0.57741935483871	0.8	50	23	rpart	1
-0.57741935483871	0.9	50	23	rpart	1
-0.57741935483871	1	50	23	rpart	1
0.340243902439024	1	51	23	rpart	1
0.340243902439024	0.9	51	23	rpart	1
0.340243902439024	0.8	51	23	rpart	1
0.340243902439024	0.7	51	23	rpart	1
0.340243902439024	0.6	51	23	rpart	1
0.340243902439024	0.5	51	23	rpart	1
0.340243902439024	0.4	51	23	rpart	1
0.340243902439024	0.3	51	23	rpart	1
0.340243902439024	0.2	51	23	rpart	1
0.340243902439024	0.1	51	23	rpart	1
0.340243902439024	0	51	23	rpart	1
0.340243902439024	-0.1	51	23	rpart	1
0.3	-0.143548387096774	51	23	rpart	1
0.2	-0.143548387096774	51	23	rpart	1
0.1	-0.143548387096774	51	23	rpart	1
0	-0.143548387096774	51	23	rpart	1
-0.0428571428571428	-0.1	51	23	rpart	1
-0.0428571428571428	0	51	23	rpart	1
-0.0428571428571428	0.1	51	23	rpart	1
-0.0428571428571428	0.2	51	23	rpart	1
-0.0428571428571428	0.3	51	23	rpart	1
-0.0428571428571428	0.4	51	23	rpart	1
-0.0428571428571428	0.5	51	23	rpart	1
-0.0428571428571428	0.6	51	23	rpart	1
-0.0428571428571428	0.7	51	23	rpart	1
-0.0428571428571428	0.8	51	23	rpart	1
-0.0428571428571428	0.9	51	23	rpart	1
-0.0428571428571428	1	51	23	rpart	1
1	-0.116666666666667	52	23	rpart	1
0.9	-0.116666666666667	52	23	rpart	1
0.8	-0.116666666666667	52	23	rpart	1
0.7	-0.116666666666667	52	23	rpart	1
0.685135135135135	-0.1	52	23	rpart	1
0.685135135135135	0	52	23	rpart	1
0.685135135135135	0.1	52	23	rpart	1
0.685135135135135	0.2	52	23	rpart	1
0.685135135135135	0.3	52	23	rpart	1
0.685135135135135	0.4	52	23	rpart	1
0.685135135135135	0.5	52	23	rpart	1
0.685135135135135	0.6	52	23	rpart	1
0.685135135135135	0.7	52	23	rpart	1
0.685135135135135	0.8	52	23	rpart	1
0.685135135135135	0.9	52	23	rpart	1
0.685135135135135	1	52	23	rpart	1
-1	-0.964285714285714	53	24	rpart	1
-0.9	-0.964285714285714	53	24	rpart	1
-0.8	-0.964285714285714	53	24	rpart	1
-0.7	-0.964285714285714	53	24	rpart	1
-0.6	-0.964285714285714	53	24	rpart	1
-0.5	-0.964285714285714	53	24	rpart	1
-0.4	-0.964285714285714	53	24	rpart	1
-0.3	-0.964285714285714	53	24	rpart	1
-0.2	-0.964285714285714	53	24	rpart	1
-0.1	-0.964285714285714	53	24	rpart	1
0	-0.964285714285714	53	24	rpart	1
0.1	-0.964285714285714	53	24	rpart	1
0.2	-0.964285714285714	53	24	rpart	1
0.3	-0.964285714285714	53	24	rpart	1
0.4	-0.964285714285714	53	24	rpart	1
0.5	-0.964285714285714	53	24	rpart	1
0.6	-0.964285714285714	53	24	rpart	1
0.7	-0.964285714285714	53	24	rpart	1
0.8	-0.964285714285714	53	24	rpart	1
0.9	-0.964285714285714	53	24	rpart	1
1	-0.964285714285714	53	24	rpart	1
-1	-0.346	54	24	rpart	1
-0.9	-0.346	54	24	rpart	1
-0.8	-0.346	54	24	rpart	1
-0.7	-0.346	54	24	rpart	1
-0.6	-0.346	54	24	rpart	1
-0.5	-0.346	54	24	rpart	1
-0.4	-0.346	54	24	rpart	1
-0.3	-0.346	54	24	rpart	1
-0.2	-0.351198630136986	54	24	rpart	1
-0.1	-0.351198630136986	54	24	rpart	1
0	-0.351198630136986	54	24	rpart	1
0.1	-0.351198630136986	54	24	rpart	1
0.151811594202899	-0.3	54	24	rpart	1
0.151811594202899	-0.2	54	24	rpart	1
0.151811594202899	-0.1	54	24	rpart	1
0.151811594202899	0	54	24	rpart	1
0.151811594202899	0.1	54	24	rpart	1
0.151811594202899	0.2	54	24	rpart	1
0.151811594202899	0.3	54	24	rpart	1
0.151811594202899	0.4	54	24	rpart	1
0.151811594202899	0.5	54	24	rpart	1
0.151811594202899	0.6	54	24	rpart	1
0.151811594202899	0.7	54	24	rpart	1
0.1	0.757777777777778	54	24	rpart	1
0	0.757777777777778	54	24	rpart	1
-0.1	0.757777777777778	54	24	rpart	1
-0.2	0.757777777777778	54	24	rpart	1
-0.261486486486486	0.7	54	24	rpart	1
-0.261486486486486	0.6	54	24	rpart	1
-0.261486486486486	0.5	54	24	rpart	1
-0.261486486486486	0.4	54	24	rpart	1
-0.261486486486486	0.3	54	24	rpart	1
-0.261486486486486	0.2	54	24	rpart	1
-0.261486486486486	0.1	54	24	rpart	1
-0.261486486486486	0	54	24	rpart	1
-0.261486486486486	-0.1	54	24	rpart	1
-0.3	-0.143548387096774	54	24	rpart	1
-0.359615384615385	-0.1	54	24	rpart	1
-0.359615384615385	0	54	24	rpart	1
-0.359615384615385	0.1	54	24	rpart	1
-0.359615384615385	0.2	54	24	rpart	1
-0.359615384615385	0.3	54	24	rpart	1
-0.359615384615385	0.4	54	24	rpart	1
-0.359615384615385	0.5	54	24	rpart	1
-0.359615384615385	0.6	54	24	rpart	1
-0.359615384615385	0.7	54	24	rpart	1
-0.4	0.736734693877551	54	24	rpart	1
-0.5	0.736734693877551	54	24	rpart	1
-0.6	0.736734693877551	54	24	rpart	1
-0.7	0.736734693877551	54	24	rpart	1
-0.8	0.736734693877551	54	24	rpart	1
-0.8515625	0.7	54	24	rpart	1
-0.8515625	0.6	54	24	rpart	1
-0.8515625	0.5	54	24	rpart	1
-0.8515625	0.4	54	24	rpart	1
-0.8515625	0.3	54	24	rpart	1
-0.8515625	0.2	54	24	rpart	1
-0.8515625	0.1	54	24	rpart	1
-0.8515625	0	54	24	rpart	1
-0.8515625	-0.1	54	24	rpart	1
-0.9	-0.132926829268293	54	24	rpart	1
-1	-0.132926829268293	54	24	rpart	1
-1	0.844	55	24	rpart	1
-0.9	0.844	55	24	rpart	1
-0.8	0.844	55	24	rpart	1
-0.7	0.844	55	24	rpart	1
-0.6	0.844	55	24	rpart	1
-0.5	0.844	55	24	rpart	1
-0.4	0.844	55	24	rpart	1
-0.3	0.844	55	24	rpart	1
-0.2	0.844	55	24	rpart	1
-0.1	0.844	55	24	rpart	1
0	0.844	55	24	rpart	1
0.1	0.844	55	24	rpart	1
0.2	0.844	55	24	rpart	1
0.3	0.844	55	24	rpart	1
0.4	0.844	55	24	rpart	1
0.5	0.844	55	24	rpart	1
0.6	0.844	55	24	rpart	1
0.7	0.844	55	24	rpart	1
0.8	0.844	55	24	rpart	1
0.9	0.844	55	24	rpart	1
1	0.844	55	24	rpart	1
-1	0.96140350877193	56	24	rpart	1
-0.9	0.96140350877193	56	24	rpart	1
-0.8	0.96140350877193	56	24	rpart	1
-0.7	0.96140350877193	56	24	rpart	1
-0.6	0.96140350877193	56	24	rpart	1
-0.5	0.96140350877193	56	24	rpart	1
-0.4	0.96140350877193	56	24	rpart	1
-0.3	0.96140350877193	56	24	rpart	1
-0.2	0.96140350877193	56	24	rpart	1
-0.1	0.96140350877193	56	24	rpart	1
0	0.96140350877193	56	24	rpart	1
0.1	0.96140350877193	56	24	rpart	1
0.2	0.96140350877193	56	24	rpart	1
0.3	0.96140350877193	56	24	rpart	1
0.4	0.96140350877193	56	24	rpart	1
0.5	0.96140350877193	56	24	rpart	1
0.6	0.96140350877193	56	24	rpart	1
0.7	0.96140350877193	56	24	rpart	1
0.8	0.96140350877193	56	24	rpart	1
0.9	0.96140350877193	56	24	rpart	1
1	0.96140350877193	56	24	rpart	1
-0.3	-0.756451612903226	57	24	rpart	1
-0.37	-0.7	57	24	rpart	1
-0.37	-0.6	57	24	rpart	1
-0.37	-0.5	57	24	rpart	1
-0.3	-0.445608108108108	57	24	rpart	1
-0.2	-0.445608108108108	57	24	rpart	1
-0.1	-0.445608108108108	57	24	rpart	1
0	-0.445608108108108	57	24	rpart	1
0.1	-0.445608108108108	57	24	rpart	1
0.2	-0.445608108108108	57	24	rpart	1
0.3	-0.445608108108108	57	24	rpart	1
0.4	-0.445608108108108	57	24	rpart	1
0.5	-0.445608108108108	57	24	rpart	1
0.564473684210526	-0.5	57	24	rpart	1
0.564473684210526	-0.6	57	24	rpart	1
0.564473684210526	-0.7	57	24	rpart	1
0.5	-0.756451612903226	57	24	rpart	1
0.4	-0.756451612903226	57	24	rpart	1
0.3	-0.756451612903226	57	24	rpart	1
0.2	-0.756451612903226	57	24	rpart	1
0.1	-0.756451612903226	57	24	rpart	1
0	-0.756451612903226	57	24	rpart	1
-0.1	-0.756451612903226	57	24	rpart	1
-0.2	-0.756451612903226	57	24	rpart	1
-0.3	-0.756451612903226	57	24	rpart	1
0.5	-0.346700507614213	58	24	rpart	1
0.452688172043011	-0.3	58	24	rpart	1
0.452688172043011	-0.2	58	24	rpart	1
0.452688172043011	-0.1	58	24	rpart	1
0.452688172043011	0	58	24	rpart	1
0.452688172043011	0.1	58	24	rpart	1
0.452688172043011	0.2	58	24	rpart	1
0.452688172043011	0.3	58	24	rpart	1
0.452688172043011	0.4	58	24	rpart	1
0.452688172043011	0.5	58	24	rpart	1
0.452688172043011	0.6	58	24	rpart	1
0.452688172043011	0.7	58	24	rpart	1
0.5	0.753333333333333	58	24	rpart	1
0.558823529411765	0.7	58	24	rpart	1
0.558823529411765	0.6	58	24	rpart	1
0.558823529411765	0.5	58	24	rpart	1
0.558823529411765	0.4	58	24	rpart	1
0.558823529411765	0.3	58	24	rpart	1
0.558823529411765	0.2	58	24	rpart	1
0.558823529411765	0.1	58	24	rpart	1
0.558823529411765	0	58	24	rpart	1
0.558823529411765	-0.1	58	24	rpart	1
0.558823529411765	-0.2	58	24	rpart	1
0.558823529411765	-0.3	58	24	rpart	1
0.5	-0.346700507614213	58	24	rpart	1
1	-0.333823529411765	59	24	rpart	1
0.9	-0.333823529411765	59	24	rpart	1
0.854545454545455	-0.3	59	24	rpart	1
0.854545454545455	-0.2	59	24	rpart	1
0.854545454545455	-0.1	59	24	rpart	1
0.854545454545455	0	59	24	rpart	1
0.854545454545455	0.1	59	24	rpart	1
0.854545454545455	0.2	59	24	rpart	1
0.854545454545455	0.3	59	24	rpart	1
0.854545454545455	0.4	59	24	rpart	1
0.854545454545455	0.5	59	24	rpart	1
0.854545454545455	0.6	59	24	rpart	1
0.854545454545455	0.7	59	24	rpart	1
0.9	0.74	59	24	rpart	1
1	0.74	59	24	rpart	1
-1	-0.841666666666667	60	25	rpart	1
-0.9	-0.841666666666667	60	25	rpart	1
-0.8	-0.841666666666667	60	25	rpart	1
-0.7	-0.841666666666667	60	25	rpart	1
-0.6	-0.841666666666667	60	25	rpart	1
-0.5	-0.841666666666667	60	25	rpart	1
-0.4	-0.841666666666667	60	25	rpart	1
-0.3	-0.841666666666667	60	25	rpart	1
-0.2	-0.841666666666667	60	25	rpart	1
-0.1	-0.841666666666667	60	25	rpart	1
0	-0.841666666666667	60	25	rpart	1
0.1	-0.841666666666667	60	25	rpart	1
0.2	-0.841666666666667	60	25	rpart	1
0.3	-0.841666666666667	60	25	rpart	1
0.4	-0.841666666666667	60	25	rpart	1
0.5	-0.841666666666667	60	25	rpart	1
0.6	-0.841666666666667	60	25	rpart	1
0.7	-0.841666666666667	60	25	rpart	1
0.75364238410596	-0.9	60	25	rpart	1
0.745251396648045	-1	60	25	rpart	1
-1	-0.245882352941176	61	25	rpart	1
-0.9	-0.245882352941176	61	25	rpart	1
-0.8	-0.245882352941176	61	25	rpart	1
-0.7	-0.245882352941176	61	25	rpart	1
-0.6	-0.245882352941176	61	25	rpart	1
-0.5	-0.245882352941176	61	25	rpart	1
-0.450649350649351	-0.3	61	25	rpart	1
-0.450649350649351	-0.4	61	25	rpart	1
-0.450649350649351	-0.5	61	25	rpart	1
-0.450649350649351	-0.6	61	25	rpart	1
-0.4	-0.644117647058824	61	25	rpart	1
-0.3	-0.644117647058824	61	25	rpart	1
-0.2	-0.644117647058824	61	25	rpart	1
-0.1	-0.644117647058824	61	25	rpart	1
-0.023170731707317	-0.6	61	25	rpart	1
-0.023170731707317	-0.5	61	25	rpart	1
-0.023170731707317	-0.4	61	25	rpart	1
-0.023170731707317	-0.3	61	25	rpart	1
0	-0.273255813953488	61	25	rpart	1
0.1	-0.273255813953488	61	25	rpart	1
0.2	-0.273255813953488	61	25	rpart	1
0.3	-0.273255813953488	61	25	rpart	1
0.4	-0.273255813953488	61	25	rpart	1
0.5	-0.232846715328467	61	25	rpart	1
0.6	-0.232846715328467	61	25	rpart	1
0.7	-0.232846715328467	61	25	rpart	1
0.743008849557522	-0.2	61	25	rpart	1
0.7	-0.15609756097561	61	25	rpart	1
0.6	-0.15609756097561	61	25	rpart	1
0.5	-0.15609756097561	61	25	rpart	1
0.4	-0.15609756097561	61	25	rpart	1
0.3	-0.15609756097561	61	25	rpart	1
0.2	-0.15609756097561	61	25	rpart	1
0.1	-0.15609756097561	61	25	rpart	1
0	-0.15609756097561	61	25	rpart	1
-0.1	-0.15609756097561	61	25	rpart	1
-0.2	-0.15609756097561	61	25	rpart	1
-0.3	-0.15609756097561	61	25	rpart	1
-0.4	-0.15609756097561	61	25	rpart	1
-0.5	-0.15609756097561	61	25	rpart	1
-0.6	-0.15609756097561	61	25	rpart	1
-0.7	-0.15609756097561	61	25	rpart	1
-0.8	-0.15609756097561	61	25	rpart	1
-0.9	-0.15609756097561	61	25	rpart	1
-1	-0.15609756097561	61	25	rpart	1
-1	-0.0418604651162791	62	25	rpart	1
-0.9	-0.0418604651162791	62	25	rpart	1
-0.8	-0.0418604651162791	62	25	rpart	1
-0.7	-0.0418604651162791	62	25	rpart	1
-0.6	-0.0418604651162791	62	25	rpart	1
-0.5	-0.0418604651162791	62	25	rpart	1
-0.4	-0.0418604651162791	62	25	rpart	1
-0.3	-0.0418604651162791	62	25	rpart	1
-0.2	-0.0418604651162791	62	25	rpart	1
-0.1	-0.0418604651162791	62	25	rpart	1
0	-0.0418604651162791	62	25	rpart	1
0.1	-0.0418604651162791	62	25	rpart	1
0.2	-0.0418604651162791	62	25	rpart	1
0.3	-0.0418604651162791	62	25	rpart	1
0.4	-0.0418604651162791	62	25	rpart	1
0.5	-0.0418604651162791	62	25	rpart	1
0.6	-0.0418604651162791	62	25	rpart	1
0.7	-0.0418604651162791	62	25	rpart	1
0.74097807757167	0	62	25	rpart	1
0.750943396226415	0.1	62	25	rpart	1
0.8	0.134146341463415	62	25	rpart	1
0.9	0.134146341463415	62	25	rpart	1
1	0.134146341463415	62	25	rpart	1
-1	0.0456521739130435	63	25	rpart	1
-0.9	0.0456521739130435	63	25	rpart	1
-0.823648648648649	0.1	63	25	rpart	1
-0.823648648648649	0.2	63	25	rpart	1
-0.823648648648649	0.3	63	25	rpart	1
-0.823648648648649	0.4	63	25	rpart	1
-0.823648648648649	0.5	63	25	rpart	1
-0.823648648648649	0.6	63	25	rpart	1
-0.823648648648649	0.7	63	25	rpart	1
-0.9	0.752702702702703	63	25	rpart	1
-1	0.752702702702703	63	25	rpart	1
-1	0.851652892561983	64	25	rpart	1
-0.9	0.851652892561983	64	25	rpart	1
-0.8	0.851652892561983	64	25	rpart	1
-0.7	0.851652892561983	64	25	rpart	1
-0.6	0.851652892561983	64	25	rpart	1
-0.5	0.851652892561983	64	25	rpart	1
-0.4	0.851652892561983	64	25	rpart	1
-0.3	0.851652892561983	64	25	rpart	1
-0.2	0.851652892561983	64	25	rpart	1
-0.1	0.851652892561983	64	25	rpart	1
0	0.851652892561983	64	25	rpart	1
0.1	0.851652892561983	64	25	rpart	1
0.2	0.851652892561983	64	25	rpart	1
0.3	0.851652892561983	64	25	rpart	1
0.4	0.851652892561983	64	25	rpart	1
0.5	0.851652892561983	64	25	rpart	1
0.6	0.851652892561983	64	25	rpart	1
0.640068493150685	0.9	64	25	rpart	1
0.640068493150685	1	64	25	rpart	1
0.3	0.0530831099195711	65	25	rpart	1
0.229438001784121	0.1	65	25	rpart	1
0.229438001784121	0.2	65	25	rpart	1
0.229438001784121	0.3	65	25	rpart	1
0.229438001784121	0.4	65	25	rpart	1
0.229438001784121	0.5	65	25	rpart	1
0.229438001784121	0.6	65	25	rpart	1
0.229438001784121	0.7	65	25	rpart	1
0.3	0.745273631840796	65	25	rpart	1
0.4	0.745273631840796	65	25	rpart	1
0.5	0.745273631840796	65	25	rpart	1
0.6	0.745273631840796	65	25	rpart	1
0.637142857142857	0.7	65	25	rpart	1
0.637142857142857	0.6	65	25	rpart	1
0.637142857142857	0.5	65	25	rpart	1
0.637142857142857	0.4	65	25	rpart	1
0.637142857142857	0.3	65	25	rpart	1
0.637142857142857	0.2	65	25	rpart	1
0.637142857142857	0.1	65	25	rpart	1
0.6	0.0530831099195711	65	25	rpart	1
0.5	0.0530831099195711	65	25	rpart	1
0.4	0.0530831099195711	65	25	rpart	1
0.3	0.0530831099195711	65	25	rpart	1
1	0.378571428571429	66	25	rpart	1
0.9	0.378571428571429	66	25	rpart	1
0.8	0.378571428571429	66	25	rpart	1
0.766379310344828	0.4	66	25	rpart	1
0.766379310344828	0.5	66	25	rpart	1
0.766379310344828	0.6	66	25	rpart	1
0.766379310344828	0.7	66	25	rpart	1
0.766379310344828	0.8	66	25	rpart	1
0.766379310344828	0.9	66	25	rpart	1
0.766379310344828	1	66	25	rpart	1
-1	0.125	67	26	rpart	1
-0.9	0.125	67	26	rpart	1
-0.8	0.125	67	26	rpart	1
-0.7	0.125	67	26	rpart	1
-0.6	0.125	67	26	rpart	1
-0.5	0.125	67	26	rpart	1
-0.4	0.125	67	26	rpart	1
-0.3	0.125	67	26	rpart	1
-0.2	0.125	67	26	rpart	1
-0.1	0.125	67	26	rpart	1
0	0.125	67	26	rpart	1
0.1	0.125	67	26	rpart	1
0.2	0.125	67	26	rpart	1
0.3	0.125	67	26	rpart	1
0.4	0.125	67	26	rpart	1
0.5	0.125	67	26	rpart	1
0.6	0.125	67	26	rpart	1
0.7	0.125	67	26	rpart	1
0.8	0.125	67	26	rpart	1
0.9	0.125	67	26	rpart	1
1	0.125	67	26	rpart	1
-1	-0.257575757575758	68	27	rpart	1
-0.9	-0.257575757575758	68	27	rpart	1
-0.8	-0.257575757575758	68	27	rpart	1
-0.7	-0.257575757575758	68	27	rpart	1
-0.6	-0.257575757575758	68	27	rpart	1
-0.5	-0.257575757575758	68	27	rpart	1
-0.4	-0.257575757575758	68	27	rpart	1
-0.3	-0.257575757575758	68	27	rpart	1
-0.2	-0.257575757575758	68	27	rpart	1
-0.1	-0.257575757575758	68	27	rpart	1
0	-0.257575757575758	68	27	rpart	1
0.1	-0.257575757575758	68	27	rpart	1
0.2	-0.257575757575758	68	27	rpart	1
0.3	-0.257575757575758	68	27	rpart	1
0.4	-0.257575757575758	68	27	rpart	1
0.5	-0.257575757575758	68	27	rpart	1
0.6	-0.257575757575758	68	27	rpart	1
0.7	-0.257575757575758	68	27	rpart	1
0.8	-0.257575757575758	68	27	rpart	1
0.9	-0.257575757575758	68	27	rpart	1
1	-0.257575757575758	68	27	rpart	1
-1	0.575	69	27	rpart	1
-0.9	0.575	69	27	rpart	1
-0.8	0.575	69	27	rpart	1
-0.7	0.575	69	27	rpart	1
-0.6	0.575	69	27	rpart	1
-0.5	0.575	69	27	rpart	1
-0.4	0.575	69	27	rpart	1
-0.3	0.575	69	27	rpart	1
-0.2	0.575	69	27	rpart	1
-0.1	0.575	69	27	rpart	1
0	0.575	69	27	rpart	1
0.1	0.575	69	27	rpart	1
0.2	0.575	69	27	rpart	1
0.3	0.575	69	27	rpart	1
0.4	0.575	69	27	rpart	1
0.5	0.575	69	27	rpart	1
0.6	0.575	69	27	rpart	1
0.7	0.575	69	27	rpart	1
0.8	0.575	69	27	rpart	1
0.9	0.575	69	27	rpart	1
1	0.575	69	27	rpart	1
-0.444	-1	70	28	rpart	1
-0.444	-0.9	70	28	rpart	1
-0.444	-0.8	70	28	rpart	1
-0.444	-0.7	70	28	rpart	1
-0.444	-0.6	70	28	rpart	1
-0.444	-0.5	70	28	rpart	1
-0.444	-0.4	70	28	rpart	1
-0.444	-0.3	70	28	rpart	1
-0.444	-0.2	70	28	rpart	1
-0.444	-0.1	70	28	rpart	1
-0.444	0	70	28	rpart	1
-0.444	0.1	70	28	rpart	1
-0.444	0.2	70	28	rpart	1
-0.444	0.3	70	28	rpart	1
-0.444	0.4	70	28	rpart	1
-0.444	0.5	70	28	rpart	1
-0.444	0.6	70	28	rpart	1
-0.444	0.7	70	28	rpart	1
-0.444	0.8	70	28	rpart	1
-0.444	0.9	70	28	rpart	1
-0.444	1	70	28	rpart	1
0.43	-1	71	28	rpart	1
0.43	-0.9	71	28	rpart	1
0.43	-0.8	71	28	rpart	1
0.43	-0.7	71	28	rpart	1
0.43	-0.6	71	28	rpart	1
0.43	-0.5	71	28	rpart	1
0.43	-0.4	71	28	rpart	1
0.43	-0.3	71	28	rpart	1
0.5	-0.217647058823529	71	28	rpart	1
0.6	-0.217647058823529	71	28	rpart	1
0.7	-0.217647058823529	71	28	rpart	1
0.8	-0.217647058823529	71	28	rpart	1
0.9	-0.217647058823529	71	28	rpart	1
1	-0.217647058823529	71	28	rpart	1
1	0.516666666666667	72	28	rpart	1
0.9	0.516666666666667	72	28	rpart	1
0.8	0.516666666666667	72	28	rpart	1
0.7	0.516666666666667	72	28	rpart	1
0.6	0.516666666666667	72	28	rpart	1
0.5	0.516666666666667	72	28	rpart	1
0.428571428571429	0.6	72	28	rpart	1
0.428571428571429	0.7	72	28	rpart	1
0.428571428571429	0.8	72	28	rpart	1
0.428571428571429	0.9	72	28	rpart	1
0.428571428571429	1	72	28	rpart	1
-1	-0.263583815028902	73	29	rpart	1
-0.9	-0.263583815028902	73	29	rpart	1
-0.8	-0.263583815028902	73	29	rpart	1
-0.7	-0.263583815028902	73	29	rpart	1
-0.6	-0.263583815028902	73	29	rpart	1
-0.5	-0.263583815028902	73	29	rpart	1
-0.476923076923077	-0.3	73	29	rpart	1
-0.476923076923077	-0.4	73	29	rpart	1
-0.476923076923077	-0.5	73	29	rpart	1
-0.476923076923077	-0.6	73	29	rpart	1
-0.476923076923077	-0.7	73	29	rpart	1
-0.4	-0.763636363636364	73	29	rpart	1
-0.3	-0.763636363636364	73	29	rpart	1
-0.2	-0.763636363636364	73	29	rpart	1
-0.1	-0.763636363636364	73	29	rpart	1
-0.0259259259259259	-0.8	73	29	rpart	1
-0.0259259259259259	-0.9	73	29	rpart	1
-0.0259259259259259	-1	73	29	rpart	1
-1	0.14559585492228	74	29	rpart	1
-0.9	0.14559585492228	74	29	rpart	1
-0.8	0.14559585492228	74	29	rpart	1
-0.7	0.14559585492228	74	29	rpart	1
-0.6	0.14559585492228	74	29	rpart	1
-0.5	0.14559585492228	74	29	rpart	1
-0.4	0.14559585492228	74	29	rpart	1
-0.3	0.14559585492228	74	29	rpart	1
-0.2	0.14559585492228	74	29	rpart	1
-0.1	0.14559585492228	74	29	rpart	1
0	0.14559585492228	74	29	rpart	1
0.1	0.14559585492228	74	29	rpart	1
0.2	0.14559585492228	74	29	rpart	1
0.3	0.14559585492228	74	29	rpart	1
0.4	0.14559585492228	74	29	rpart	1
0.5	0.14559585492228	74	29	rpart	1
0.560975609756098	0.2	74	29	rpart	1
0.560975609756098	0.3	74	29	rpart	1
0.5	0.374344023323615	74	29	rpart	1
0.4	0.374344023323615	74	29	rpart	1
0.3	0.374344023323615	74	29	rpart	1
0.2	0.374344023323615	74	29	rpart	1
0.1	0.374344023323615	74	29	rpart	1
0	0.374344023323615	74	29	rpart	1
-0.1	0.374344023323615	74	29	rpart	1
-0.2	0.374344023323615	74	29	rpart	1
-0.3	0.374344023323615	74	29	rpart	1
-0.4	0.374344023323615	74	29	rpart	1
-0.5	0.374344023323615	74	29	rpart	1
-0.6	0.374344023323615	74	29	rpart	1
-0.7	0.374344023323615	74	29	rpart	1
-0.8	0.374344023323615	74	29	rpart	1
-0.9	0.374344023323615	74	29	rpart	1
-1	0.374344023323615	74	29	rpart	1
-1	0.833478260869565	75	29	rpart	1
-0.9	0.833478260869565	75	29	rpart	1
-0.8	0.833478260869565	75	29	rpart	1
-0.7	0.833478260869565	75	29	rpart	1
-0.6	0.833478260869565	75	29	rpart	1
-0.5	0.833478260869565	75	29	rpart	1
-0.4	0.833478260869565	75	29	rpart	1
-0.3	0.833478260869565	75	29	rpart	1
-0.2	0.833478260869565	75	29	rpart	1
-0.1	0.833478260869565	75	29	rpart	1
0	0.833478260869565	75	29	rpart	1
0.1	0.833478260869565	75	29	rpart	1
0.2	0.833478260869565	75	29	rpart	1
0.3	0.833478260869565	75	29	rpart	1
0.4	0.833478260869565	75	29	rpart	1
0.5	0.833478260869565	75	29	rpart	1
0.525313807531381	0.8	75	29	rpart	1
0.525313807531381	0.7	75	29	rpart	1
0.525313807531381	0.6	75	29	rpart	1
0.6	0.53859649122807	75	29	rpart	1
0.7	0.53859649122807	75	29	rpart	1
0.8	0.53859649122807	75	29	rpart	1
0.9	0.53859649122807	75	29	rpart	1
1	0.53859649122807	75	29	rpart	1
0.52578125	-1	76	29	rpart	1
0.52578125	-0.9	76	29	rpart	1
0.52578125	-0.8	76	29	rpart	1
0.530275229357798	-0.7	76	29	rpart	1
0.530275229357798	-0.6	76	29	rpart	1
0.530275229357798	-0.5	76	29	rpart	1
0.5	-0.457142857142857	76	29	rpart	1
0.4	-0.457142857142857	76	29	rpart	1
0.3	-0.457142857142857	76	29	rpart	1
0.2	-0.457142857142857	76	29	rpart	1
0.1	-0.457142857142857	76	29	rpart	1
0	-0.457142857142857	76	29	rpart	1
-0.025	-0.4	76	29	rpart	1
-0.025	-0.3	76	29	rpart	1
0	-0.261111111111111	76	29	rpart	1
0.1	-0.261111111111111	76	29	rpart	1
0.2	-0.261111111111111	76	29	rpart	1
0.3	-0.261111111111111	76	29	rpart	1
0.4	-0.261111111111111	76	29	rpart	1
0.5	-0.261111111111111	76	29	rpart	1
0.547637795275591	-0.2	76	29	rpart	1
0.547637795275591	-0.1	76	29	rpart	1
0.547637795275591	0	76	29	rpart	1
0.6	0.0590062111801243	76	29	rpart	1
0.7	0.0590062111801243	76	29	rpart	1
0.8	0.0590062111801243	76	29	rpart	1
0.9	0.0590062111801243	76	29	rpart	1
1	0.0590062111801243	76	29	rpart	1
-1	-0.841666666666667	81	30	rpart	1
-0.9	-0.841666666666667	81	30	rpart	1
-0.8	-0.841666666666667	81	30	rpart	1
-0.7	-0.841666666666667	81	30	rpart	1
-0.6	-0.841666666666667	81	30	rpart	1
-0.5	-0.841666666666667	81	30	rpart	1
-0.4	-0.841666666666667	81	30	rpart	1
-0.3	-0.841666666666667	81	30	rpart	1
-0.2	-0.841666666666667	81	30	rpart	1
-0.1	-0.841666666666667	81	30	rpart	1
0	-0.841666666666667	81	30	rpart	1
0.1	-0.841666666666667	81	30	rpart	1
0.2	-0.841666666666667	81	30	rpart	1
0.3	-0.841666666666667	81	30	rpart	1
0.4	-0.841666666666667	81	30	rpart	1
0.5	-0.841666666666667	81	30	rpart	1
0.6	-0.841666666666667	81	30	rpart	1
0.7	-0.841666666666667	81	30	rpart	1
0.75364238410596	-0.9	81	30	rpart	1
0.745251396648045	-1	81	30	rpart	1
-1	-0.245882352941176	82	30	rpart	1
-0.9	-0.245882352941176	82	30	rpart	1
-0.8	-0.245882352941176	82	30	rpart	1
-0.7	-0.245882352941176	82	30	rpart	1
-0.6	-0.245882352941176	82	30	rpart	1
-0.5	-0.245882352941176	82	30	rpart	1
-0.450649350649351	-0.3	82	30	rpart	1
-0.450649350649351	-0.4	82	30	rpart	1
-0.450649350649351	-0.5	82	30	rpart	1
-0.450649350649351	-0.6	82	30	rpart	1
-0.4	-0.644117647058824	82	30	rpart	1
-0.3	-0.644117647058824	82	30	rpart	1
-0.2	-0.644117647058824	82	30	rpart	1
-0.1	-0.644117647058824	82	30	rpart	1
-0.023170731707317	-0.6	82	30	rpart	1
-0.023170731707317	-0.5	82	30	rpart	1
-0.023170731707317	-0.4	82	30	rpart	1
-0.023170731707317	-0.3	82	30	rpart	1
0	-0.273255813953488	82	30	rpart	1
0.1	-0.273255813953488	82	30	rpart	1
0.2	-0.273255813953488	82	30	rpart	1
0.3	-0.273255813953488	82	30	rpart	1
0.4	-0.273255813953488	82	30	rpart	1
0.5	-0.232846715328467	82	30	rpart	1
0.6	-0.232846715328467	82	30	rpart	1
0.7	-0.232846715328467	82	30	rpart	1
0.743008849557522	-0.2	82	30	rpart	1
0.7	-0.15609756097561	82	30	rpart	1
0.6	-0.15609756097561	82	30	rpart	1
0.5	-0.15609756097561	82	30	rpart	1
0.4	-0.15609756097561	82	30	rpart	1
0.3	-0.15609756097561	82	30	rpart	1
0.2	-0.15609756097561	82	30	rpart	1
0.1	-0.15609756097561	82	30	rpart	1
0	-0.15609756097561	82	30	rpart	1
-0.1	-0.15609756097561	82	30	rpart	1
-0.2	-0.15609756097561	82	30	rpart	1
-0.3	-0.15609756097561	82	30	rpart	1
-0.4	-0.15609756097561	82	30	rpart	1
-0.5	-0.15609756097561	82	30	rpart	1
-0.6	-0.15609756097561	82	30	rpart	1
-0.7	-0.15609756097561	82	30	rpart	1
-0.8	-0.15609756097561	82	30	rpart	1
-0.9	-0.15609756097561	82	30	rpart	1
-1	-0.15609756097561	82	30	rpart	1
-1	-0.0418604651162791	83	30	rpart	1
-0.9	-0.0418604651162791	83	30	rpart	1
-0.8	-0.0418604651162791	83	30	rpart	1
-0.7	-0.0418604651162791	83	30	rpart	1
-0.6	-0.0418604651162791	83	30	rpart	1
-0.5	-0.0418604651162791	83	30	rpart	1
-0.4	-0.0418604651162791	83	30	rpart	1
-0.3	-0.0418604651162791	83	30	rpart	1
-0.2	-0.0418604651162791	83	30	rpart	1
-0.1	-0.0418604651162791	83	30	rpart	1
0	-0.0418604651162791	83	30	rpart	1
0.1	-0.0418604651162791	83	30	rpart	1
0.2	-0.0418604651162791	83	30	rpart	1
0.3	-0.0418604651162791	83	30	rpart	1
0.4	-0.0418604651162791	83	30	rpart	1
0.5	-0.0418604651162791	83	30	rpart	1
0.6	-0.0418604651162791	83	30	rpart	1
0.7	-0.0418604651162791	83	30	rpart	1
0.74097807757167	0	83	30	rpart	1
0.750943396226415	0.1	83	30	rpart	1
0.8	0.134146341463415	83	30	rpart	1
0.9	0.134146341463415	83	30	rpart	1
1	0.134146341463415	83	30	rpart	1
-1	0.0456521739130435	84	30	rpart	1
-0.9	0.0456521739130435	84	30	rpart	1
-0.823648648648649	0.1	84	30	rpart	1
-0.823648648648649	0.2	84	30	rpart	1
-0.823648648648649	0.3	84	30	rpart	1
-0.823648648648649	0.4	84	30	rpart	1
-0.823648648648649	0.5	84	30	rpart	1
-0.823648648648649	0.6	84	30	rpart	1
-0.823648648648649	0.7	84	30	rpart	1
-0.9	0.752702702702703	84	30	rpart	1
-1	0.752702702702703	84	30	rpart	1
-1	0.851652892561983	85	30	rpart	1
-0.9	0.851652892561983	85	30	rpart	1
-0.8	0.851652892561983	85	30	rpart	1
-0.7	0.851652892561983	85	30	rpart	1
-0.6	0.851652892561983	85	30	rpart	1
-0.5	0.851652892561983	85	30	rpart	1
-0.4	0.851652892561983	85	30	rpart	1
-0.3	0.851652892561983	85	30	rpart	1
-0.2	0.851652892561983	85	30	rpart	1
-0.1	0.851652892561983	85	30	rpart	1
0	0.851652892561983	85	30	rpart	1
0.1	0.851652892561983	85	30	rpart	1
0.2	0.851652892561983	85	30	rpart	1
0.3	0.851652892561983	85	30	rpart	1
0.4	0.851652892561983	85	30	rpart	1
0.5	0.851652892561983	85	30	rpart	1
0.6	0.851652892561983	85	30	rpart	1
0.640068493150685	0.9	85	30	rpart	1
0.640068493150685	1	85	30	rpart	1
0.3	0.0530831099195711	86	30	rpart	1
0.229438001784121	0.1	86	30	rpart	1
0.229438001784121	0.2	86	30	rpart	1
0.229438001784121	0.3	86	30	rpart	1
0.229438001784121	0.4	86	30	rpart	1
0.229438001784121	0.5	86	30	rpart	1
0.229438001784121	0.6	86	30	rpart	1
0.229438001784121	0.7	86	30	rpart	1
0.3	0.745273631840796	86	30	rpart	1
0.4	0.745273631840796	86	30	rpart	1
0.5	0.745273631840796	86	30	rpart	1
0.6	0.745273631840796	86	30	rpart	1
0.637142857142857	0.7	86	30	rpart	1
0.637142857142857	0.6	86	30	rpart	1
0.637142857142857	0.5	86	30	rpart	1
0.637142857142857	0.4	86	30	rpart	1
0.637142857142857	0.3	86	30	rpart	1
0.637142857142857	0.2	86	30	rpart	1
0.637142857142857	0.1	86	30	rpart	1
0.6	0.0530831099195711	86	30	rpart	1
0.5	0.0530831099195711	86	30	rpart	1
0.4	0.0530831099195711	86	30	rpart	1
0.3	0.0530831099195711	86	30	rpart	1
1	0.378571428571429	87	30	rpart	1
0.9	0.378571428571429	87	30	rpart	1
0.8	0.378571428571429	87	30	rpart	1
0.766379310344828	0.4	87	30	rpart	1
0.766379310344828	0.5	87	30	rpart	1
0.766379310344828	0.6	87	30	rpart	1
0.766379310344828	0.7	87	30	rpart	1
0.766379310344828	0.8	87	30	rpart	1
0.766379310344828	0.9	87	30	rpart	1
0.766379310344828	1	87	30	rpart	1
-0.13125	-1	88	31	rpart	1
-0.13125	-0.9	88	31	rpart	1
-0.13125	-0.8	88	31	rpart	1
-0.13125	-0.7	88	31	rpart	1
-0.13125	-0.6	88	31	rpart	1
-0.13125	-0.5	88	31	rpart	1
-0.13125	-0.4	88	31	rpart	1
-0.13125	-0.3	88	31	rpart	1
-0.13125	-0.2	88	31	rpart	1
-0.13125	-0.1	88	31	rpart	1
-0.13125	0	88	31	rpart	1
-0.13125	0.1	88	31	rpart	1
-0.13125	0.2	88	31	rpart	1
-0.13125	0.3	88	31	rpart	1
-0.13125	0.4	88	31	rpart	1
-0.13125	0.5	88	31	rpart	1
-0.13125	0.6	88	31	rpart	1
-0.13125	0.7	88	31	rpart	1
-0.13125	0.8	88	31	rpart	1
-0.13125	0.9	88	31	rpart	1
-0.13125	1	88	31	rpart	1
-0.562686567164179	-1	89	32	rpart	1
-0.562686567164179	-0.9	89	32	rpart	1
-0.562686567164179	-0.8	89	32	rpart	1
-0.562686567164179	-0.7	89	32	rpart	1
-0.562686567164179	-0.6	89	32	rpart	1
-0.562686567164179	-0.5	89	32	rpart	1
-0.562686567164179	-0.4	89	32	rpart	1
-0.562686567164179	-0.3	89	32	rpart	1
-0.562686567164179	-0.2	89	32	rpart	1
-0.562686567164179	-0.1	89	32	rpart	1
-0.562686567164179	0	89	32	rpart	1
-0.562686567164179	0.1	89	32	rpart	1
-0.562686567164179	0.2	89	32	rpart	1
-0.562686567164179	0.3	89	32	rpart	1
-0.562686567164179	0.4	89	32	rpart	1
-0.562686567164179	0.5	89	32	rpart	1
-0.562686567164179	0.6	89	32	rpart	1
-0.562686567164179	0.7	89	32	rpart	1
-0.562686567164179	0.8	89	32	rpart	1
-0.562686567164179	0.9	89	32	rpart	1
-0.562686567164179	1	89	32	rpart	1
0.441176470588235	-1	90	32	rpart	1
0.441176470588235	-0.9	90	32	rpart	1
0.441176470588235	-0.8	90	32	rpart	1
0.441176470588235	-0.7	90	32	rpart	1
0.441176470588235	-0.6	90	32	rpart	1
0.441176470588235	-0.5	90	32	rpart	1
0.441176470588235	-0.4	90	32	rpart	1
0.441176470588235	-0.3	90	32	rpart	1
0.441176470588235	-0.2	90	32	rpart	1
0.441176470588235	-0.1	90	32	rpart	1
0.441176470588235	0	90	32	rpart	1
0.441176470588235	0.1	90	32	rpart	1
0.441176470588235	0.2	90	32	rpart	1
0.441176470588235	0.3	90	32	rpart	1
0.441176470588235	0.4	90	32	rpart	1
0.441176470588235	0.5	90	32	rpart	1
0.441176470588235	0.6	90	32	rpart	1
0.441176470588235	0.7	90	32	rpart	1
0.441176470588235	0.8	90	32	rpart	1
0.441176470588235	0.9	90	32	rpart	1
0.441176470588235	1	90	32	rpart	1
-1	-0.13785046728972	91	33	rpart	1
-0.9	-0.13785046728972	91	33	rpart	1
-0.8	-0.13785046728972	91	33	rpart	1
-0.7	-0.13785046728972	91	33	rpart	1
-0.6	-0.13785046728972	91	33	rpart	1
-0.5	-0.13785046728972	91	33	rpart	1
-0.4	-0.13785046728972	91	33	rpart	1
-0.3	-0.13785046728972	91	33	rpart	1
-0.2	-0.13785046728972	91	33	rpart	1
-0.163679245283019	-0.2	91	33	rpart	1
-0.163679245283019	-0.3	91	33	rpart	1
-0.163679245283019	-0.4	91	33	rpart	1
-0.163679245283019	-0.5	91	33	rpart	1
-0.163679245283019	-0.6	91	33	rpart	1
-0.163679245283019	-0.7	91	33	rpart	1
-0.163679245283019	-0.8	91	33	rpart	1
-0.163679245283019	-0.9	91	33	rpart	1
-0.163679245283019	-1	91	33	rpart	1
-1	0.826923076923077	92	33	rpart	1
-0.9	0.826923076923077	92	33	rpart	1
-0.8	0.826923076923077	92	33	rpart	1
-0.7	0.826923076923077	92	33	rpart	1
-0.6	0.826923076923077	92	33	rpart	1
-0.5	0.826923076923077	92	33	rpart	1
-0.4	0.826923076923077	92	33	rpart	1
-0.3	0.826923076923077	92	33	rpart	1
-0.2	0.826923076923077	92	33	rpart	1
-0.1	0.851470588235294	92	33	rpart	1
0	0.851470588235294	92	33	rpart	1
0.1	0.851470588235294	92	33	rpart	1
0.2	0.851470588235294	92	33	rpart	1
0.3	0.851470588235294	92	33	rpart	1
0.4	0.82258064516129	92	33	rpart	1
0.5	0.82258064516129	92	33	rpart	1
0.6	0.82258064516129	92	33	rpart	1
0.7	0.82258064516129	92	33	rpart	1
0.8	0.82258064516129	92	33	rpart	1
0.9	0.82258064516129	92	33	rpart	1
1	0.82258064516129	92	33	rpart	1
0.353191489361702	-1	93	33	rpart	1
0.353191489361702	-0.9	93	33	rpart	1
0.353191489361702	-0.8	93	33	rpart	1
0.353191489361702	-0.7	93	33	rpart	1
0.353191489361702	-0.6	93	33	rpart	1
0.353191489361702	-0.5	93	33	rpart	1
0.353191489361702	-0.4	93	33	rpart	1
0.353191489361702	-0.3	93	33	rpart	1
0.353191489361702	-0.2	93	33	rpart	1
0.4	-0.123809523809524	93	33	rpart	1
0.5	-0.123809523809524	93	33	rpart	1
0.6	-0.123809523809524	93	33	rpart	1
0.7	-0.123809523809524	93	33	rpart	1
0.8	-0.123809523809524	93	33	rpart	1
0.9	-0.123809523809524	93	33	rpart	1
1	-0.123809523809524	93	33	rpart	1
-1	-0.922	94	34	rpart	1
-0.9	-0.922	94	34	rpart	1
-0.8	-0.922	94	34	rpart	1
-0.7	-0.922	94	34	rpart	1
-0.6	-0.94	94	34	rpart	1
-0.5	-0.94	94	34	rpart	1
-0.4	-0.94	94	34	rpart	1
-0.3	-0.94	94	34	rpart	1
-0.229032258064516	-0.9	94	34	rpart	1
-0.229032258064516	-0.8	94	34	rpart	1
-0.229032258064516	-0.7	94	34	rpart	1
-0.279710144927536	-0.6	94	34	rpart	1
-0.279710144927536	-0.5	94	34	rpart	1
-0.279710144927536	-0.4	94	34	rpart	1
-0.279710144927536	-0.3	94	34	rpart	1
-0.279710144927536	-0.2	94	34	rpart	1
-0.279710144927536	-0.1	94	34	rpart	1
-0.2	-0.0244186046511628	94	34	rpart	1
-0.1	-0.0244186046511628	94	34	rpart	1
0	-0.0244186046511628	94	34	rpart	1
0.0235294117647059	0	94	34	rpart	1
0.0235294117647059	0.1	94	34	rpart	1
0.0235294117647059	0.2	94	34	rpart	1
0.0235294117647059	0.3	94	34	rpart	1
0.0235294117647059	0.4	94	34	rpart	1
0.0235294117647059	0.5	94	34	rpart	1
0	0.535	94	34	rpart	1
-0.1	0.535	94	34	rpart	1
-0.2	0.535	94	34	rpart	1
-0.270212765957447	0.6	94	34	rpart	1
-0.2	0.646153846153846	94	34	rpart	1
-0.1	0.646153846153846	94	34	rpart	1
0	0.646153846153846	94	34	rpart	1
0.1	0.66	94	34	rpart	1
0.2	0.66	94	34	rpart	1
0.275	0.6	94	34	rpart	1
0.275	0.5	94	34	rpart	1
0.275	0.4	94	34	rpart	1
0.275	0.3	94	34	rpart	1
0.275	0.2	94	34	rpart	1
0.275	0.1	94	34	rpart	1
0.3	0.0750000000000001	94	34	rpart	1
0.4	0.0750000000000001	94	34	rpart	1
0.5	0.0750000000000001	94	34	rpart	1
0.6	0.0750000000000001	94	34	rpart	1
0.624324324324324	0.1	94	34	rpart	1
0.624324324324324	0.2	94	34	rpart	1
0.624324324324324	0.3	94	34	rpart	1
0.624324324324324	0.4	94	34	rpart	1
0.624324324324324	0.5	94	34	rpart	1
0.624324324324324	0.6	94	34	rpart	1
0.7	0.660869565217392	94	34	rpart	1
0.8	0.660869565217392	94	34	rpart	1
0.862758620689655	0.6	94	34	rpart	1
0.862758620689655	0.5	94	34	rpart	1
0.862758620689655	0.4	94	34	rpart	1
0.862758620689655	0.3	94	34	rpart	1
0.862758620689655	0.2	94	34	rpart	1
0.862758620689655	0.1	94	34	rpart	1
0.862758620689655	0	94	34	rpart	1
0.862758620689655	-0.1	94	34	rpart	1
0.862758620689655	-0.2	94	34	rpart	1
0.862758620689655	-0.3	94	34	rpart	1
0.862758620689655	-0.4	94	34	rpart	1
0.862758620689655	-0.5	94	34	rpart	1
0.862758620689655	-0.6	94	34	rpart	1
0.8	-0.677118644067797	94	34	rpart	1
0.7	-0.677118644067797	94	34	rpart	1
0.645	-0.6	94	34	rpart	1
0.645	-0.5	94	34	rpart	1
0.645	-0.4	94	34	rpart	1
0.645	-0.3	94	34	rpart	1
0.6	-0.254098360655738	94	34	rpart	1
0.5	-0.254098360655738	94	34	rpart	1
0.4	-0.254098360655738	94	34	rpart	1
0.3	-0.254098360655738	94	34	rpart	1
0.254098360655738	-0.3	94	34	rpart	1
0.254098360655738	-0.4	94	34	rpart	1
0.254098360655738	-0.5	94	34	rpart	1
0.254098360655738	-0.6	94	34	rpart	1
0.3	-0.67	94	34	rpart	1
0.354166666666667	-0.7	94	34	rpart	1
0.354166666666667	-0.8	94	34	rpart	1
0.354166666666667	-0.9	94	34	rpart	1
0.4	-0.91875	94	34	rpart	1
0.5	-0.91875	94	34	rpart	1
0.6	-0.91875	94	34	rpart	1
0.7	-0.91875	94	34	rpart	1
0.8	-0.91875	94	34	rpart	1
0.868421052631579	-1	94	34	rpart	1
-0.6	-0.648837209302326	95	34	rpart	1
-0.669289340101523	-0.6	95	34	rpart	1
-0.669289340101523	-0.5	95	34	rpart	1
-0.669289340101523	-0.4	95	34	rpart	1
-0.669289340101523	-0.3	95	34	rpart	1
-0.669289340101523	-0.2	95	34	rpart	1
-0.669289340101523	-0.1	95	34	rpart	1
-0.669289340101523	0	95	34	rpart	1
-0.669289340101523	0.1	95	34	rpart	1
-0.669289340101523	0.2	95	34	rpart	1
-0.669289340101523	0.3	95	34	rpart	1
-0.669289340101523	0.4	95	34	rpart	1
-0.669289340101523	0.5	95	34	rpart	1
-0.669289340101523	0.6	95	34	rpart	1
-0.6	0.656	95	34	rpart	1
-0.522222222222222	0.6	95	34	rpart	1
-0.522222222222222	0.5	95	34	rpart	1
-0.522222222222222	0.4	95	34	rpart	1
-0.522222222222222	0.3	95	34	rpart	1
-0.522222222222222	0.2	95	34	rpart	1
-0.522222222222222	0.1	95	34	rpart	1
-0.522222222222222	0	95	34	rpart	1
-0.522222222222222	-0.1	95	34	rpart	1
-0.522222222222222	-0.2	95	34	rpart	1
-0.522222222222222	-0.3	95	34	rpart	1
-0.522222222222222	-0.4	95	34	rpart	1
-0.522222222222222	-0.5	95	34	rpart	1
-0.522222222222222	-0.6	95	34	rpart	1
-0.6	-0.648837209302326	95	34	rpart	1
-0.6	0.738461538461539	96	34	rpart	1
-0.6739336492891	0.8	96	34	rpart	1
-0.6	0.858333333333333	96	34	rpart	1
-0.5	0.858333333333333	96	34	rpart	1
-0.4	0.858333333333333	96	34	rpart	1
-0.3	0.858333333333333	96	34	rpart	1
-0.2	0.858333333333333	96	34	rpart	1
-0.1	0.858333333333333	96	34	rpart	1
0	0.858333333333333	96	34	rpart	1
0.1	0.858333333333333	96	34	rpart	1
0.2	0.858333333333333	96	34	rpart	1
0.3	0.858333333333333	96	34	rpart	1
0.4	0.858333333333333	96	34	rpart	1
0.5	0.858333333333333	96	34	rpart	1
0.6	0.858333333333333	96	34	rpart	1
0.7	0.858333333333333	96	34	rpart	1
0.8	0.858333333333333	96	34	rpart	1
0.863414634146342	0.8	96	34	rpart	1
0.8	0.738461538461539	96	34	rpart	1
0.7	0.738461538461539	96	34	rpart	1
0.6	0.738461538461539	96	34	rpart	1
0.5	0.738461538461539	96	34	rpart	1
0.4	0.738461538461539	96	34	rpart	1
0.3	0.738461538461539	96	34	rpart	1
0.2	0.738461538461539	96	34	rpart	1
0.1	0.738461538461539	96	34	rpart	1
0	0.738461538461539	96	34	rpart	1
-0.1	0.738461538461539	96	34	rpart	1
-0.2	0.738461538461539	96	34	rpart	1
-0.3	0.738461538461539	96	34	rpart	1
-0.4	0.738461538461539	96	34	rpart	1
-0.5	0.738461538461539	96	34	rpart	1
-0.6	0.738461538461539	96	34	rpart	1
-1	-0.152615384615385	97	35	rpart	1
-0.9	-0.152615384615385	97	35	rpart	1
-0.8	-0.152615384615385	97	35	rpart	1
-0.7	-0.152615384615385	97	35	rpart	1
-0.6	-0.152615384615385	97	35	rpart	1
-0.5	-0.152615384615385	97	35	rpart	1
-0.4	-0.152615384615385	97	35	rpart	1
-0.3	-0.152615384615385	97	35	rpart	1
-0.2	-0.152615384615385	97	35	rpart	1
-0.165853658536585	-0.2	97	35	rpart	1
-0.165853658536585	-0.3	97	35	rpart	1
-0.165853658536585	-0.4	97	35	rpart	1
-0.165853658536585	-0.5	97	35	rpart	1
-0.165853658536585	-0.6	97	35	rpart	1
-0.165853658536585	-0.7	97	35	rpart	1
-0.165853658536585	-0.8	97	35	rpart	1
-0.165853658536585	-0.9	97	35	rpart	1
-0.1	-0.956896551724138	97	35	rpart	1
-0.0380434782608696	-0.9	97	35	rpart	1
-0.0380434782608696	-0.8	97	35	rpart	1
-0.0380434782608696	-0.7	97	35	rpart	1
-0.0380434782608696	-0.6	97	35	rpart	1
-0.0380434782608696	-0.5	97	35	rpart	1
-0.0380434782608696	-0.4	97	35	rpart	1
-0.0380434782608696	-0.3	97	35	rpart	1
-0.0380434782608696	-0.2	97	35	rpart	1
0	-0.148391420911528	97	35	rpart	1
0.1	-0.148391420911528	97	35	rpart	1
0.135	-0.2	97	35	rpart	1
0.135	-0.3	97	35	rpart	1
0.135	-0.4	97	35	rpart	1
0.135	-0.5	97	35	rpart	1
0.135	-0.6	97	35	rpart	1
0.135	-0.7	97	35	rpart	1
0.135	-0.8	97	35	rpart	1
0.135	-0.9	97	35	rpart	1
0.2	-0.960084033613445	97	35	rpart	1
0.271832884097035	-0.9	97	35	rpart	1
0.271832884097035	-0.8	97	35	rpart	1
0.271832884097035	-0.7	97	35	rpart	1
0.271832884097035	-0.6	97	35	rpart	1
0.271832884097035	-0.5	97	35	rpart	1
0.271832884097035	-0.4	97	35	rpart	1
0.271832884097035	-0.3	97	35	rpart	1
0.271832884097035	-0.2	97	35	rpart	1
0.3	-0.15628612716763	97	35	rpart	1
0.4	-0.15628612716763	97	35	rpart	1
0.443181818181818	-0.1	97	35	rpart	1
0.5	-0.0506578947368421	97	35	rpart	1
0.6	-0.0506578947368421	97	35	rpart	1
0.7	-0.0506578947368421	97	35	rpart	1
0.8	-0.0506578947368421	97	35	rpart	1
0.9	-0.0506578947368421	97	35	rpart	1
1	-0.0506578947368421	97	35	rpart	1
-1	0.0460784313725491	98	35	rpart	1
-0.9	0.0460784313725491	98	35	rpart	1
-0.8	0.0460784313725491	98	35	rpart	1
-0.7	0.0460784313725491	98	35	rpart	1
-0.626420986883198	0.1	98	35	rpart	1
-0.626420986883198	0.2	98	35	rpart	1
-0.626420986883198	0.3	98	35	rpart	1
-0.626420986883198	0.4	98	35	rpart	1
-0.626420986883198	0.5	98	35	rpart	1
-0.626420986883198	0.6	98	35	rpart	1
-0.626420986883198	0.7	98	35	rpart	1
-0.626420986883198	0.8	98	35	rpart	1
-0.6	0.815531335149864	98	35	rpart	1
-0.5	0.815531335149864	98	35	rpart	1
-0.4	0.815531335149864	98	35	rpart	1
-0.3	0.815531335149864	98	35	rpart	1
-0.2	0.815531335149864	98	35	rpart	1
-0.1	0.815531335149864	98	35	rpart	1
0	0.815531335149864	98	35	rpart	1
0.1	0.815531335149864	98	35	rpart	1
0.2	0.815531335149864	98	35	rpart	1
0.3	0.815531335149864	98	35	rpart	1
0.4	0.815531335149864	98	35	rpart	1
0.444117647058824	0.9	98	35	rpart	1
0.4	0.964814814814815	98	35	rpart	1
0.3	0.964814814814815	98	35	rpart	1
0.2	0.964814814814815	98	35	rpart	1
0.1	0.964814814814815	98	35	rpart	1
0	0.964814814814815	98	35	rpart	1
-0.1	0.964814814814815	98	35	rpart	1
-0.2	0.964814814814815	98	35	rpart	1
-0.3	0.964814814814815	98	35	rpart	1
-0.4	0.964814814814815	98	35	rpart	1
-0.5	0.964814814814815	98	35	rpart	1
-0.6	0.964814814814815	98	35	rpart	1
-0.6703125	0.9	98	35	rpart	1
-0.7	0.854807692307692	98	35	rpart	1
-0.8	0.854807692307692	98	35	rpart	1
-0.9	0.854807692307692	98	35	rpart	1
-1	0.854807692307692	98	35	rpart	1
1	0.642307692307693	99	35	rpart	1
0.9	0.642307692307693	99	35	rpart	1
0.8	0.642307692307693	99	35	rpart	1
0.7	0.642307692307693	99	35	rpart	1
0.6	0.642307692307693	99	35	rpart	1
0.5	0.642307692307693	99	35	rpart	1
0.418574108818011	0.7	99	35	rpart	1
0.5	0.738888888888889	99	35	rpart	1
0.6	0.738888888888889	99	35	rpart	1
0.7	0.738888888888889	99	35	rpart	1
0.8	0.738888888888889	99	35	rpart	1
0.9	0.738888888888889	99	35	rpart	1
1	0.738888888888889	99	35	rpart	1
-1	-0.258208955223881	100	36	rpart	1
-0.9	-0.258208955223881	100	36	rpart	1
-0.8	-0.258208955223881	100	36	rpart	1
-0.7	-0.258208955223881	100	36	rpart	1
-0.6	-0.258208955223881	100	36	rpart	1
-0.5	-0.258208955223881	100	36	rpart	1
-0.4	-0.258208955223881	100	36	rpart	1
-0.3	-0.258208955223881	100	36	rpart	1
-0.2	-0.258208955223881	100	36	rpart	1
-0.1	-0.258208955223881	100	36	rpart	1
0	-0.258208955223881	100	36	rpart	1
0.1	-0.258208955223881	100	36	rpart	1
0.2	-0.258208955223881	100	36	rpart	1
0.3	-0.258208955223881	100	36	rpart	1
0.4	-0.258208955223881	100	36	rpart	1
0.5	-0.258208955223881	100	36	rpart	1
0.6	-0.258208955223881	100	36	rpart	1
0.7	-0.258208955223881	100	36	rpart	1
0.8	-0.258208955223881	100	36	rpart	1
0.9	-0.258208955223881	100	36	rpart	1
1	-0.258208955223881	100	36	rpart	1
-1	-0.248648648648649	101	37	rpart	1
-0.9	-0.248648648648649	101	37	rpart	1
-0.8	-0.248648648648649	101	37	rpart	1
-0.7	-0.248648648648649	101	37	rpart	1
-0.6	-0.248648648648649	101	37	rpart	1
-0.5	-0.248648648648649	101	37	rpart	1
-0.4	-0.248648648648649	101	37	rpart	1
-0.3	-0.248648648648649	101	37	rpart	1
-0.2	-0.248648648648649	101	37	rpart	1
-0.1	-0.248648648648649	101	37	rpart	1
0	-0.248648648648649	101	37	rpart	1
0.0739726027397261	-0.2	101	37	rpart	1
0.0739726027397261	-0.1	101	37	rpart	1
0.0739726027397261	0	101	37	rpart	1
0.0739726027397261	0.1	101	37	rpart	1
0.0739726027397261	0.2	101	37	rpart	1
0.0739726027397261	0.3	101	37	rpart	1
0.0739726027397261	0.4	101	37	rpart	1
0.0739726027397261	0.5	101	37	rpart	1
0.0739726027397261	0.6	101	37	rpart	1
0.0739726027397261	0.7	101	37	rpart	1
0.0739726027397261	0.8	101	37	rpart	1
0.0739726027397261	0.9	101	37	rpart	1
0.0739726027397261	1	101	37	rpart	1
-1	0.151673640167364	102	38	rpart	1
-0.9	0.151673640167364	102	38	rpart	1
-0.8	0.151673640167364	102	38	rpart	1
-0.7	0.151673640167364	102	38	rpart	1
-0.6	0.151673640167364	102	38	rpart	1
-0.5	0.151673640167364	102	38	rpart	1
-0.4	0.151673640167364	102	38	rpart	1
-0.3	0.151673640167364	102	38	rpart	1
-0.2	0.134455958549223	102	38	rpart	1
-0.1	0.134455958549223	102	38	rpart	1
0	0.134455958549223	102	38	rpart	1
0.1	0.134455958549223	102	38	rpart	1
0.2	0.134455958549223	102	38	rpart	1
0.3	0.134455958549223	102	38	rpart	1
0.4	0.134455958549223	102	38	rpart	1
0.5	0.134455958549223	102	38	rpart	1
0.6	0.134455958549223	102	38	rpart	1
0.7	0.134455958549223	102	38	rpart	1
0.8	0.134455958549223	102	38	rpart	1
0.9	0.134455958549223	102	38	rpart	1
1	0.134455958549223	102	38	rpart	1
-0.215217391304348	-1	103	38	rpart	1
-0.215217391304348	-0.9	103	38	rpart	1
-0.215217391304348	-0.8	103	38	rpart	1
-0.215217391304348	-0.7	103	38	rpart	1
-0.215217391304348	-0.6	103	38	rpart	1
-0.215217391304348	-0.5	103	38	rpart	1
-0.2	-0.473255813953488	103	38	rpart	1
-0.1	-0.473255813953488	103	38	rpart	1
0	-0.473255813953488	103	38	rpart	1
0.1	-0.473255813953488	103	38	rpart	1
0.2	-0.473255813953488	103	38	rpart	1
0.3	-0.473255813953488	103	38	rpart	1
0.4	-0.473255813953488	103	38	rpart	1
0.5	-0.473255813953488	103	38	rpart	1
0.6	-0.473255813953488	103	38	rpart	1
0.7	-0.473255813953488	103	38	rpart	1
0.8	-0.473255813953488	103	38	rpart	1
0.9	-0.473255813953488	103	38	rpart	1
1	-0.473255813953488	103	38	rpart	1
-1	-0.225665399239544	104	39	rpart	1
-0.9	-0.225665399239544	104	39	rpart	1
-0.8	-0.225665399239544	104	39	rpart	1
-0.780188679245283	-0.2	104	39	rpart	1
-0.780188679245283	-0.1	104	39	rpart	1
-0.780188679245283	0	104	39	rpart	1
-0.780188679245283	0.1	104	39	rpart	1
-0.780188679245283	0.2	104	39	rpart	1
-0.780188679245283	0.3	104	39	rpart	1
-0.780188679245283	0.4	104	39	rpart	1
-0.780188679245283	0.5	104	39	rpart	1
-0.780188679245283	0.6	104	39	rpart	1
-0.780188679245283	0.7	104	39	rpart	1
-0.780188679245283	0.8	104	39	rpart	1
-0.8	0.824107142857143	104	39	rpart	1
-0.9	0.824107142857143	104	39	rpart	1
-1	0.824107142857143	104	39	rpart	1
-1	0.946610169491526	105	39	rpart	1
-0.9	0.946610169491526	105	39	rpart	1
-0.8	0.946610169491526	105	39	rpart	1
-0.7	0.946610169491526	105	39	rpart	1
-0.6	0.946610169491526	105	39	rpart	1
-0.5	0.946610169491526	105	39	rpart	1
-0.4	0.946610169491526	105	39	rpart	1
-0.3	0.946610169491526	105	39	rpart	1
-0.2	0.946610169491526	105	39	rpart	1
-0.1	0.946610169491526	105	39	rpart	1
0	0.946610169491526	105	39	rpart	1
0.1	0.946610169491526	105	39	rpart	1
0.2	0.946610169491526	105	39	rpart	1
0.3	0.946610169491526	105	39	rpart	1
0.4	0.946610169491526	105	39	rpart	1
0.5	0.946610169491526	105	39	rpart	1
0.6	0.946610169491526	105	39	rpart	1
0.7	0.946610169491526	105	39	rpart	1
0.8	0.946610169491526	105	39	rpart	1
0.9	0.946610169491526	105	39	rpart	1
1	0.946610169491526	105	39	rpart	1
-0.6	-0.239473684210526	106	39	rpart	1
-0.631818181818182	-0.2	106	39	rpart	1
-0.631818181818182	-0.1	106	39	rpart	1
-0.631818181818182	0	106	39	rpart	1
-0.631818181818182	0.1	106	39	rpart	1
-0.631818181818182	0.2	106	39	rpart	1
-0.631818181818182	0.3	106	39	rpart	1
-0.631818181818182	0.4	106	39	rpart	1
-0.631818181818182	0.5	106	39	rpart	1
-0.631818181818182	0.6	106	39	rpart	1
-0.631818181818182	0.7	106	39	rpart	1
-0.631818181818182	0.8	106	39	rpart	1
-0.6	0.8375	106	39	rpart	1
-0.5	0.8375	106	39	rpart	1
-0.434615384615385	0.8	106	39	rpart	1
-0.434615384615385	0.7	106	39	rpart	1
-0.434615384615385	0.6	106	39	rpart	1
-0.434615384615385	0.5	106	39	rpart	1
-0.434615384615385	0.4	106	39	rpart	1
-0.434615384615385	0.3	106	39	rpart	1
-0.434615384615385	0.2	106	39	rpart	1
-0.434615384615385	0.1	106	39	rpart	1
-0.434615384615385	0	106	39	rpart	1
-0.434615384615385	-0.1	106	39	rpart	1
-0.434615384615385	-0.2	106	39	rpart	1
-0.5	-0.239473684210526	106	39	rpart	1
-0.6	-0.239473684210526	106	39	rpart	1
-0.2	-0.26198347107438	107	39	rpart	1
-0.28252427184466	-0.2	107	39	rpart	1
-0.28252427184466	-0.1	107	39	rpart	1
-0.2	-0.0285714285714286	107	39	rpart	1
-0.1	-0.0285714285714286	107	39	rpart	1
0	-0.0285714285714286	107	39	rpart	1
0.1	-0.0285714285714286	107	39	rpart	1
0.2	-0.0285714285714286	107	39	rpart	1
0.3	-0.0285714285714286	107	39	rpart	1
0.4	-0.0285714285714286	107	39	rpart	1
0.5	-0.0285714285714286	107	39	rpart	1
0.6	-0.0285714285714286	107	39	rpart	1
0.7	-0.0285714285714286	107	39	rpart	1
0.768421052631579	-0.1	107	39	rpart	1
0.768421052631579	-0.2	107	39	rpart	1
0.7	-0.267567567567568	107	39	rpart	1
0.6	-0.267567567567568	107	39	rpart	1
0.5	-0.267567567567568	107	39	rpart	1
0.4	-0.267567567567568	107	39	rpart	1
0.3	-0.267567567567568	107	39	rpart	1
0.2	-0.267567567567568	107	39	rpart	1
0.1	-0.267567567567568	107	39	rpart	1
0	-0.267567567567568	107	39	rpart	1
-0.1	-0.267567567567568	107	39	rpart	1
-0.2	-0.26198347107438	107	39	rpart	1
-0.2	0.136363636363636	108	39	rpart	1
-0.276774193548387	0.2	108	39	rpart	1
-0.276774193548387	0.3	108	39	rpart	1
-0.276774193548387	0.4	108	39	rpart	1
-0.276774193548387	0.5	108	39	rpart	1
-0.2	0.568141592920354	108	39	rpart	1
-0.1	0.568141592920354	108	39	rpart	1
0	0.568141592920354	108	39	rpart	1
0.1	0.568141592920354	108	39	rpart	1
0.2	0.568141592920354	108	39	rpart	1
0.3	0.568141592920354	108	39	rpart	1
0.4	0.568141592920354	108	39	rpart	1
0.5	0.568141592920354	108	39	rpart	1
0.6	0.568141592920354	108	39	rpart	1
0.7	0.568141592920354	108	39	rpart	1
0.760264900662252	0.5	108	39	rpart	1
0.760264900662252	0.4	108	39	rpart	1
0.760264900662252	0.3	108	39	rpart	1
0.760264900662252	0.2	108	39	rpart	1
0.7	0.136363636363636	108	39	rpart	1
0.6	0.136363636363636	108	39	rpart	1
0.5	0.136363636363636	108	39	rpart	1
0.4	0.136363636363636	108	39	rpart	1
0.3	0.136363636363636	108	39	rpart	1
0.2	0.136363636363636	108	39	rpart	1
0.1	0.136363636363636	108	39	rpart	1
0	0.136363636363636	108	39	rpart	1
-0.1	0.136363636363636	108	39	rpart	1
-0.2	0.136363636363636	108	39	rpart	1
-0.2	0.729032258064516	109	39	rpart	1
-0.27906976744186	0.8	109	39	rpart	1
-0.2	0.854545454545455	109	39	rpart	1
-0.1	0.854545454545455	109	39	rpart	1
0	0.854545454545455	109	39	rpart	1
0.1	0.854545454545455	109	39	rpart	1
0.2	0.854545454545455	109	39	rpart	1
0.3	0.854545454545455	109	39	rpart	1
0.4	0.854545454545455	109	39	rpart	1
0.5	0.854545454545455	109	39	rpart	1
0.6	0.854545454545455	109	39	rpart	1
0.7	0.854545454545455	109	39	rpart	1
0.763414634146342	0.8	109	39	rpart	1
0.7	0.729032258064516	109	39	rpart	1
0.6	0.729032258064516	109	39	rpart	1
0.5	0.729032258064516	109	39	rpart	1
0.4	0.729032258064516	109	39	rpart	1
0.3	0.729032258064516	109	39	rpart	1
0.2	0.729032258064516	109	39	rpart	1
0.1	0.729032258064516	109	39	rpart	1
0	0.729032258064516	109	39	rpart	1
-0.1	0.729032258064516	109	39	rpart	1
-0.2	0.729032258064516	109	39	rpart	1
-0.133653846153846	-1	110	39	rpart	1
-0.133653846153846	-0.9	110	39	rpart	1
-0.133653846153846	-0.8	110	39	rpart	1
-0.133653846153846	-0.7	110	39	rpart	1
-0.1	-0.660674157303371	110	39	rpart	1
0	-0.660674157303371	110	39	rpart	1
0.1	-0.660674157303371	110	39	rpart	1
0.2	-0.660674157303371	110	39	rpart	1
0.3	-0.660674157303371	110	39	rpart	1
0.4	-0.660674157303371	110	39	rpart	1
0.5	-0.660674157303371	110	39	rpart	1
0.6	-0.660674157303371	110	39	rpart	1
0.7	-0.660674157303371	110	39	rpart	1
0.8	-0.660674157303371	110	39	rpart	1
0.9	-0.660674157303371	110	39	rpart	1
1	-0.660674157303371	110	39	rpart	1
-1	-0.152615384615385	118	40	rpart	1
-0.9	-0.152615384615385	118	40	rpart	1
-0.8	-0.152615384615385	118	40	rpart	1
-0.7	-0.152615384615385	118	40	rpart	1
-0.6	-0.152615384615385	118	40	rpart	1
-0.5	-0.152615384615385	118	40	rpart	1
-0.4	-0.152615384615385	118	40	rpart	1
-0.3	-0.152615384615385	118	40	rpart	1
-0.2	-0.152615384615385	118	40	rpart	1
-0.165853658536585	-0.2	118	40	rpart	1
-0.165853658536585	-0.3	118	40	rpart	1
-0.165853658536585	-0.4	118	40	rpart	1
-0.165853658536585	-0.5	118	40	rpart	1
-0.165853658536585	-0.6	118	40	rpart	1
-0.165853658536585	-0.7	118	40	rpart	1
-0.165853658536585	-0.8	118	40	rpart	1
-0.165853658536585	-0.9	118	40	rpart	1
-0.1	-0.956896551724138	118	40	rpart	1
-0.0380434782608696	-0.9	118	40	rpart	1
-0.0380434782608696	-0.8	118	40	rpart	1
-0.0380434782608696	-0.7	118	40	rpart	1
-0.0380434782608696	-0.6	118	40	rpart	1
-0.0380434782608696	-0.5	118	40	rpart	1
-0.0380434782608696	-0.4	118	40	rpart	1
-0.0380434782608696	-0.3	118	40	rpart	1
-0.0380434782608696	-0.2	118	40	rpart	1
0	-0.148391420911528	118	40	rpart	1
0.1	-0.148391420911528	118	40	rpart	1
0.135	-0.2	118	40	rpart	1
0.135	-0.3	118	40	rpart	1
0.135	-0.4	118	40	rpart	1
0.135	-0.5	118	40	rpart	1
0.135	-0.6	118	40	rpart	1
0.135	-0.7	118	40	rpart	1
0.135	-0.8	118	40	rpart	1
0.135	-0.9	118	40	rpart	1
0.2	-0.960084033613445	118	40	rpart	1
0.271832884097035	-0.9	118	40	rpart	1
0.271832884097035	-0.8	118	40	rpart	1
0.271832884097035	-0.7	118	40	rpart	1
0.271832884097035	-0.6	118	40	rpart	1
0.271832884097035	-0.5	118	40	rpart	1
0.271832884097035	-0.4	118	40	rpart	1
0.271832884097035	-0.3	118	40	rpart	1
0.271832884097035	-0.2	118	40	rpart	1
0.3	-0.15628612716763	118	40	rpart	1
0.4	-0.15628612716763	118	40	rpart	1
0.443181818181818	-0.1	118	40	rpart	1
0.5	-0.0506578947368421	118	40	rpart	1
0.6	-0.0506578947368421	118	40	rpart	1
0.7	-0.0506578947368421	118	40	rpart	1
0.8	-0.0506578947368421	118	40	rpart	1
0.9	-0.0506578947368421	118	40	rpart	1
1	-0.0506578947368421	118	40	rpart	1
-1	0.0460784313725491	119	40	rpart	1
-0.9	0.0460784313725491	119	40	rpart	1
-0.8	0.0460784313725491	119	40	rpart	1
-0.7	0.0460784313725491	119	40	rpart	1
-0.626420986883198	0.1	119	40	rpart	1
-0.626420986883198	0.2	119	40	rpart	1
-0.626420986883198	0.3	119	40	rpart	1
-0.626420986883198	0.4	119	40	rpart	1
-0.626420986883198	0.5	119	40	rpart	1
-0.626420986883198	0.6	119	40	rpart	1
-0.626420986883198	0.7	119	40	rpart	1
-0.626420986883198	0.8	119	40	rpart	1
-0.6	0.815531335149864	119	40	rpart	1
-0.5	0.815531335149864	119	40	rpart	1
-0.4	0.815531335149864	119	40	rpart	1
-0.3	0.815531335149864	119	40	rpart	1
-0.2	0.815531335149864	119	40	rpart	1
-0.1	0.815531335149864	119	40	rpart	1
0	0.815531335149864	119	40	rpart	1
0.1	0.815531335149864	119	40	rpart	1
0.2	0.815531335149864	119	40	rpart	1
0.3	0.815531335149864	119	40	rpart	1
0.4	0.815531335149864	119	40	rpart	1
0.444117647058824	0.9	119	40	rpart	1
0.4	0.964814814814815	119	40	rpart	1
0.3	0.964814814814815	119	40	rpart	1
0.2	0.964814814814815	119	40	rpart	1
0.1	0.964814814814815	119	40	rpart	1
0	0.964814814814815	119	40	rpart	1
-0.1	0.964814814814815	119	40	rpart	1
-0.2	0.964814814814815	119	40	rpart	1
-0.3	0.964814814814815	119	40	rpart	1
-0.4	0.964814814814815	119	40	rpart	1
-0.5	0.964814814814815	119	40	rpart	1
-0.6	0.964814814814815	119	40	rpart	1
-0.6703125	0.9	119	40	rpart	1
-0.7	0.854807692307692	119	40	rpart	1
-0.8	0.854807692307692	119	40	rpart	1
-0.9	0.854807692307692	119	40	rpart	1
-1	0.854807692307692	119	40	rpart	1
1	0.642307692307693	120	40	rpart	1
0.9	0.642307692307693	120	40	rpart	1
0.8	0.642307692307693	120	40	rpart	1
0.7	0.642307692307693	120	40	rpart	1
0.6	0.642307692307693	120	40	rpart	1
0.5	0.642307692307693	120	40	rpart	1
0.418574108818011	0.7	120	40	rpart	1
0.5	0.738888888888889	120	40	rpart	1
0.6	0.738888888888889	120	40	rpart	1
0.7	0.738888888888889	120	40	rpart	1
0.8	0.738888888888889	120	40	rpart	1
0.9	0.738888888888889	120	40	rpart	1
1	0.738888888888889	120	40	rpart	1
-0.0714285714285714	-1	121	41	rpart	1
-0.0714285714285714	-0.9	121	41	rpart	1
-0.0714285714285714	-0.8	121	41	rpart	1
-0.0714285714285714	-0.7	121	41	rpart	1
-0.0714285714285714	-0.6	121	41	rpart	1
-0.0714285714285714	-0.5	121	41	rpart	1
-0.0714285714285714	-0.4	121	41	rpart	1
-0.0714285714285714	-0.3	121	41	rpart	1
-0.0714285714285714	-0.2	121	41	rpart	1
-0.0714285714285714	-0.1	121	41	rpart	1
-0.0714285714285714	0	121	41	rpart	1
-0.0714285714285714	0.1	121	41	rpart	1
-0.0714285714285714	0.2	121	41	rpart	1
-0.0714285714285714	0.3	121	41	rpart	1
-0.0714285714285714	0.4	121	41	rpart	1
-0.0714285714285714	0.5	121	41	rpart	1
-0.0714285714285714	0.6	121	41	rpart	1
-0.0714285714285714	0.7	121	41	rpart	1
-0.0714285714285714	0.8	121	41	rpart	1
-0.0714285714285714	0.9	121	41	rpart	1
-0.0714285714285714	1	121	41	rpart	1
-0.288372093023256	-1	122	42	rpart	1
-0.288372093023256	-0.9	122	42	rpart	1
-0.288372093023256	-0.8	122	42	rpart	1
-0.288372093023256	-0.7	122	42	rpart	1
-0.288372093023256	-0.6	122	42	rpart	1
-0.288372093023256	-0.5	122	42	rpart	1
-0.288372093023256	-0.4	122	42	rpart	1
-0.288372093023256	-0.3	122	42	rpart	1
-0.288372093023256	-0.2	122	42	rpart	1
-0.288372093023256	-0.1	122	42	rpart	1
-0.288372093023256	0	122	42	rpart	1
-0.288372093023256	0.1	122	42	rpart	1
-0.288372093023256	0.2	122	42	rpart	1
-0.288372093023256	0.3	122	42	rpart	1
-0.288372093023256	0.4	122	42	rpart	1
-0.288372093023256	0.5	122	42	rpart	1
-0.288372093023256	0.6	122	42	rpart	1
-0.288372093023256	0.7	122	42	rpart	1
-0.288372093023256	0.8	122	42	rpart	1
-0.288372093023256	0.9	122	42	rpart	1
-0.288372093023256	1	122	42	rpart	1
0.0642857142857144	-1	123	42	rpart	1
0.0642857142857144	-0.9	123	42	rpart	1
0.0642857142857144	-0.8	123	42	rpart	1
0.0642857142857144	-0.7	123	42	rpart	1
0.0642857142857144	-0.6	123	42	rpart	1
0.0642857142857144	-0.5	123	42	rpart	1
0.0642857142857144	-0.4	123	42	rpart	1
0.0642857142857144	-0.3	123	42	rpart	1
0.0642857142857144	-0.2	123	42	rpart	1
0.0642857142857144	-0.1	123	42	rpart	1
0.0642857142857144	0	123	42	rpart	1
0.0642857142857144	0.1	123	42	rpart	1
0.0642857142857144	0.2	123	42	rpart	1
0.0642857142857144	0.3	123	42	rpart	1
0.0642857142857144	0.4	123	42	rpart	1
0.0642857142857144	0.5	123	42	rpart	1
0.0642857142857144	0.6	123	42	rpart	1
0.0642857142857144	0.7	123	42	rpart	1
0.0642857142857144	0.8	123	42	rpart	1
0.0642857142857144	0.9	123	42	rpart	1
0.0642857142857144	1	123	42	rpart	1
1	-0.676190476190476	124	43	rpart	1
0.9	-0.676190476190476	124	43	rpart	1
0.8	-0.676190476190476	124	43	rpart	1
0.7	-0.676190476190476	124	43	rpart	1
0.6	-0.676190476190476	124	43	rpart	1
0.5	-0.676190476190476	124	43	rpart	1
0.4	-0.676190476190476	124	43	rpart	1
0.3	-0.676190476190476	124	43	rpart	1
0.2	-0.676190476190476	124	43	rpart	1
0.1	-0.676190476190476	124	43	rpart	1
0	-0.676190476190476	124	43	rpart	1
-0.1	-0.676190476190476	124	43	rpart	1
-0.2	-0.676190476190476	124	43	rpart	1
-0.3	-0.676190476190476	124	43	rpart	1
-0.369483568075117	-0.6	124	43	rpart	1
-0.369483568075117	-0.5	124	43	rpart	1
-0.344848484848485	-0.4	124	43	rpart	1
-0.344848484848485	-0.3	124	43	rpart	1
-0.344848484848485	-0.2	124	43	rpart	1
-0.344848484848485	-0.1	124	43	rpart	1
-0.344848484848485	0	124	43	rpart	1
-0.344848484848485	0.1	124	43	rpart	1
-0.344848484848485	0.2	124	43	rpart	1
-0.344848484848485	0.3	124	43	rpart	1
-0.344848484848485	0.4	124	43	rpart	1
-0.344848484848485	0.5	124	43	rpart	1
-0.3	0.53859649122807	124	43	rpart	1
-0.2	0.53859649122807	124	43	rpart	1
-0.1	0.53859649122807	124	43	rpart	1
0	0.53859649122807	124	43	rpart	1
0.1	0.53859649122807	124	43	rpart	1
0.2	0.53859649122807	124	43	rpart	1
0.3	0.53859649122807	124	43	rpart	1
0.4	0.53859649122807	124	43	rpart	1
0.5	0.53859649122807	124	43	rpart	1
0.6	0.53859649122807	124	43	rpart	1
0.7	0.53859649122807	124	43	rpart	1
0.8	0.53859649122807	124	43	rpart	1
0.9	0.53859649122807	124	43	rpart	1
1	0.53859649122807	124	43	rpart	1
1	0.757692307692308	125	43	rpart	1
0.9	0.757692307692308	125	43	rpart	1
0.8	0.757692307692308	125	43	rpart	1
0.7	0.757692307692308	125	43	rpart	1
0.6	0.757692307692308	125	43	rpart	1
0.5	0.757692307692308	125	43	rpart	1
0.4	0.757692307692308	125	43	rpart	1
0.3	0.757692307692308	125	43	rpart	1
0.2	0.757692307692308	125	43	rpart	1
0.1	0.757692307692308	125	43	rpart	1
0	0.757692307692308	125	43	rpart	1
-0.1	0.757692307692308	125	43	rpart	1
-0.2	0.757692307692308	125	43	rpart	1
-0.3	0.757692307692308	125	43	rpart	1
-0.348684210526316	0.8	125	43	rpart	1
-0.348684210526316	0.9	125	43	rpart	1
-0.348684210526316	1	125	43	rpart	1
-1	-0.948888888888889	126	44	rpart	1
-0.9	-0.948888888888889	126	44	rpart	1
-0.8	-0.948888888888889	126	44	rpart	1
-0.7	-0.948888888888889	126	44	rpart	1
-0.6	-0.948888888888889	126	44	rpart	1
-0.5	-0.948888888888889	126	44	rpart	1
-0.4	-0.948888888888889	126	44	rpart	1
-0.3	-0.948888888888889	126	44	rpart	1
-0.2	-0.948888888888889	126	44	rpart	1
-0.1	-0.948888888888889	126	44	rpart	1
0	-0.948888888888889	126	44	rpart	1
0.1	-0.948888888888889	126	44	rpart	1
0.2	-0.948888888888889	126	44	rpart	1
0.3	-0.948888888888889	126	44	rpart	1
0.4	-0.948888888888889	126	44	rpart	1
0.5	-0.948888888888889	126	44	rpart	1
0.6	-0.948888888888889	126	44	rpart	1
0.7	-0.948888888888889	126	44	rpart	1
0.8	-0.948888888888889	126	44	rpart	1
0.9	-0.948888888888889	126	44	rpart	1
1	-0.948888888888889	126	44	rpart	1
-1	-0.256	127	44	rpart	1
-0.9	-0.256	127	44	rpart	1
-0.8	-0.256	127	44	rpart	1
-0.7	-0.256	127	44	rpart	1
-0.6	-0.256	127	44	rpart	1
-0.5	-0.256	127	44	rpart	1
-0.4	-0.256	127	44	rpart	1
-0.356410256410256	-0.3	127	44	rpart	1
-0.356410256410256	-0.4	127	44	rpart	1
-0.356410256410256	-0.5	127	44	rpart	1
-0.3	-0.573711340206186	127	44	rpart	1
-0.229651162790698	-0.5	127	44	rpart	1
-0.229651162790698	-0.4	127	44	rpart	1
-0.229651162790698	-0.3	127	44	rpart	1
-0.229651162790698	-0.2	127	44	rpart	1
-0.229651162790698	-0.1	127	44	rpart	1
-0.229651162790698	0	127	44	rpart	1
-0.229651162790698	0.1	127	44	rpart	1
-0.229651162790698	0.2	127	44	rpart	1
-0.229651162790698	0.3	127	44	rpart	1
-0.229651162790698	0.4	127	44	rpart	1
-0.229651162790698	0.5	127	44	rpart	1
-0.229651162790698	0.6	127	44	rpart	1
-0.229651162790698	0.7	127	44	rpart	1
-0.229651162790698	0.8	127	44	rpart	1
-0.229651162790698	0.9	127	44	rpart	1
-0.229651162790698	1	127	44	rpart	1
-1	-0.0385964912280702	128	44	rpart	1
-0.9	-0.0385964912280702	128	44	rpart	1
-0.851724137931035	0	128	44	rpart	1
-0.851724137931035	0.1	128	44	rpart	1
-0.851724137931035	0.2	128	44	rpart	1
-0.851724137931035	0.3	128	44	rpart	1
-0.851724137931035	0.4	128	44	rpart	1
-0.851724137931035	0.5	128	44	rpart	1
-0.851724137931035	0.6	128	44	rpart	1
-0.851724137931035	0.7	128	44	rpart	1
-0.851724137931035	0.8	128	44	rpart	1
-0.9	0.848275862068966	128	44	rpart	1
-1	0.848275862068966	128	44	rpart	1
-0.6	-0.0254629629629629	129	44	rpart	1
-0.633653846153846	0	129	44	rpart	1
-0.633653846153846	0.1	129	44	rpart	1
-0.633653846153846	0.2	129	44	rpart	1
-0.633653846153846	0.3	129	44	rpart	1
-0.633653846153846	0.4	129	44	rpart	1
-0.633653846153846	0.5	129	44	rpart	1
-0.633653846153846	0.6	129	44	rpart	1
-0.633653846153846	0.7	129	44	rpart	1
-0.633653846153846	0.8	129	44	rpart	1
-0.6	0.833653846153846	129	44	rpart	1
-0.5	0.833653846153846	129	44	rpart	1
-0.4	0.833653846153846	129	44	rpart	1
-0.374852071005917	0.8	129	44	rpart	1
-0.374852071005917	0.7	129	44	rpart	1
-0.374852071005917	0.6	129	44	rpart	1
-0.374852071005917	0.5	129	44	rpart	1
-0.374852071005917	0.4	129	44	rpart	1
-0.374852071005917	0.3	129	44	rpart	1
-0.374852071005917	0.2	129	44	rpart	1
-0.374852071005917	0.1	129	44	rpart	1
-0.374852071005917	0	129	44	rpart	1
-0.4	-0.0254629629629629	129	44	rpart	1
-0.5	-0.0254629629629629	129	44	rpart	1
-0.6	-0.0254629629629629	129	44	rpart	1
1	-0.760526315789474	130	44	rpart	1
0.9	-0.760526315789474	130	44	rpart	1
0.8	-0.760526315789474	130	44	rpart	1
0.7	-0.760526315789474	130	44	rpart	1
0.6	-0.760526315789474	130	44	rpart	1
0.5	-0.760526315789474	130	44	rpart	1
0.4	-0.760526315789474	130	44	rpart	1
0.3	-0.760526315789474	130	44	rpart	1
0.2	-0.760526315789474	130	44	rpart	1
0.1	-0.760526315789474	130	44	rpart	1
0	-0.760526315789474	130	44	rpart	1
-0.076063829787234	-0.7	130	44	rpart	1
-0.076063829787234	-0.6	130	44	rpart	1
-0.1	-0.570652173913044	130	44	rpart	1
-0.167073170731707	-0.5	130	44	rpart	1
-0.167073170731707	-0.4	130	44	rpart	1
-0.167073170731707	-0.3	130	44	rpart	1
-0.167073170731707	-0.2	130	44	rpart	1
-0.167073170731707	-0.1	130	44	rpart	1
-0.167073170731707	0	130	44	rpart	1
-0.167073170731707	0.1	130	44	rpart	1
-0.167073170731707	0.2	130	44	rpart	1
-0.167073170731707	0.3	130	44	rpart	1
-0.167073170731707	0.4	130	44	rpart	1
-0.167073170731707	0.5	130	44	rpart	1
-0.167073170731707	0.6	130	44	rpart	1
-0.167073170731707	0.7	130	44	rpart	1
-0.167073170731707	0.8	130	44	rpart	1
-0.167073170731707	0.9	130	44	rpart	1
-0.167073170731707	1	130	44	rpart	1
-0.0545454545454545	1	131	44	rpart	1
-0.0545454545454545	0.9	131	44	rpart	1
-0.0545454545454545	0.8	131	44	rpart	1
-0.0545454545454545	0.7	131	44	rpart	1
-0.0545454545454545	0.6	131	44	rpart	1
-0.0545454545454545	0.5	131	44	rpart	1
-0.0545454545454545	0.4	131	44	rpart	1
-0.0545454545454545	0.3	131	44	rpart	1
-0.0545454545454545	0.2	131	44	rpart	1
-0.0545454545454545	0.1	131	44	rpart	1
-0.0545454545454545	0	131	44	rpart	1
-0.0545454545454545	-0.1	131	44	rpart	1
-0.0545454545454545	-0.2	131	44	rpart	1
-0.0545454545454545	-0.3	131	44	rpart	1
-0.0545454545454545	-0.4	131	44	rpart	1
-0.0545454545454545	-0.5	131	44	rpart	1
0	-0.547619047619048	131	44	rpart	1
0.1	-0.538888888888889	131	44	rpart	1
0.2	-0.538888888888889	131	44	rpart	1
0.3	-0.538888888888889	131	44	rpart	1
0.4	-0.538888888888889	131	44	rpart	1
0.5	-0.538888888888889	131	44	rpart	1
0.6	-0.538888888888889	131	44	rpart	1
0.7	-0.538888888888889	131	44	rpart	1
0.8	-0.538888888888889	131	44	rpart	1
0.9	-0.538888888888889	131	44	rpart	1
1	-0.538888888888889	131	44	rpart	1
1	-0.046875	132	44	rpart	1
0.9	-0.046875	132	44	rpart	1
0.8	-0.046875	132	44	rpart	1
0.7	-0.046875	132	44	rpart	1
0.6	-0.046875	132	44	rpart	1
0.5	-0.046875	132	44	rpart	1
0.4	-0.046875	132	44	rpart	1
0.3	-0.046875	132	44	rpart	1
0.2	-0.046875	132	44	rpart	1
0.1	-0.046875	132	44	rpart	1
0.0618181818181819	0	132	44	rpart	1
0.0618181818181819	0.1	132	44	rpart	1
0.0618181818181819	0.2	132	44	rpart	1
0.0618181818181819	0.3	132	44	rpart	1
0.1	0.367307692307692	132	44	rpart	1
0.2	0.367307692307692	132	44	rpart	1
0.3	0.367307692307692	132	44	rpart	1
0.4	0.367307692307692	132	44	rpart	1
0.5	0.367307692307692	132	44	rpart	1
0.6	0.367307692307692	132	44	rpart	1
0.7	0.367307692307692	132	44	rpart	1
0.8	0.367307692307692	132	44	rpart	1
0.9	0.367307692307692	132	44	rpart	1
1	0.367307692307692	132	44	rpart	1
-1	-0.152615384615385	133	45	rpart	1
-0.9	-0.152615384615385	133	45	rpart	1
-0.8	-0.152615384615385	133	45	rpart	1
-0.7	-0.152615384615385	133	45	rpart	1
-0.6	-0.152615384615385	133	45	rpart	1
-0.5	-0.152615384615385	133	45	rpart	1
-0.4	-0.152615384615385	133	45	rpart	1
-0.3	-0.152615384615385	133	45	rpart	1
-0.2	-0.152615384615385	133	45	rpart	1
-0.165853658536585	-0.2	133	45	rpart	1
-0.165853658536585	-0.3	133	45	rpart	1
-0.165853658536585	-0.4	133	45	rpart	1
-0.165853658536585	-0.5	133	45	rpart	1
-0.165853658536585	-0.6	133	45	rpart	1
-0.165853658536585	-0.7	133	45	rpart	1
-0.165853658536585	-0.8	133	45	rpart	1
-0.165853658536585	-0.9	133	45	rpart	1
-0.1	-0.956896551724138	133	45	rpart	1
-0.0380434782608696	-0.9	133	45	rpart	1
-0.0380434782608696	-0.8	133	45	rpart	1
-0.0380434782608696	-0.7	133	45	rpart	1
-0.0380434782608696	-0.6	133	45	rpart	1
-0.0380434782608696	-0.5	133	45	rpart	1
-0.0380434782608696	-0.4	133	45	rpart	1
-0.0380434782608696	-0.3	133	45	rpart	1
-0.0380434782608696	-0.2	133	45	rpart	1
0	-0.148391420911528	133	45	rpart	1
0.1	-0.148391420911528	133	45	rpart	1
0.135	-0.2	133	45	rpart	1
0.135	-0.3	133	45	rpart	1
0.135	-0.4	133	45	rpart	1
0.135	-0.5	133	45	rpart	1
0.135	-0.6	133	45	rpart	1
0.135	-0.7	133	45	rpart	1
0.135	-0.8	133	45	rpart	1
0.135	-0.9	133	45	rpart	1
0.2	-0.960084033613445	133	45	rpart	1
0.271832884097035	-0.9	133	45	rpart	1
0.271832884097035	-0.8	133	45	rpart	1
0.271832884097035	-0.7	133	45	rpart	1
0.271832884097035	-0.6	133	45	rpart	1
0.271832884097035	-0.5	133	45	rpart	1
0.271832884097035	-0.4	133	45	rpart	1
0.271832884097035	-0.3	133	45	rpart	1
0.271832884097035	-0.2	133	45	rpart	1
0.3	-0.15628612716763	133	45	rpart	1
0.4	-0.15628612716763	133	45	rpart	1
0.443181818181818	-0.1	133	45	rpart	1
0.5	-0.0506578947368421	133	45	rpart	1
0.6	-0.0506578947368421	133	45	rpart	1
0.7	-0.0506578947368421	133	45	rpart	1
0.8	-0.0506578947368421	133	45	rpart	1
0.9	-0.0506578947368421	133	45	rpart	1
1	-0.0506578947368421	133	45	rpart	1
-1	0.0460784313725491	134	45	rpart	1
-0.9	0.0460784313725491	134	45	rpart	1
-0.8	0.0460784313725491	134	45	rpart	1
-0.7	0.0460784313725491	134	45	rpart	1
-0.626420986883198	0.1	134	45	rpart	1
-0.626420986883198	0.2	134	45	rpart	1
-0.626420986883198	0.3	134	45	rpart	1
-0.626420986883198	0.4	134	45	rpart	1
-0.626420986883198	0.5	134	45	rpart	1
-0.626420986883198	0.6	134	45	rpart	1
-0.626420986883198	0.7	134	45	rpart	1
-0.626420986883198	0.8	134	45	rpart	1
-0.6	0.815531335149864	134	45	rpart	1
-0.5	0.815531335149864	134	45	rpart	1
-0.4	0.815531335149864	134	45	rpart	1
-0.3	0.815531335149864	134	45	rpart	1
-0.2	0.815531335149864	134	45	rpart	1
-0.1	0.815531335149864	134	45	rpart	1
0	0.815531335149864	134	45	rpart	1
0.1	0.815531335149864	134	45	rpart	1
0.2	0.815531335149864	134	45	rpart	1
0.3	0.815531335149864	134	45	rpart	1
0.4	0.815531335149864	134	45	rpart	1
0.444117647058824	0.9	134	45	rpart	1
0.4	0.964814814814815	134	45	rpart	1
0.3	0.964814814814815	134	45	rpart	1
0.2	0.964814814814815	134	45	rpart	1
0.1	0.964814814814815	134	45	rpart	1
0	0.964814814814815	134	45	rpart	1
-0.1	0.964814814814815	134	45	rpart	1
-0.2	0.964814814814815	134	45	rpart	1
-0.3	0.964814814814815	134	45	rpart	1
-0.4	0.964814814814815	134	45	rpart	1
-0.5	0.964814814814815	134	45	rpart	1
-0.6	0.964814814814815	134	45	rpart	1
-0.6703125	0.9	134	45	rpart	1
-0.7	0.854807692307692	134	45	rpart	1
-0.8	0.854807692307692	134	45	rpart	1
-0.9	0.854807692307692	134	45	rpart	1
-1	0.854807692307692	134	45	rpart	1
1	0.642307692307693	135	45	rpart	1
0.9	0.642307692307693	135	45	rpart	1
0.8	0.642307692307693	135	45	rpart	1
0.7	0.642307692307693	135	45	rpart	1
0.6	0.642307692307693	135	45	rpart	1
0.5	0.642307692307693	135	45	rpart	1
0.418574108818011	0.7	135	45	rpart	1
0.5	0.738888888888889	135	45	rpart	1
0.6	0.738888888888889	135	45	rpart	1
0.7	0.738888888888889	135	45	rpart	1
0.8	0.738888888888889	135	45	rpart	1
0.9	0.738888888888889	135	45	rpart	1
1	0.738888888888889	135	45	rpart	1
0.0500000000000001	-1	1	1	rpart	2
0.0500000000000001	-0.9	1	1	rpart	2
0.0500000000000001	-0.8	1	1	rpart	2
0.0500000000000001	-0.7	1	1	rpart	2
0.0500000000000001	-0.6	1	1	rpart	2
0.0500000000000001	-0.5	1	1	rpart	2
0.0500000000000001	-0.4	1	1	rpart	2
0.0500000000000001	-0.3	1	1	rpart	2
0.0500000000000001	-0.2	1	1	rpart	2
0.0500000000000001	-0.1	1	1	rpart	2
0.0500000000000001	0	1	1	rpart	2
0.0500000000000001	0.1	1	1	rpart	2
0.0500000000000001	0.2	1	1	rpart	2
0.0500000000000001	0.3	1	1	rpart	2
0.0500000000000001	0.4	1	1	rpart	2
0.0500000000000001	0.5	1	1	rpart	2
0.0500000000000001	0.6	1	1	rpart	2
0.0500000000000001	0.7	1	1	rpart	2
0.0500000000000001	0.8	1	1	rpart	2
0.0500000000000001	0.9	1	1	rpart	2
0.0500000000000001	1	1	1	rpart	2
-1	0.227777777777778	36	2	rpart	2
-0.9	0.227777777777778	36	2	rpart	2
-0.8	0.227777777777778	36	2	rpart	2
-0.7	0.227777777777778	36	2	rpart	2
-0.6	0.227777777777778	36	2	rpart	2
-0.5	0.227777777777778	36	2	rpart	2
-0.4	0.227777777777778	36	2	rpart	2
-0.3	0.227777777777778	36	2	rpart	2
-0.2	0.227777777777778	36	2	rpart	2
-0.1	0.227777777777778	36	2	rpart	2
0	0.227777777777778	36	2	rpart	2
0.0541666666666667	0.3	36	2	rpart	2
0.0541666666666667	0.4	36	2	rpart	2
0.0541666666666667	0.5	36	2	rpart	2
0.0541666666666667	0.6	36	2	rpart	2
0.0541666666666667	0.7	36	2	rpart	2
0.0541666666666667	0.8	36	2	rpart	2
0.0541666666666667	0.9	36	2	rpart	2
0.0541666666666667	1	36	2	rpart	2
0.0472972972972973	-1	37	2	rpart	2
0.0472972972972973	-0.9	37	2	rpart	2
0.0472972972972973	-0.8	37	2	rpart	2
0.0472972972972973	-0.7	37	2	rpart	2
0.0472972972972973	-0.6	37	2	rpart	2
0.0472972972972973	-0.5	37	2	rpart	2
0.0472972972972973	-0.4	37	2	rpart	2
0.0472972972972973	-0.3	37	2	rpart	2
0.0472972972972973	-0.2	37	2	rpart	2
0.0472972972972973	-0.1	37	2	rpart	2
0.1	-0.0663793103448276	37	2	rpart	2
0.2	-0.0663793103448276	37	2	rpart	2
0.3	-0.0663793103448276	37	2	rpart	2
0.4	-0.0663793103448276	37	2	rpart	2
0.5	-0.0663793103448276	37	2	rpart	2
0.6	-0.0663793103448276	37	2	rpart	2
0.7	-0.0663793103448276	37	2	rpart	2
0.8	-0.0663793103448276	37	2	rpart	2
0.9	-0.0663793103448276	37	2	rpart	2
1	-0.0663793103448276	37	2	rpart	2
-1	-0.0651685393258427	77	3	rpart	2
-0.9	-0.0651685393258427	77	3	rpart	2
-0.8	-0.0651685393258427	77	3	rpart	2
-0.7	-0.0651685393258427	77	3	rpart	2
-0.6	-0.0651685393258427	77	3	rpart	2
-0.5	-0.0651685393258427	77	3	rpart	2
-0.4	-0.0651685393258427	77	3	rpart	2
-0.3	-0.0651685393258427	77	3	rpart	2
-0.2	-0.0651685393258427	77	3	rpart	2
-0.1	-0.0651685393258427	77	3	rpart	2
0	-0.0651685393258427	77	3	rpart	2
0.0488372093023256	-0.1	77	3	rpart	2
0.0488372093023256	-0.2	77	3	rpart	2
0.0488372093023256	-0.3	77	3	rpart	2
0.0488372093023256	-0.4	77	3	rpart	2
0.0488372093023256	-0.5	77	3	rpart	2
0.0488372093023256	-0.6	77	3	rpart	2
0.0488372093023256	-0.7	77	3	rpart	2
0.0488372093023256	-0.8	77	3	rpart	2
0.0488372093023256	-0.9	77	3	rpart	2
0.0488372093023256	-1	77	3	rpart	2
0.0557692307692308	1	78	3	rpart	2
0.0557692307692308	0.9	78	3	rpart	2
0.0557692307692308	0.8	78	3	rpart	2
0.0557692307692308	0.7	78	3	rpart	2
0.0557692307692308	0.6	78	3	rpart	2
0.0557692307692308	0.5	78	3	rpart	2
0.0557692307692308	0.4	78	3	rpart	2
0.0557692307692308	0.3	78	3	rpart	2
0.0557692307692308	0.2	78	3	rpart	2
0.0557692307692308	0.1	78	3	rpart	2
0.0557692307692308	0	78	3	rpart	2
0.1	-0.0586165048543689	78	3	rpart	2
0.2	-0.0586165048543689	78	3	rpart	2
0.3	-0.0586165048543689	78	3	rpart	2
0.4	-0.0586165048543689	78	3	rpart	2
0.5	-0.0586165048543689	78	3	rpart	2
0.6	-0.0586165048543689	78	3	rpart	2
0.7	-0.0586165048543689	78	3	rpart	2
0.8	-0.0586165048543689	78	3	rpart	2
0.9	-0.0586165048543689	78	3	rpart	2
1	-0.0586165048543689	78	3	rpart	2
-1	-0.0405594405594405	111	4	rpart	2
-0.9	-0.0405594405594405	111	4	rpart	2
-0.8	-0.0405594405594405	111	4	rpart	2
-0.7	-0.0405594405594405	111	4	rpart	2
-0.6	-0.0405594405594405	111	4	rpart	2
-0.5	-0.0405594405594405	111	4	rpart	2
-0.4	-0.0405594405594405	111	4	rpart	2
-0.3	-0.0405594405594405	111	4	rpart	2
-0.2	-0.0405594405594405	111	4	rpart	2
-0.1	-0.0405594405594405	111	4	rpart	2
0	-0.0405594405594405	111	4	rpart	2
0.053968253968254	-0.1	111	4	rpart	2
0.053968253968254	-0.2	111	4	rpart	2
0.053968253968254	-0.3	111	4	rpart	2
0.053968253968254	-0.4	111	4	rpart	2
0.053968253968254	-0.5	111	4	rpart	2
0.0661961367013374	-0.6	111	4	rpart	2
0.0661961367013374	-0.7	111	4	rpart	2
0.0661961367013374	-0.8	111	4	rpart	2
0.0661961367013374	-0.9	111	4	rpart	2
0.0661961367013374	-1	111	4	rpart	2
1	0.0533666969972703	112	4	rpart	2
0.9	0.0533666969972703	112	4	rpart	2
0.8	0.0533666969972703	112	4	rpart	2
0.7	0.0533666969972703	112	4	rpart	2
0.6	0.0533666969972703	112	4	rpart	2
0.5	0.0533666969972703	112	4	rpart	2
0.4	0.0533666969972703	112	4	rpart	2
0.3	0.0533666969972703	112	4	rpart	2
0.2	0.0533666969972703	112	4	rpart	2
0.138345864661654	0.1	112	4	rpart	2
0.146753246753247	0.2	112	4	rpart	2
0.146753246753247	0.3	112	4	rpart	2
0.146753246753247	0.4	112	4	rpart	2
0.146753246753247	0.5	112	4	rpart	2
0.146753246753247	0.6	112	4	rpart	2
0.146753246753247	0.7	112	4	rpart	2
0.146753246753247	0.8	112	4	rpart	2
0.146753246753247	0.9	112	4	rpart	2
0.146753246753247	1	112	4	rpart	2
-1	0.0436503003936193	136	5	rpart	2
-0.9	0.0436503003936193	136	5	rpart	2
-0.8	0.0436503003936193	136	5	rpart	2
-0.7	0.0436503003936193	136	5	rpart	2
-0.6	0.0436503003936193	136	5	rpart	2
-0.5	0.0436503003936193	136	5	rpart	2
-0.4	0.0436503003936193	136	5	rpart	2
-0.3	0.0436503003936193	136	5	rpart	2
-0.2	0.0436503003936193	136	5	rpart	2
-0.1	0.0436503003936193	136	5	rpart	2
-0.0526671999015566	0	136	5	rpart	2
-0.0526671999015566	-0.1	136	5	rpart	2
-0.0526671999015566	-0.2	136	5	rpart	2
-0.0526671999015566	-0.3	136	5	rpart	2
-0.0526671999015566	-0.4	136	5	rpart	2
-0.0526671999015566	-0.5	136	5	rpart	2
-0.0526671999015566	-0.6	136	5	rpart	2
-0.0526671999015566	-0.7	136	5	rpart	2
-0.0526671999015566	-0.8	136	5	rpart	2
-0.0526671999015566	-0.9	136	5	rpart	2
0	-0.955091533180778	136	5	rpart	2
0.1	-0.955091533180778	136	5	rpart	2
0.2	-0.955091533180778	136	5	rpart	2
0.3	-0.955091533180778	136	5	rpart	2
0.4	-0.955091533180778	136	5	rpart	2
0.5	-0.955091533180778	136	5	rpart	2
0.6	-0.955091533180778	136	5	rpart	2
0.7	-0.955091533180778	136	5	rpart	2
0.8	-0.955091533180778	136	5	rpart	2
0.9	-0.955091533180778	136	5	rpart	2
1	-0.955091533180778	136	5	rpart	2
1	0.0537952176578786	137	5	rpart	2
0.9	0.0537952176578786	137	5	rpart	2
0.8	0.0537952176578786	137	5	rpart	2
0.7	0.0537952176578786	137	5	rpart	2
0.6	0.0537952176578786	137	5	rpart	2
0.5	0.0537952176578786	137	5	rpart	2
0.4	0.0537952176578786	137	5	rpart	2
0.3	0.0537952176578786	137	5	rpart	2
0.2	0.0537952176578786	137	5	rpart	2
0.1	0.0537952176578786	137	5	rpart	2
0.0549597855227882	0.1	137	5	rpart	2
0.0549597855227882	0.2	137	5	rpart	2
0.0549597855227882	0.3	137	5	rpart	2
0.0549597855227882	0.4	137	5	rpart	2
0.0549597855227882	0.5	137	5	rpart	2
0.0549597855227882	0.6	137	5	rpart	2
0	0.642682926829268	137	5	rpart	2
-0.0585159362549801	0.7	137	5	rpart	2
-0.0585159362549801	0.8	137	5	rpart	2
-0.0585159362549801	0.9	137	5	rpart	2
-0.0585159362549801	1	137	5	rpart	2
-1	0.23	140	6	rpart	2
-0.9	0.23	140	6	rpart	2
-0.8	0.23	140	6	rpart	2
-0.7	0.23	140	6	rpart	2
-0.6	0.23	140	6	rpart	2
-0.5	0.23	140	6	rpart	2
-0.4	0.23	140	6	rpart	2
-0.3	0.23	140	6	rpart	2
-0.2	0.23	140	6	rpart	2
-0.1	0.23	140	6	rpart	2
0	0.23	140	6	rpart	2
0.1	0.23	140	6	rpart	2
0.2	0.23	140	6	rpart	2
0.3	0.23	140	6	rpart	2
0.4	0.23	140	6	rpart	2
0.5	0.23	140	6	rpart	2
0.6	0.23	140	6	rpart	2
0.7	0.23	140	6	rpart	2
0.8	0.23	140	6	rpart	2
0.9	0.23	140	6	rpart	2
1	0.23	140	6	rpart	2
-1	0.0568181818181819	141	7	rpart	2
-0.9	0.0568181818181819	141	7	rpart	2
-0.8	0.0568181818181819	141	7	rpart	2
-0.7	0.0568181818181819	141	7	rpart	2
-0.6	0.0568181818181819	141	7	rpart	2
-0.5	0.0568181818181819	141	7	rpart	2
-0.4	0.0568181818181819	141	7	rpart	2
-0.3	0.0568181818181819	141	7	rpart	2
-0.2	0.0568181818181819	141	7	rpart	2
-0.1	0.0568181818181819	141	7	rpart	2
0	0.0568181818181819	141	7	rpart	2
0.0612244897959184	0	141	7	rpart	2
0.0612244897959184	-0.1	141	7	rpart	2
0.0612244897959184	-0.2	141	7	rpart	2
0.0612244897959184	-0.3	141	7	rpart	2
0.0612244897959184	-0.4	141	7	rpart	2
0.0612244897959184	-0.5	141	7	rpart	2
0.0612244897959184	-0.6	141	7	rpart	2
0.0612244897959184	-0.7	141	7	rpart	2
0.0612244897959184	-0.8	141	7	rpart	2
0.0612244897959184	-0.9	141	7	rpart	2
0.0612244897959184	-1	141	7	rpart	2
-0.749019607843137	-1	143	8	rpart	2
-0.749019607843137	-0.9	143	8	rpart	2
-0.749019607843137	-0.8	143	8	rpart	2
-0.749019607843137	-0.7	143	8	rpart	2
-0.749019607843137	-0.6	143	8	rpart	2
-0.749019607843137	-0.5	143	8	rpart	2
-0.749019607843137	-0.4	143	8	rpart	2
-0.749019607843137	-0.3	143	8	rpart	2
-0.749019607843137	-0.2	143	8	rpart	2
-0.749019607843137	-0.1	143	8	rpart	2
-0.749019607843137	0	143	8	rpart	2
-0.749019607843137	0.1	143	8	rpart	2
-0.749019607843137	0.2	143	8	rpart	2
-0.749019607843137	0.3	143	8	rpart	2
-0.749019607843137	0.4	143	8	rpart	2
-0.749019607843137	0.5	143	8	rpart	2
-0.749019607843137	0.6	143	8	rpart	2
-0.749019607843137	0.7	143	8	rpart	2
-0.749019607843137	0.8	143	8	rpart	2
-0.749019607843137	0.9	143	8	rpart	2
-0.749019607843137	1	143	8	rpart	2
-0.548924731182796	-1	144	8	rpart	2
-0.548924731182796	-0.9	144	8	rpart	2
-0.548924731182796	-0.8	144	8	rpart	2
-0.548924731182796	-0.7	144	8	rpart	2
-0.548924731182796	-0.6	144	8	rpart	2
-0.548924731182796	-0.5	144	8	rpart	2
-0.548924731182796	-0.4	144	8	rpart	2
-0.548924731182796	-0.3	144	8	rpart	2
-0.548924731182796	-0.2	144	8	rpart	2
-0.548924731182796	-0.1	144	8	rpart	2
-0.548924731182796	0	144	8	rpart	2
-0.548924731182796	0.1	144	8	rpart	2
-0.548924731182796	0.2	144	8	rpart	2
-0.548924731182796	0.3	144	8	rpart	2
-0.548924731182796	0.4	144	8	rpart	2
-0.548924731182796	0.5	144	8	rpart	2
-0.548924731182796	0.6	144	8	rpart	2
-0.548924731182796	0.7	144	8	rpart	2
-0.548924731182796	0.8	144	8	rpart	2
-0.548924731182796	0.9	144	8	rpart	2
-0.548924731182796	1	144	8	rpart	2
-0.0652173913043478	-1	145	8	rpart	2
-0.0652173913043478	-0.9	145	8	rpart	2
-0.0652173913043478	-0.8	145	8	rpart	2
-0.0652173913043478	-0.7	145	8	rpart	2
-0.0652173913043478	-0.6	145	8	rpart	2
-0.0652173913043478	-0.5	145	8	rpart	2
-0.0652173913043478	-0.4	145	8	rpart	2
-0.0652173913043478	-0.3	145	8	rpart	2
-0.0652173913043478	-0.2	145	8	rpart	2
-0.0652173913043478	-0.1	145	8	rpart	2
-0.0652173913043478	0	145	8	rpart	2
-0.0652173913043478	0.1	145	8	rpart	2
-0.1	0.141860465116279	145	8	rpart	2
-0.2	0.141860465116279	145	8	rpart	2
-0.260126582278481	0.2	145	8	rpart	2
-0.260126582278481	0.3	145	8	rpart	2
-0.260126582278481	0.4	145	8	rpart	2
-0.260126582278481	0.5	145	8	rpart	2
-0.260126582278481	0.6	145	8	rpart	2
-0.260126582278481	0.7	145	8	rpart	2
-0.260126582278481	0.8	145	8	rpart	2
-0.260126582278481	0.9	145	8	rpart	2
-0.260126582278481	1	145	8	rpart	2
0.76875	1	146	8	rpart	2
0.76875	0.9	146	8	rpart	2
0.76875	0.8	146	8	rpart	2
0.76875	0.7	146	8	rpart	2
0.76875	0.6	146	8	rpart	2
0.76875	0.5	146	8	rpart	2
0.76875	0.4	146	8	rpart	2
0.76875	0.3	146	8	rpart	2
0.76875	0.2	146	8	rpart	2
0.7	0.142857142857143	146	8	rpart	2
0.6	0.142857142857143	146	8	rpart	2
0.5	0.142857142857143	146	8	rpart	2
0.4	0.142857142857143	146	8	rpart	2
0.3	0.142857142857143	146	8	rpart	2
0.2	0.142857142857143	146	8	rpart	2
0.135714285714286	0.2	146	8	rpart	2
0.135714285714286	0.3	146	8	rpart	2
0.135714285714286	0.4	146	8	rpart	2
0.135714285714286	0.5	146	8	rpart	2
0.135714285714286	0.6	146	8	rpart	2
0.135714285714286	0.7	146	8	rpart	2
0.135714285714286	0.8	146	8	rpart	2
0.135714285714286	0.9	146	8	rpart	2
0.135714285714286	1	146	8	rpart	2
-1	0.0439438700147711	148	9	rpart	2
-0.9	0.0439438700147711	148	9	rpart	2
-0.8	0.0439438700147711	148	9	rpart	2
-0.7	0.0439438700147711	148	9	rpart	2
-0.6	0.0439438700147711	148	9	rpart	2
-0.5	0.0439438700147711	148	9	rpart	2
-0.4	0.0439438700147711	148	9	rpart	2
-0.3	0.0439438700147711	148	9	rpart	2
-0.2	0.0439438700147711	148	9	rpart	2
-0.1	0.0439438700147711	148	9	rpart	2
0	0.0375	148	9	rpart	2
0.0348837209302326	0	148	9	rpart	2
0.0348837209302326	-0.1	148	9	rpart	2
0.0348837209302326	-0.2	148	9	rpart	2
0.0348837209302326	-0.3	148	9	rpart	2
0.0348837209302326	-0.4	148	9	rpart	2
0.0348837209302326	-0.5	148	9	rpart	2
0.0348837209302326	-0.6	148	9	rpart	2
0.0348837209302326	-0.7	148	9	rpart	2
0.0348837209302326	-0.8	148	9	rpart	2
0.0348837209302326	-0.9	148	9	rpart	2
0.0348837209302326	-1	148	9	rpart	2
0.0342105263157895	1	149	9	rpart	2
0.0342105263157895	0.9	149	9	rpart	2
0.0342105263157895	0.8	149	9	rpart	2
0.0342105263157895	0.7	149	9	rpart	2
0.055944055944056	0.6	149	9	rpart	2
0.055944055944056	0.5	149	9	rpart	2
0.055944055944056	0.4	149	9	rpart	2
0.055944055944056	0.3	149	9	rpart	2
0.055944055944056	0.2	149	9	rpart	2
0.055944055944056	0.1	149	9	rpart	2
0.1	0.0587155963302753	149	9	rpart	2
0.2	0.0587155963302753	149	9	rpart	2
0.3	0.0587155963302753	149	9	rpart	2
0.4	0.0587155963302753	149	9	rpart	2
0.5	0.0587155963302753	149	9	rpart	2
0.6	0.0587155963302753	149	9	rpart	2
0.7	0.0587155963302753	149	9	rpart	2
0.8	0.0587155963302753	149	9	rpart	2
0.9	0.0587155963302753	149	9	rpart	2
1	0.0587155963302753	149	9	rpart	2
-1	0.0436503003936193	2	10	rpart	2
-0.9	0.0436503003936193	2	10	rpart	2
-0.8	0.0436503003936193	2	10	rpart	2
-0.7	0.0436503003936193	2	10	rpart	2
-0.6	0.0436503003936193	2	10	rpart	2
-0.5	0.0436503003936193	2	10	rpart	2
-0.4	0.0436503003936193	2	10	rpart	2
-0.3	0.0436503003936193	2	10	rpart	2
-0.2	0.0436503003936193	2	10	rpart	2
-0.1	0.0436503003936193	2	10	rpart	2
-0.0526671999015566	0	2	10	rpart	2
-0.0526671999015566	-0.1	2	10	rpart	2
-0.0526671999015566	-0.2	2	10	rpart	2
-0.0526671999015566	-0.3	2	10	rpart	2
-0.0526671999015566	-0.4	2	10	rpart	2
-0.0526671999015566	-0.5	2	10	rpart	2
-0.0526671999015566	-0.6	2	10	rpart	2
-0.0526671999015566	-0.7	2	10	rpart	2
-0.0526671999015566	-0.8	2	10	rpart	2
-0.0526671999015566	-0.9	2	10	rpart	2
0	-0.955091533180778	2	10	rpart	2
0.1	-0.955091533180778	2	10	rpart	2
0.2	-0.955091533180778	2	10	rpart	2
0.3	-0.955091533180778	2	10	rpart	2
0.4	-0.955091533180778	2	10	rpart	2
0.5	-0.955091533180778	2	10	rpart	2
0.6	-0.955091533180778	2	10	rpart	2
0.7	-0.955091533180778	2	10	rpart	2
0.8	-0.955091533180778	2	10	rpart	2
0.9	-0.955091533180778	2	10	rpart	2
1	-0.955091533180778	2	10	rpart	2
1	0.0537952176578786	3	10	rpart	2
0.9	0.0537952176578786	3	10	rpart	2
0.8	0.0537952176578786	3	10	rpart	2
0.7	0.0537952176578786	3	10	rpart	2
0.6	0.0537952176578786	3	10	rpart	2
0.5	0.0537952176578786	3	10	rpart	2
0.4	0.0537952176578786	3	10	rpart	2
0.3	0.0537952176578786	3	10	rpart	2
0.2	0.0537952176578786	3	10	rpart	2
0.1	0.0537952176578786	3	10	rpart	2
0.0549597855227882	0.1	3	10	rpart	2
0.0549597855227882	0.2	3	10	rpart	2
0.0549597855227882	0.3	3	10	rpart	2
0.0549597855227882	0.4	3	10	rpart	2
0.0549597855227882	0.5	3	10	rpart	2
0.0549597855227882	0.6	3	10	rpart	2
0	0.642682926829268	3	10	rpart	2
-0.0585159362549801	0.7	3	10	rpart	2
-0.0585159362549801	0.8	3	10	rpart	2
-0.0585159362549801	0.9	3	10	rpart	2
-0.0585159362549801	1	3	10	rpart	2
-0.0625	-1	6	11	rpart	2
-0.0625	-0.9	6	11	rpart	2
-0.0625	-0.8	6	11	rpart	2
-0.0625	-0.7	6	11	rpart	2
-0.0625	-0.6	6	11	rpart	2
-0.0625	-0.5	6	11	rpart	2
-0.0625	-0.4	6	11	rpart	2
-0.0625	-0.3	6	11	rpart	2
-0.0625	-0.2	6	11	rpart	2
-0.0625	-0.1	6	11	rpart	2
-0.0625	0	6	11	rpart	2
-0.0625	0.1	6	11	rpart	2
-0.0625	0.2	6	11	rpart	2
-0.0625	0.3	6	11	rpart	2
-0.0625	0.4	6	11	rpart	2
-0.0625	0.5	6	11	rpart	2
-0.0625	0.6	6	11	rpart	2
-0.0625	0.7	6	11	rpart	2
-0.0625	0.8	6	11	rpart	2
-0.0625	0.9	6	11	rpart	2
-0.0625	1	6	11	rpart	2
-1	-0.755479452054795	7	12	rpart	2
-0.9	-0.755479452054795	7	12	rpart	2
-0.8	-0.755479452054795	7	12	rpart	2
-0.7	-0.755479452054795	7	12	rpart	2
-0.6	-0.755479452054795	7	12	rpart	2
-0.5	-0.755479452054795	7	12	rpart	2
-0.4	-0.755479452054795	7	12	rpart	2
-0.3	-0.755479452054795	7	12	rpart	2
-0.2	-0.755479452054795	7	12	rpart	2
-0.1	-0.755479452054795	7	12	rpart	2
0	-0.755479452054795	7	12	rpart	2
0.1	-0.755479452054795	7	12	rpart	2
0.2	-0.755479452054795	7	12	rpart	2
0.3	-0.755479452054795	7	12	rpart	2
0.4	-0.755479452054795	7	12	rpart	2
0.5	-0.755479452054795	7	12	rpart	2
0.6	-0.755479452054795	7	12	rpart	2
0.7	-0.755479452054795	7	12	rpart	2
0.8	-0.755479452054795	7	12	rpart	2
0.9	-0.755479452054795	7	12	rpart	2
1	-0.755479452054795	7	12	rpart	2
-1	-0.0541666666666667	8	12	rpart	2
-0.9	-0.0541666666666667	8	12	rpart	2
-0.8	-0.0541666666666667	8	12	rpart	2
-0.7	-0.0541666666666667	8	12	rpart	2
-0.6	-0.0541666666666667	8	12	rpart	2
-0.5	-0.0541666666666667	8	12	rpart	2
-0.4	-0.0541666666666667	8	12	rpart	2
-0.3	-0.0541666666666667	8	12	rpart	2
-0.2	-0.0541666666666667	8	12	rpart	2
-0.1	-0.0541666666666667	8	12	rpart	2
0	-0.0541666666666667	8	12	rpart	2
0.0741176470588236	0	8	12	rpart	2
0.0741176470588236	0.1	8	12	rpart	2
0.0741176470588236	0.2	8	12	rpart	2
0.0741176470588236	0.3	8	12	rpart	2
0.0741176470588236	0.4	8	12	rpart	2
0.0741176470588236	0.5	8	12	rpart	2
0.0741176470588236	0.6	8	12	rpart	2
0.0741176470588236	0.7	8	12	rpart	2
0.0741176470588236	0.8	8	12	rpart	2
0.0741176470588236	0.9	8	12	rpart	2
0.0741176470588236	1	8	12	rpart	2
-1	-0.0630801687763713	9	13	rpart	2
-0.9	-0.0630801687763713	9	13	rpart	2
-0.8	-0.0630801687763713	9	13	rpart	2
-0.7	-0.0630801687763713	9	13	rpart	2
-0.6	-0.0630801687763713	9	13	rpart	2
-0.5	-0.0630801687763713	9	13	rpart	2
-0.4	-0.0630801687763713	9	13	rpart	2
-0.3	-0.0630801687763713	9	13	rpart	2
-0.2	-0.0630801687763713	9	13	rpart	2
-0.1	-0.0630801687763713	9	13	rpart	2
0	-0.0630801687763713	9	13	rpart	2
0.0388888888888889	-0.1	9	13	rpart	2
0.0388888888888889	-0.2	9	13	rpart	2
0.0388888888888889	-0.3	9	13	rpart	2
0.0388888888888889	-0.4	9	13	rpart	2
0.0388888888888889	-0.5	9	13	rpart	2
0.0388888888888889	-0.6	9	13	rpart	2
0.0388888888888889	-0.7	9	13	rpart	2
0.0388888888888889	-0.8	9	13	rpart	2
0.0388888888888889	-0.9	9	13	rpart	2
0.0388888888888889	-1	9	13	rpart	2
0.0718750000000001	1	10	13	rpart	2
0.0718750000000001	0.9	10	13	rpart	2
0.0718750000000001	0.8	10	13	rpart	2
0.0718750000000001	0.7	10	13	rpart	2
0.0718750000000001	0.6	10	13	rpart	2
0.0718750000000001	0.5	10	13	rpart	2
0.0718750000000001	0.4	10	13	rpart	2
0.0718750000000001	0.3	10	13	rpart	2
0.0718750000000001	0.2	10	13	rpart	2
0.0718750000000001	0.1	10	13	rpart	2
0.0718750000000001	0	10	13	rpart	2
0.1	-0.0298469387755102	10	13	rpart	2
0.2	-0.0298469387755102	10	13	rpart	2
0.3	-0.0298469387755102	10	13	rpart	2
0.4	-0.0298469387755102	10	13	rpart	2
0.5	-0.0298469387755102	10	13	rpart	2
0.6	-0.0298469387755102	10	13	rpart	2
0.7	-0.0298469387755102	10	13	rpart	2
0.8	-0.0298469387755102	10	13	rpart	2
0.888392857142857	-0.1	10	13	rpart	2
0.888392857142857	-0.2	10	13	rpart	2
0.888392857142857	-0.3	10	13	rpart	2
0.888392857142857	-0.4	10	13	rpart	2
0.888392857142857	-0.5	10	13	rpart	2
0.888392857142857	-0.6	10	13	rpart	2
0.888392857142857	-0.7	10	13	rpart	2
0.888392857142857	-0.8	10	13	rpart	2
0.888392857142857	-0.9	10	13	rpart	2
0.888392857142857	-1	10	13	rpart	2
-1	-0.763636363636364	12	14	rpart	2
-0.9	-0.763636363636364	12	14	rpart	2
-0.8	-0.763636363636364	12	14	rpart	2
-0.7	-0.763636363636364	12	14	rpart	2
-0.6	-0.763636363636364	12	14	rpart	2
-0.558333333333333	-0.8	12	14	rpart	2
-0.558333333333333	-0.9	12	14	rpart	2
-0.558333333333333	-1	12	14	rpart	2
-1	-0.0691176470588235	13	14	rpart	2
-0.9	-0.0691176470588235	13	14	rpart	2
-0.8	-0.0691176470588235	13	14	rpart	2
-0.7	-0.0691176470588235	13	14	rpart	2
-0.6	-0.0691176470588235	13	14	rpart	2
-0.5	-0.0691176470588235	13	14	rpart	2
-0.4	-0.0691176470588235	13	14	rpart	2
-0.3	-0.0691176470588235	13	14	rpart	2
-0.2	-0.0691176470588235	13	14	rpart	2
-0.144778067885117	0	13	14	rpart	2
-0.1	0.0487341772151899	13	14	rpart	2
0	0.0487341772151899	13	14	rpart	2
0.04375	0	13	14	rpart	2
0.04375	-0.1	13	14	rpart	2
0.04375	-0.2	13	14	rpart	2
0.04375	-0.3	13	14	rpart	2
0.062303664921466	-0.4	13	14	rpart	2
0.062303664921466	-0.5	13	14	rpart	2
0.062303664921466	-0.6	13	14	rpart	2
0.062303664921466	-0.7	13	14	rpart	2
0.0569377990430623	-0.8	13	14	rpart	2
0.0569377990430623	-0.9	13	14	rpart	2
0.0569377990430623	-1	13	14	rpart	2
0.0563674321503132	1	14	14	rpart	2
0.0563674321503132	0.9	14	14	rpart	2
0.0563674321503132	0.8	14	14	rpart	2
0.0563674321503132	0.7	14	14	rpart	2
0.0563674321503132	0.6	14	14	rpart	2
0.0563674321503132	0.5	14	14	rpart	2
0.0563674321503132	0.4	14	14	rpart	2
0.0563674321503132	0.3	14	14	rpart	2
0.0563674321503132	0.2	14	14	rpart	2
0.0563674321503132	0.1	14	14	rpart	2
0.1	0.0612244897959184	14	14	rpart	2
0.2	0.0612244897959184	14	14	rpart	2
0.3	0.0612244897959184	14	14	rpart	2
0.4	0.0612244897959184	14	14	rpart	2
0.5	0.0612244897959184	14	14	rpart	2
0.6	0.0612244897959184	14	14	rpart	2
0.7	0.0612244897959184	14	14	rpart	2
0.8	0.0612244897959184	14	14	rpart	2
0.9	0.0612244897959184	14	14	rpart	2
1	0.0612244897959184	14	14	rpart	2
-1	0.0436503003936193	19	15	rpart	2
-0.9	0.0436503003936193	19	15	rpart	2
-0.8	0.0436503003936193	19	15	rpart	2
-0.7	0.0436503003936193	19	15	rpart	2
-0.6	0.0436503003936193	19	15	rpart	2
-0.5	0.0436503003936193	19	15	rpart	2
-0.4	0.0436503003936193	19	15	rpart	2
-0.3	0.0436503003936193	19	15	rpart	2
-0.2	0.0436503003936193	19	15	rpart	2
-0.1	0.0436503003936193	19	15	rpart	2
-0.0526671999015566	0	19	15	rpart	2
-0.0526671999015566	-0.1	19	15	rpart	2
-0.0526671999015566	-0.2	19	15	rpart	2
-0.0526671999015566	-0.3	19	15	rpart	2
-0.0526671999015566	-0.4	19	15	rpart	2
-0.0526671999015566	-0.5	19	15	rpart	2
-0.0526671999015566	-0.6	19	15	rpart	2
-0.0526671999015566	-0.7	19	15	rpart	2
-0.0526671999015566	-0.8	19	15	rpart	2
-0.0526671999015566	-0.9	19	15	rpart	2
0	-0.955091533180778	19	15	rpart	2
0.1	-0.955091533180778	19	15	rpart	2
0.2	-0.955091533180778	19	15	rpart	2
0.3	-0.955091533180778	19	15	rpart	2
0.4	-0.955091533180778	19	15	rpart	2
0.5	-0.955091533180778	19	15	rpart	2
0.6	-0.955091533180778	19	15	rpart	2
0.7	-0.955091533180778	19	15	rpart	2
0.8	-0.955091533180778	19	15	rpart	2
0.9	-0.955091533180778	19	15	rpart	2
1	-0.955091533180778	19	15	rpart	2
1	0.0537952176578786	20	15	rpart	2
0.9	0.0537952176578786	20	15	rpart	2
0.8	0.0537952176578786	20	15	rpart	2
0.7	0.0537952176578786	20	15	rpart	2
0.6	0.0537952176578786	20	15	rpart	2
0.5	0.0537952176578786	20	15	rpart	2
0.4	0.0537952176578786	20	15	rpart	2
0.3	0.0537952176578786	20	15	rpart	2
0.2	0.0537952176578786	20	15	rpart	2
0.1	0.0537952176578786	20	15	rpart	2
0.0549597855227882	0.1	20	15	rpart	2
0.0549597855227882	0.2	20	15	rpart	2
0.0549597855227882	0.3	20	15	rpart	2
0.0549597855227882	0.4	20	15	rpart	2
0.0549597855227882	0.5	20	15	rpart	2
0.0549597855227882	0.6	20	15	rpart	2
0	0.642682926829268	20	15	rpart	2
-0.0585159362549801	0.7	20	15	rpart	2
-0.0585159362549801	0.8	20	15	rpart	2
-0.0585159362549801	0.9	20	15	rpart	2
-0.0585159362549801	1	20	15	rpart	2
-0.231578947368421	-1	23	16	rpart	2
-0.231578947368421	-0.9	23	16	rpart	2
-0.231578947368421	-0.8	23	16	rpart	2
-0.231578947368421	-0.7	23	16	rpart	2
-0.231578947368421	-0.6	23	16	rpart	2
-0.231578947368421	-0.5	23	16	rpart	2
-0.231578947368421	-0.4	23	16	rpart	2
-0.231578947368421	-0.3	23	16	rpart	2
-0.231578947368421	-0.2	23	16	rpart	2
-0.231578947368421	-0.1	23	16	rpart	2
-0.231578947368421	0	23	16	rpart	2
-0.231578947368421	0.1	23	16	rpart	2
-0.231578947368421	0.2	23	16	rpart	2
-0.231578947368421	0.3	23	16	rpart	2
-0.231578947368421	0.4	23	16	rpart	2
-0.231578947368421	0.5	23	16	rpart	2
-0.231578947368421	0.6	23	16	rpart	2
-0.231578947368421	0.7	23	16	rpart	2
-0.231578947368421	0.8	23	16	rpart	2
-0.231578947368421	0.9	23	16	rpart	2
-0.231578947368421	1	23	16	rpart	2
-1	0.356451612903226	24	17	rpart	2
-0.9	0.356451612903226	24	17	rpart	2
-0.8	0.356451612903226	24	17	rpart	2
-0.7	0.356451612903226	24	17	rpart	2
-0.6	0.356451612903226	24	17	rpart	2
-0.5	0.356451612903226	24	17	rpart	2
-0.4	0.356451612903226	24	17	rpart	2
-0.3	0.356451612903226	24	17	rpart	2
-0.2	0.356451612903226	24	17	rpart	2
-0.1	0.356451612903226	24	17	rpart	2
0	0.356451612903226	24	17	rpart	2
0.1	0.356451612903226	24	17	rpart	2
0.2	0.356451612903226	24	17	rpart	2
0.3	0.356451612903226	24	17	rpart	2
0.4	0.356451612903226	24	17	rpart	2
0.5	0.356451612903226	24	17	rpart	2
0.6	0.356451612903226	24	17	rpart	2
0.7	0.356451612903226	24	17	rpart	2
0.8	0.356451612903226	24	17	rpart	2
0.9	0.356451612903226	24	17	rpart	2
1	0.356451612903226	24	17	rpart	2
-0.336585365853658	-1	25	17	rpart	2
-0.336585365853658	-0.9	25	17	rpart	2
-0.336585365853658	-0.8	25	17	rpart	2
-0.336585365853658	-0.7	25	17	rpart	2
-0.336585365853658	-0.6	25	17	rpart	2
-0.336585365853658	-0.5	25	17	rpart	2
-0.336585365853658	-0.4	25	17	rpart	2
-0.336585365853658	-0.3	25	17	rpart	2
-0.336585365853658	-0.2	25	17	rpart	2
-0.336585365853658	-0.1	25	17	rpart	2
-0.336585365853658	0	25	17	rpart	2
-0.336585365853658	0.1	25	17	rpart	2
-0.3	0.122881355932203	25	17	rpart	2
-0.2	0.122881355932203	25	17	rpart	2
-0.1	0.122881355932203	25	17	rpart	2
0	0.122881355932203	25	17	rpart	2
0.1	0.122881355932203	25	17	rpart	2
0.2	0.122881355932203	25	17	rpart	2
0.3	0.122881355932203	25	17	rpart	2
0.4	0.122881355932203	25	17	rpart	2
0.5	0.122881355932203	25	17	rpart	2
0.6	0.122881355932203	25	17	rpart	2
0.7	0.122881355932203	25	17	rpart	2
0.8	0.122881355932203	25	17	rpart	2
0.9	0.122881355932203	25	17	rpart	2
1	0.122881355932203	25	17	rpart	2
-1	-0.0214285714285714	26	18	rpart	2
-0.9	-0.0214285714285714	26	18	rpart	2
-0.8	-0.0214285714285714	26	18	rpart	2
-0.7	-0.0214285714285714	26	18	rpart	2
-0.6	-0.0214285714285714	26	18	rpart	2
-0.5	-0.0214285714285714	26	18	rpart	2
-0.4	-0.0214285714285714	26	18	rpart	2
-0.3	-0.0214285714285714	26	18	rpart	2
-0.255232558139535	-0.1	26	18	rpart	2
-0.255232558139535	-0.2	26	18	rpart	2
-0.255232558139535	-0.3	26	18	rpart	2
-0.255232558139535	-0.4	26	18	rpart	2
-0.255232558139535	-0.5	26	18	rpart	2
-0.255232558139535	-0.6	26	18	rpart	2
-0.2	-0.676	26	18	rpart	2
-0.1	-0.676	26	18	rpart	2
0	-0.676	26	18	rpart	2
0.1	-0.676	26	18	rpart	2
0.2	-0.676	26	18	rpart	2
0.3	-0.676	26	18	rpart	2
0.4	-0.676	26	18	rpart	2
0.5	-0.676	26	18	rpart	2
0.6	-0.676	26	18	rpart	2
0.7	-0.676	26	18	rpart	2
0.8	-0.676	26	18	rpart	2
0.9	-0.676	26	18	rpart	2
1	-0.676	26	18	rpart	2
1	-0.0525	27	18	rpart	2
0.9	-0.0525	27	18	rpart	2
0.8	-0.0525	27	18	rpart	2
0.7	-0.0525	27	18	rpart	2
0.6	-0.0525	27	18	rpart	2
0.5	-0.0525	27	18	rpart	2
0.4	-0.0525	27	18	rpart	2
0.3	-0.0525	27	18	rpart	2
0.2	-0.0525	27	18	rpart	2
0.1	-0.0525	27	18	rpart	2
0.0166666666666667	0	27	18	rpart	2
0.0166666666666667	0.1	27	18	rpart	2
0.0166666666666667	0.2	27	18	rpart	2
0.0166666666666667	0.3	27	18	rpart	2
0.060344827586207	0.4	27	18	rpart	2
0.060344827586207	0.5	27	18	rpart	2
0.060344827586207	0.6	27	18	rpart	2
0.060344827586207	0.7	27	18	rpart	2
0.060344827586207	0.8	27	18	rpart	2
0.060344827586207	0.9	27	18	rpart	2
0.060344827586207	1	27	18	rpart	2
-1	0.0559006211180125	31	19	rpart	2
-0.9	0.0559006211180125	31	19	rpart	2
-0.8	0.0559006211180125	31	19	rpart	2
-0.7	0.0559006211180125	31	19	rpart	2
-0.6	0.0559006211180125	31	19	rpart	2
-0.5	0.0559006211180125	31	19	rpart	2
-0.4	0.0559006211180125	31	19	rpart	2
-0.3	0.0559006211180125	31	19	rpart	2
-0.2	0.0559006211180125	31	19	rpart	2
-0.1	0.0559006211180125	31	19	rpart	2
0	0.0559006211180125	31	19	rpart	2
0.0411764705882353	0.1	31	19	rpart	2
0.0411764705882353	0.2	31	19	rpart	2
0.0411764705882353	0.3	31	19	rpart	2
0	0.345454545454546	31	19	rpart	2
-0.0409937888198758	0.4	31	19	rpart	2
-0.0409937888198758	0.5	31	19	rpart	2
-0.0409937888198758	0.6	31	19	rpart	2
-0.0409937888198758	0.7	31	19	rpart	2
-0.0409937888198758	0.8	31	19	rpart	2
-0.0409937888198758	0.9	31	19	rpart	2
-0.0409937888198758	1	31	19	rpart	2
0.0495559502664299	-1	32	19	rpart	2
0.0495559502664299	-0.9	32	19	rpart	2
0.0495559502664299	-0.8	32	19	rpart	2
0.0495559502664299	-0.7	32	19	rpart	2
0.0495559502664299	-0.6	32	19	rpart	2
0.0495559502664299	-0.5	32	19	rpart	2
0.0495559502664299	-0.4	32	19	rpart	2
0.0495559502664299	-0.3	32	19	rpart	2
0.0495559502664299	-0.2	32	19	rpart	2
0.0495559502664299	-0.1	32	19	rpart	2
0.0495559502664299	0	32	19	rpart	2
0.1	0.0474576271186441	32	19	rpart	2
0.2	0.0474576271186441	32	19	rpart	2
0.3	0.0474576271186441	32	19	rpart	2
0.4	0.0474576271186441	32	19	rpart	2
0.5	0.0474576271186441	32	19	rpart	2
0.6	0.0474576271186441	32	19	rpart	2
0.7	0.0474576271186441	32	19	rpart	2
0.8	0.0474576271186441	32	19	rpart	2
0.9	0.0474576271186441	32	19	rpart	2
1	0.0474576271186441	32	19	rpart	2
-1	0.0450156459544032	38	20	rpart	2
-0.9	0.0450156459544032	38	20	rpart	2
-0.8	0.0450156459544032	38	20	rpart	2
-0.7	0.0450156459544032	38	20	rpart	2
-0.6	0.0450156459544032	38	20	rpart	2
-0.5	0.0450156459544032	38	20	rpart	2
-0.4	0.0450156459544032	38	20	rpart	2
-0.3	0.0450156459544032	38	20	rpart	2
-0.2	0.0450156459544032	38	20	rpart	2
-0.1	0.0450156459544032	38	20	rpart	2
0	0.0450156459544032	38	20	rpart	2
0.0542168674698796	0.1	38	20	rpart	2
0	0.153761061946903	38	20	rpart	2
-0.0465499928274279	0.2	38	20	rpart	2
-0.0465499928274279	0.3	38	20	rpart	2
-0.0465499928274279	0.4	38	20	rpart	2
-0.0465499928274279	0.5	38	20	rpart	2
-0.0465499928274279	0.6	38	20	rpart	2
-0.0465499928274279	0.7	38	20	rpart	2
-0.0465499928274279	0.8	38	20	rpart	2
-0.0465499928274279	0.9	38	20	rpart	2
0	0.946610169491526	38	20	rpart	2
0.1	0.946610169491526	38	20	rpart	2
0.2	0.946610169491526	38	20	rpart	2
0.3	0.946610169491526	38	20	rpart	2
0.4	0.946610169491526	38	20	rpart	2
0.5	0.946610169491526	38	20	rpart	2
0.6	0.946610169491526	38	20	rpart	2
0.7	0.946610169491526	38	20	rpart	2
0.8	0.950253807106599	38	20	rpart	2
0.9	0.950253807106599	38	20	rpart	2
1	0.945	38	20	rpart	2
0.0446269278866195	-1	39	20	rpart	2
0.0446269278866195	-0.9	39	20	rpart	2
0.0446269278866195	-0.8	39	20	rpart	2
0.0446269278866195	-0.7	39	20	rpart	2
0.0446269278866195	-0.6	39	20	rpart	2
0.0446269278866195	-0.5	39	20	rpart	2
0.0446269278866195	-0.4	39	20	rpart	2
0.0446269278866195	-0.3	39	20	rpart	2
0.0446269278866195	-0.2	39	20	rpart	2
0.0446269278866195	-0.1	39	20	rpart	2
0.1	-0.0453932584269663	39	20	rpart	2
0.2	-0.0453932584269663	39	20	rpart	2
0.3	-0.0453932584269663	39	20	rpart	2
0.4	-0.0453932584269663	39	20	rpart	2
0.5	-0.0453932584269663	39	20	rpart	2
0.6	-0.0453932584269663	39	20	rpart	2
0.7	-0.0453932584269663	39	20	rpart	2
0.8	-0.0671361502347418	39	20	rpart	2
0.9	-0.0671361502347418	39	20	rpart	2
1	-0.0415625	39	20	rpart	2
-1	0.244303797468355	45	21	rpart	2
-0.9	0.244303797468355	45	21	rpart	2
-0.8	0.244303797468355	45	21	rpart	2
-0.7	0.244303797468355	45	21	rpart	2
-0.6	0.244303797468355	45	21	rpart	2
-0.5	0.244303797468355	45	21	rpart	2
-0.4	0.244303797468355	45	21	rpart	2
-0.3	0.244303797468355	45	21	rpart	2
-0.2	0.244303797468355	45	21	rpart	2
-0.1	0.244303797468355	45	21	rpart	2
0	0.244303797468355	45	21	rpart	2
0.1	0.244303797468355	45	21	rpart	2
0.2	0.244303797468355	45	21	rpart	2
0.3	0.244303797468355	45	21	rpart	2
0.4	0.244303797468355	45	21	rpart	2
0.5	0.244303797468355	45	21	rpart	2
0.6	0.244303797468355	45	21	rpart	2
0.7	0.244303797468355	45	21	rpart	2
0.8	0.244303797468355	45	21	rpart	2
0.9	0.244303797468355	45	21	rpart	2
1	0.244303797468355	45	21	rpart	2
-1	0.362078651685393	46	22	rpart	2
-0.9	0.362078651685393	46	22	rpart	2
-0.8	0.362078651685393	46	22	rpart	2
-0.7	0.362078651685393	46	22	rpart	2
-0.6	0.362078651685393	46	22	rpart	2
-0.5	0.362078651685393	46	22	rpart	2
-0.4	0.362078651685393	46	22	rpart	2
-0.3	0.362078651685393	46	22	rpart	2
-0.2	0.362078651685393	46	22	rpart	2
-0.1	0.362078651685393	46	22	rpart	2
-0.0277777777777778	0.3	46	22	rpart	2
-0.0277777777777778	0.2	46	22	rpart	2
-0.0277777777777778	0.1	46	22	rpart	2
-0.0277777777777778	0	46	22	rpart	2
-0.0277777777777778	-0.1	46	22	rpart	2
-0.0277777777777778	-0.2	46	22	rpart	2
-0.0277777777777778	-0.3	46	22	rpart	2
-0.0277777777777778	-0.4	46	22	rpart	2
-0.0277777777777778	-0.5	46	22	rpart	2
-0.0277777777777778	-0.6	46	22	rpart	2
-0.0277777777777778	-0.7	46	22	rpart	2
-0.0277777777777778	-0.8	46	22	rpart	2
-0.0277777777777778	-0.9	46	22	rpart	2
-0.0277777777777778	-1	46	22	rpart	2
-1	0.15364238410596	47	23	rpart	2
-0.9	0.15364238410596	47	23	rpart	2
-0.8	0.15364238410596	47	23	rpart	2
-0.7	0.15364238410596	47	23	rpart	2
-0.6	0.15364238410596	47	23	rpart	2
-0.5	0.15364238410596	47	23	rpart	2
-0.4	0.15364238410596	47	23	rpart	2
-0.352631578947368	0.1	47	23	rpart	2
-0.3	0.04	47	23	rpart	2
-0.2	0.04	47	23	rpart	2
-0.1	0.04	47	23	rpart	2
0	0.04	47	23	rpart	2
0.043609022556391	0	47	23	rpart	2
0.043609022556391	-0.1	47	23	rpart	2
0.043609022556391	-0.2	47	23	rpart	2
0.043609022556391	-0.3	47	23	rpart	2
0.043609022556391	-0.4	47	23	rpart	2
0.043609022556391	-0.5	47	23	rpart	2
0.043609022556391	-0.6	47	23	rpart	2
0.043609022556391	-0.7	47	23	rpart	2
0.043609022556391	-0.8	47	23	rpart	2
0.043609022556391	-0.9	47	23	rpart	2
0.043609022556391	-1	47	23	rpart	2
0.065909090909091	1	48	23	rpart	2
0.065909090909091	0.9	48	23	rpart	2
0.065909090909091	0.8	48	23	rpart	2
0.065909090909091	0.7	48	23	rpart	2
0.065909090909091	0.6	48	23	rpart	2
0.065909090909091	0.5	48	23	rpart	2
0.065909090909091	0.4	48	23	rpart	2
0.065909090909091	0.3	48	23	rpart	2
0.065909090909091	0.2	48	23	rpart	2
0.065909090909091	0.1	48	23	rpart	2
0.1	0.0625	48	23	rpart	2
0.2	0.0625	48	23	rpart	2
0.3	0.0625	48	23	rpart	2
0.4	0.0625	48	23	rpart	2
0.5	0.0625	48	23	rpart	2
0.6	0.0625	48	23	rpart	2
0.7	0.0625	48	23	rpart	2
0.8	0.0625	48	23	rpart	2
0.9	0.0625	48	23	rpart	2
1	0.0625	48	23	rpart	2
-1	0.041188524590164	53	24	rpart	2
-0.9	0.041188524590164	53	24	rpart	2
-0.8	0.041188524590164	53	24	rpart	2
-0.7	0.041188524590164	53	24	rpart	2
-0.6	0.041188524590164	53	24	rpart	2
-0.5	0.041188524590164	53	24	rpart	2
-0.4	0.041188524590164	53	24	rpart	2
-0.3	0.041188524590164	53	24	rpart	2
-0.2	0.041188524590164	53	24	rpart	2
-0.1	0.041188524590164	53	24	rpart	2
0	0.041188524590164	53	24	rpart	2
0.037	0	53	24	rpart	2
0.037	-0.1	53	24	rpart	2
0.037	-0.2	53	24	rpart	2
0.037	-0.3	53	24	rpart	2
0.037	-0.4	53	24	rpart	2
0.037	-0.5	53	24	rpart	2
0.037	-0.6	53	24	rpart	2
0.0483870967741936	-0.7	53	24	rpart	2
0.0483870967741936	-0.8	53	24	rpart	2
0.0483870967741936	-0.9	53	24	rpart	2
0.0483870967741936	-1	53	24	rpart	2
0.0456415094339623	1	54	24	rpart	2
0.0456415094339623	0.9	54	24	rpart	2
0.0456415094339623	0.8	54	24	rpart	2
0.0456415094339623	0.7	54	24	rpart	2
0.0456415094339623	0.6	54	24	rpart	2
0.0456415094339623	0.5	54	24	rpart	2
0.0456415094339623	0.4	54	24	rpart	2
0.0456415094339623	0.3	54	24	rpart	2
0.0456415094339623	0.2	54	24	rpart	2
0.0456415094339623	0.1	54	24	rpart	2
0.1	0.0500314070351759	54	24	rpart	2
0.2	0.0500314070351759	54	24	rpart	2
0.3	0.0500314070351759	54	24	rpart	2
0.4	0.0500314070351759	54	24	rpart	2
0.5	0.0500314070351759	54	24	rpart	2
0.6	0.0500314070351759	54	24	rpart	2
0.7	0.0500314070351759	54	24	rpart	2
0.8	0.0500314070351759	54	24	rpart	2
0.9	0.0500314070351759	54	24	rpart	2
0.956052141527002	0.1	54	24	rpart	2
0.956052141527002	0.2	54	24	rpart	2
0.956052141527002	0.3	54	24	rpart	2
0.956052141527002	0.4	54	24	rpart	2
0.956052141527002	0.5	54	24	rpart	2
0.956052141527002	0.6	54	24	rpart	2
0.956052141527002	0.7	54	24	rpart	2
0.956052141527002	0.8	54	24	rpart	2
0.956052141527002	0.9	54	24	rpart	2
0.956052141527002	1	54	24	rpart	2
-1	0.0450156459544032	60	25	rpart	2
-0.9	0.0450156459544032	60	25	rpart	2
-0.8	0.0450156459544032	60	25	rpart	2
-0.7	0.0450156459544032	60	25	rpart	2
-0.6	0.0450156459544032	60	25	rpart	2
-0.5	0.0450156459544032	60	25	rpart	2
-0.4	0.0450156459544032	60	25	rpart	2
-0.3	0.0450156459544032	60	25	rpart	2
-0.2	0.0450156459544032	60	25	rpart	2
-0.1	0.0450156459544032	60	25	rpart	2
0	0.0450156459544032	60	25	rpart	2
0.0542168674698796	0.1	60	25	rpart	2
0	0.153761061946903	60	25	rpart	2
-0.0465499928274279	0.2	60	25	rpart	2
-0.0465499928274279	0.3	60	25	rpart	2
-0.0465499928274279	0.4	60	25	rpart	2
-0.0465499928274279	0.5	60	25	rpart	2
-0.0465499928274279	0.6	60	25	rpart	2
-0.0465499928274279	0.7	60	25	rpart	2
-0.0465499928274279	0.8	60	25	rpart	2
-0.0465499928274279	0.9	60	25	rpart	2
0	0.946610169491526	60	25	rpart	2
0.1	0.946610169491526	60	25	rpart	2
0.2	0.946610169491526	60	25	rpart	2
0.3	0.946610169491526	60	25	rpart	2
0.4	0.946610169491526	60	25	rpart	2
0.5	0.946610169491526	60	25	rpart	2
0.6	0.946610169491526	60	25	rpart	2
0.7	0.946610169491526	60	25	rpart	2
0.8	0.950253807106599	60	25	rpart	2
0.9	0.950253807106599	60	25	rpart	2
1	0.945	60	25	rpart	2
0.0446269278866195	-1	61	25	rpart	2
0.0446269278866195	-0.9	61	25	rpart	2
0.0446269278866195	-0.8	61	25	rpart	2
0.0446269278866195	-0.7	61	25	rpart	2
0.0446269278866195	-0.6	61	25	rpart	2
0.0446269278866195	-0.5	61	25	rpart	2
0.0446269278866195	-0.4	61	25	rpart	2
0.0446269278866195	-0.3	61	25	rpart	2
0.0446269278866195	-0.2	61	25	rpart	2
0.0446269278866195	-0.1	61	25	rpart	2
0.1	-0.0453932584269663	61	25	rpart	2
0.2	-0.0453932584269663	61	25	rpart	2
0.3	-0.0453932584269663	61	25	rpart	2
0.4	-0.0453932584269663	61	25	rpart	2
0.5	-0.0453932584269663	61	25	rpart	2
0.6	-0.0453932584269663	61	25	rpart	2
0.7	-0.0453932584269663	61	25	rpart	2
0.8	-0.0671361502347418	61	25	rpart	2
0.9	-0.0671361502347418	61	25	rpart	2
1	-0.0415625	61	25	rpart	2
-0.0568965517241379	-1	67	26	rpart	2
-0.0568965517241379	-0.9	67	26	rpart	2
-0.0568965517241379	-0.8	67	26	rpart	2
-0.0568965517241379	-0.7	67	26	rpart	2
-0.0568965517241379	-0.6	67	26	rpart	2
-0.0568965517241379	-0.5	67	26	rpart	2
-0.0568965517241379	-0.4	67	26	rpart	2
-0.0568965517241379	-0.3	67	26	rpart	2
-0.0568965517241379	-0.2	67	26	rpart	2
-0.0568965517241379	-0.1	67	26	rpart	2
-0.0568965517241379	0	67	26	rpart	2
-0.0568965517241379	0.1	67	26	rpart	2
-0.0568965517241379	0.2	67	26	rpart	2
-0.0568965517241379	0.3	67	26	rpart	2
-0.0568965517241379	0.4	67	26	rpart	2
-0.0568965517241379	0.5	67	26	rpart	2
-0.0568965517241379	0.6	67	26	rpart	2
-0.0568965517241379	0.7	67	26	rpart	2
-0.0568965517241379	0.8	67	26	rpart	2
-0.0568965517241379	0.9	67	26	rpart	2
-0.0568965517241379	1	67	26	rpart	2
-1	0.262913907284768	68	27	rpart	2
-0.9	0.262913907284768	68	27	rpart	2
-0.8	0.262913907284768	68	27	rpart	2
-0.7	0.262913907284768	68	27	rpart	2
-0.6	0.262913907284768	68	27	rpart	2
-0.5	0.262913907284768	68	27	rpart	2
-0.4	0.262913907284768	68	27	rpart	2
-0.3	0.262913907284768	68	27	rpart	2
-0.2	0.262913907284768	68	27	rpart	2
-0.1	0.262913907284768	68	27	rpart	2
0	0.262913907284768	68	27	rpart	2
0.1	0.262913907284768	68	27	rpart	2
0.2	0.262913907284768	68	27	rpart	2
0.265217391304348	0.2	68	27	rpart	2
0.265217391304348	0.1	68	27	rpart	2
0.265217391304348	0	68	27	rpart	2
0.265217391304348	-0.1	68	27	rpart	2
0.265217391304348	-0.2	68	27	rpart	2
0.265217391304348	-0.3	68	27	rpart	2
0.265217391304348	-0.4	68	27	rpart	2
0.265217391304348	-0.5	68	27	rpart	2
0.265217391304348	-0.6	68	27	rpart	2
0.265217391304348	-0.7	68	27	rpart	2
0.265217391304348	-0.8	68	27	rpart	2
0.265217391304348	-0.9	68	27	rpart	2
0.265217391304348	-1	68	27	rpart	2
-1	0.339082278481013	70	28	rpart	2
-0.9	0.339082278481013	70	28	rpart	2
-0.8	0.339082278481013	70	28	rpart	2
-0.7	0.339082278481013	70	28	rpart	2
-0.6	0.339082278481013	70	28	rpart	2
-0.5	0.339082278481013	70	28	rpart	2
-0.4	0.339082278481013	70	28	rpart	2
-0.3	0.339082278481013	70	28	rpart	2
-0.2	0.339082278481013	70	28	rpart	2
-0.1	0.339082278481013	70	28	rpart	2
0	0.339082278481013	70	28	rpart	2
0.1	0.342924528301887	70	28	rpart	2
0.145833333333333	0.4	70	28	rpart	2
0.145833333333333	0.5	70	28	rpart	2
0.145833333333333	0.6	70	28	rpart	2
0.145833333333333	0.7	70	28	rpart	2
0.145833333333333	0.8	70	28	rpart	2
0.145833333333333	0.9	70	28	rpart	2
0.145833333333333	1	70	28	rpart	2
0.0504424778761063	-1	71	28	rpart	2
0.0504424778761063	-0.9	71	28	rpart	2
0.0504424778761063	-0.8	71	28	rpart	2
0.0504424778761063	-0.7	71	28	rpart	2
0.0504424778761063	-0.6	71	28	rpart	2
0.0504424778761063	-0.5	71	28	rpart	2
0.0504424778761063	-0.4	71	28	rpart	2
0.0504424778761063	-0.3	71	28	rpart	2
0.0504424778761063	-0.2	71	28	rpart	2
0.0504424778761063	-0.1	71	28	rpart	2
0.1	-0.0544041450777202	71	28	rpart	2
0.2	-0.0544041450777202	71	28	rpart	2
0.3	-0.0544041450777202	71	28	rpart	2
0.4	-0.0544041450777202	71	28	rpart	2
0.5	-0.0544041450777202	71	28	rpart	2
0.6	-0.0544041450777202	71	28	rpart	2
0.7	-0.0544041450777202	71	28	rpart	2
0.8	-0.0544041450777202	71	28	rpart	2
0.9	-0.0544041450777202	71	28	rpart	2
1	-0.0544041450777202	71	28	rpart	2
-1	0.0433807439824946	73	29	rpart	2
-0.9	0.0433807439824946	73	29	rpart	2
-0.8	0.0433807439824946	73	29	rpart	2
-0.7	0.0433807439824946	73	29	rpart	2
-0.6	0.0433807439824946	73	29	rpart	2
-0.5	0.0433807439824946	73	29	rpart	2
-0.4	0.0433807439824946	73	29	rpart	2
-0.3	0.0433807439824946	73	29	rpart	2
-0.2	0.0433807439824946	73	29	rpart	2
-0.1	0.0433807439824946	73	29	rpart	2
-0.0638888888888889	0	73	29	rpart	2
-0.0638888888888889	-0.1	73	29	rpart	2
-0.0638888888888889	-0.2	73	29	rpart	2
-0.0638888888888889	-0.3	73	29	rpart	2
-0.0638888888888889	-0.4	73	29	rpart	2
0	-0.458536585365854	73	29	rpart	2
0.0469613259668509	-0.5	73	29	rpart	2
0.0469613259668509	-0.6	73	29	rpart	2
0.0469613259668509	-0.7	73	29	rpart	2
0.0469613259668509	-0.8	73	29	rpart	2
0.0469613259668509	-0.9	73	29	rpart	2
0.0469613259668509	-1	73	29	rpart	2
-1	0.842452830188679	74	29	rpart	2
-0.9	0.842452830188679	74	29	rpart	2
-0.8	0.842452830188679	74	29	rpart	2
-0.7	0.842452830188679	74	29	rpart	2
-0.6	0.842452830188679	74	29	rpart	2
-0.5	0.842452830188679	74	29	rpart	2
-0.4	0.842452830188679	74	29	rpart	2
-0.3	0.842452830188679	74	29	rpart	2
-0.2	0.842452830188679	74	29	rpart	2
-0.1	0.842452830188679	74	29	rpart	2
0	0.842452830188679	74	29	rpart	2
0.1	0.842452830188679	74	29	rpart	2
0.2	0.842452830188679	74	29	rpart	2
0.250806451612903	0.8	74	29	rpart	2
0.250806451612903	0.7	74	29	rpart	2
0.250806451612903	0.6	74	29	rpart	2
0.250806451612903	0.5	74	29	rpart	2
0.250806451612903	0.4	74	29	rpart	2
0.250806451612903	0.3	74	29	rpart	2
0.250806451612903	0.2	74	29	rpart	2
0.250806451612903	0.1	74	29	rpart	2
0.258333333333333	0	74	29	rpart	2
0.3	-0.0416666666666667	74	29	rpart	2
0.4	-0.0416666666666667	74	29	rpart	2
0.5	-0.0416666666666667	74	29	rpart	2
0.6	-0.0416666666666667	74	29	rpart	2
0.7	-0.0416666666666667	74	29	rpart	2
0.8	-0.0416666666666667	74	29	rpart	2
0.9	-0.0416666666666667	74	29	rpart	2
1	-0.0416666666666667	74	29	rpart	2
-1	0.957142857142857	75	29	rpart	2
-0.9	0.957142857142857	75	29	rpart	2
-0.8	0.957142857142857	75	29	rpart	2
-0.7	0.957142857142857	75	29	rpart	2
-0.6	0.957142857142857	75	29	rpart	2
-0.5	0.957142857142857	75	29	rpart	2
-0.4	0.957142857142857	75	29	rpart	2
-0.3	0.957142857142857	75	29	rpart	2
-0.2	0.957142857142857	75	29	rpart	2
-0.1	0.957142857142857	75	29	rpart	2
0	0.957142857142857	75	29	rpart	2
0.1	0.957142857142857	75	29	rpart	2
0.2	0.957142857142857	75	29	rpart	2
0.3	0.957142857142857	75	29	rpart	2
0.4	0.957142857142857	75	29	rpart	2
0.5	0.957142857142857	75	29	rpart	2
0.6	0.957142857142857	75	29	rpart	2
0.7	0.957142857142857	75	29	rpart	2
0.8	0.957142857142857	75	29	rpart	2
0.9	0.957142857142857	75	29	rpart	2
1	0.957142857142857	75	29	rpart	2
0.88	-1	76	29	rpart	2
0.88	-0.9	76	29	rpart	2
0.88	-0.8	76	29	rpart	2
0.88	-0.7	76	29	rpart	2
0.88	-0.6	76	29	rpart	2
0.88	-0.5	76	29	rpart	2
0.9	-0.483333333333333	76	29	rpart	2
1	-0.483333333333333	76	29	rpart	2
-1	0.0450156459544032	81	30	rpart	2
-0.9	0.0450156459544032	81	30	rpart	2
-0.8	0.0450156459544032	81	30	rpart	2
-0.7	0.0450156459544032	81	30	rpart	2
-0.6	0.0450156459544032	81	30	rpart	2
-0.5	0.0450156459544032	81	30	rpart	2
-0.4	0.0450156459544032	81	30	rpart	2
-0.3	0.0450156459544032	81	30	rpart	2
-0.2	0.0450156459544032	81	30	rpart	2
-0.1	0.0450156459544032	81	30	rpart	2
0	0.0450156459544032	81	30	rpart	2
0.0542168674698796	0.1	81	30	rpart	2
0	0.153761061946903	81	30	rpart	2
-0.0465499928274279	0.2	81	30	rpart	2
-0.0465499928274279	0.3	81	30	rpart	2
-0.0465499928274279	0.4	81	30	rpart	2
-0.0465499928274279	0.5	81	30	rpart	2
-0.0465499928274279	0.6	81	30	rpart	2
-0.0465499928274279	0.7	81	30	rpart	2
-0.0465499928274279	0.8	81	30	rpart	2
-0.0465499928274279	0.9	81	30	rpart	2
0	0.946610169491526	81	30	rpart	2
0.1	0.946610169491526	81	30	rpart	2
0.2	0.946610169491526	81	30	rpart	2
0.3	0.946610169491526	81	30	rpart	2
0.4	0.946610169491526	81	30	rpart	2
0.5	0.946610169491526	81	30	rpart	2
0.6	0.946610169491526	81	30	rpart	2
0.7	0.946610169491526	81	30	rpart	2
0.8	0.950253807106599	81	30	rpart	2
0.9	0.950253807106599	81	30	rpart	2
1	0.945	81	30	rpart	2
0.0446269278866195	-1	82	30	rpart	2
0.0446269278866195	-0.9	82	30	rpart	2
0.0446269278866195	-0.8	82	30	rpart	2
0.0446269278866195	-0.7	82	30	rpart	2
0.0446269278866195	-0.6	82	30	rpart	2
0.0446269278866195	-0.5	82	30	rpart	2
0.0446269278866195	-0.4	82	30	rpart	2
0.0446269278866195	-0.3	82	30	rpart	2
0.0446269278866195	-0.2	82	30	rpart	2
0.0446269278866195	-0.1	82	30	rpart	2
0.1	-0.0453932584269663	82	30	rpart	2
0.2	-0.0453932584269663	82	30	rpart	2
0.3	-0.0453932584269663	82	30	rpart	2
0.4	-0.0453932584269663	82	30	rpart	2
0.5	-0.0453932584269663	82	30	rpart	2
0.6	-0.0453932584269663	82	30	rpart	2
0.7	-0.0453932584269663	82	30	rpart	2
0.8	-0.0671361502347418	82	30	rpart	2
0.9	-0.0671361502347418	82	30	rpart	2
1	-0.0415625	82	30	rpart	2
0.628571428571429	-1	88	31	rpart	2
0.628571428571429	-0.9	88	31	rpart	2
0.628571428571429	-0.8	88	31	rpart	2
0.628571428571429	-0.7	88	31	rpart	2
0.628571428571429	-0.6	88	31	rpart	2
0.628571428571429	-0.5	88	31	rpart	2
0.628571428571429	-0.4	88	31	rpart	2
0.628571428571429	-0.3	88	31	rpart	2
0.628571428571429	-0.2	88	31	rpart	2
0.628571428571429	-0.1	88	31	rpart	2
0.628571428571429	0	88	31	rpart	2
0.628571428571429	0.1	88	31	rpart	2
0.628571428571429	0.2	88	31	rpart	2
0.628571428571429	0.3	88	31	rpart	2
0.628571428571429	0.4	88	31	rpart	2
0.628571428571429	0.5	88	31	rpart	2
0.628571428571429	0.6	88	31	rpart	2
0.628571428571429	0.7	88	31	rpart	2
0.628571428571429	0.8	88	31	rpart	2
0.628571428571429	0.9	88	31	rpart	2
0.628571428571429	1	88	31	rpart	2
-1	0.0649484536082475	89	32	rpart	2
-0.9	0.0649484536082475	89	32	rpart	2
-0.8	0.0649484536082475	89	32	rpart	2
-0.7	0.0649484536082475	89	32	rpart	2
-0.6	0.0649484536082475	89	32	rpart	2
-0.5	0.0649484536082475	89	32	rpart	2
-0.4	0.0649484536082475	89	32	rpart	2
-0.3	0.0649484536082475	89	32	rpart	2
-0.2	0.0649484536082475	89	32	rpart	2
-0.1	0.0649484536082475	89	32	rpart	2
0	0.0649484536082475	89	32	rpart	2
0.1	0.0649484536082475	89	32	rpart	2
0.2	0.0649484536082475	89	32	rpart	2
0.3	0.0649484536082475	89	32	rpart	2
0.4	0.0649484536082475	89	32	rpart	2
0.5	0.0649484536082475	89	32	rpart	2
0.6	0.0649484536082475	89	32	rpart	2
0.655263157894737	0	89	32	rpart	2
0.655263157894737	-0.1	89	32	rpart	2
0.655263157894737	-0.2	89	32	rpart	2
0.655263157894737	-0.3	89	32	rpart	2
0.655263157894737	-0.4	89	32	rpart	2
0.655263157894737	-0.5	89	32	rpart	2
0.655263157894737	-0.6	89	32	rpart	2
0.655263157894737	-0.7	89	32	rpart	2
0.655263157894737	-0.8	89	32	rpart	2
0.655263157894737	-0.9	89	32	rpart	2
0.655263157894737	-1	89	32	rpart	2
-1	0.0597701149425288	91	33	rpart	2
-0.9	0.0597701149425288	91	33	rpart	2
-0.8	0.0597701149425288	91	33	rpart	2
-0.7	0.0597701149425288	91	33	rpart	2
-0.6	0.0597701149425288	91	33	rpart	2
-0.5	0.0597701149425288	91	33	rpart	2
-0.4	0.0597701149425288	91	33	rpart	2
-0.345454545454545	0	91	33	rpart	2
-0.345454545454545	-0.1	91	33	rpart	2
-0.3	-0.185714285714286	91	33	rpart	2
-0.2	-0.185714285714286	91	33	rpart	2
-0.133333333333333	-0.1	91	33	rpart	2
-0.133333333333333	0	91	33	rpart	2
-0.133333333333333	0.1	91	33	rpart	2
-0.133333333333333	0.2	91	33	rpart	2
-0.133333333333333	0.3	91	33	rpart	2
-0.133333333333333	0.4	91	33	rpart	2
-0.133333333333333	0.5	91	33	rpart	2
-0.133333333333333	0.6	91	33	rpart	2
-0.133333333333333	0.7	91	33	rpart	2
-0.133333333333333	0.8	91	33	rpart	2
-0.133333333333333	0.9	91	33	rpart	2
-0.133333333333333	1	91	33	rpart	2
-0.0857142857142857	-1	92	33	rpart	2
-0.0857142857142857	-0.9	92	33	rpart	2
-0.0857142857142857	-0.8	92	33	rpart	2
-0.0857142857142857	-0.7	92	33	rpart	2
-0.0857142857142857	-0.6	92	33	rpart	2
-0.0857142857142857	-0.5	92	33	rpart	2
-0.0857142857142857	-0.4	92	33	rpart	2
-0.0857142857142857	-0.3	92	33	rpart	2
-0.0857142857142857	-0.2	92	33	rpart	2
0	-0.133333333333333	92	33	rpart	2
0.1	-0.133333333333333	92	33	rpart	2
0.2	-0.133333333333333	92	33	rpart	2
0.3	-0.133333333333333	92	33	rpart	2
0.4	-0.133333333333333	92	33	rpart	2
0.5	-0.133333333333333	92	33	rpart	2
0.6	-0.133333333333333	92	33	rpart	2
0.7	-0.133333333333333	92	33	rpart	2
0.8	-0.133333333333333	92	33	rpart	2
0.9	-0.133333333333333	92	33	rpart	2
1	-0.133333333333333	92	33	rpart	2
-1	0.0518664047151278	94	34	rpart	2
-0.9	0.0518664047151278	94	34	rpart	2
-0.8	0.0518664047151278	94	34	rpart	2
-0.7	0.0518664047151278	94	34	rpart	2
-0.6	0.0518664047151278	94	34	rpart	2
-0.5	0.0518664047151278	94	34	rpart	2
-0.4	0.0518664047151278	94	34	rpart	2
-0.3	0.0518664047151278	94	34	rpart	2
-0.2	0.0518664047151278	94	34	rpart	2
-0.1	0.0518664047151278	94	34	rpart	2
-0.0452674897119341	0.1	94	34	rpart	2
-0.0452674897119341	0.2	94	34	rpart	2
-0.0452674897119341	0.3	94	34	rpart	2
-0.0452674897119341	0.4	94	34	rpart	2
-0.0452674897119341	0.5	94	34	rpart	2
-0.0452674897119341	0.6	94	34	rpart	2
-0.0452674897119341	0.7	94	34	rpart	2
-0.0452674897119341	0.8	94	34	rpart	2
-0.0452674897119341	0.9	94	34	rpart	2
-0.0452674897119341	1	94	34	rpart	2
0.0521319388576026	-1	95	34	rpart	2
0.0521319388576026	-0.9	95	34	rpart	2
0.0521319388576026	-0.8	95	34	rpart	2
0.0521319388576026	-0.7	95	34	rpart	2
0.0521319388576026	-0.6	95	34	rpart	2
0.0521319388576026	-0.5	95	34	rpart	2
0.0521319388576026	-0.4	95	34	rpart	2
0.0521319388576026	-0.3	95	34	rpart	2
0.0521319388576026	-0.2	95	34	rpart	2
0.0521319388576026	-0.1	95	34	rpart	2
0.0521319388576026	0	95	34	rpart	2
0.1	0.0544688026981451	95	34	rpart	2
0.2	0.0544688026981451	95	34	rpart	2
0.3	0.0544688026981451	95	34	rpart	2
0.4	0.0544688026981451	95	34	rpart	2
0.5	0.0544688026981451	95	34	rpart	2
0.553581661891118	0	95	34	rpart	2
0.6	-0.0412213740458015	95	34	rpart	2
0.7	-0.0412213740458015	95	34	rpart	2
0.8	-0.0412213740458015	95	34	rpart	2
0.9	-0.0412213740458015	95	34	rpart	2
1	-0.0412213740458015	95	34	rpart	2
-1	0.0491353836051221	97	35	rpart	2
-0.9	0.0491353836051221	97	35	rpart	2
-0.8	0.0491353836051221	97	35	rpart	2
-0.7	0.0491353836051221	97	35	rpart	2
-0.6	0.0491353836051221	97	35	rpart	2
-0.5	0.0491353836051221	97	35	rpart	2
-0.4	0.0491353836051221	97	35	rpart	2
-0.3	0.0491353836051221	97	35	rpart	2
-0.2	0.0491353836051221	97	35	rpart	2
-0.1	0.0491353836051221	97	35	rpart	2
-0.0473864024598565	0.1	97	35	rpart	2
-0.0473864024598565	0.2	97	35	rpart	2
-0.0473864024598565	0.3	97	35	rpart	2
-0.0473864024598565	0.4	97	35	rpart	2
-0.0473864024598565	0.5	97	35	rpart	2
-0.0473864024598565	0.6	97	35	rpart	2
-0.0473864024598565	0.7	97	35	rpart	2
-0.0473864024598565	0.8	97	35	rpart	2
-0.0473864024598565	0.9	97	35	rpart	2
-0.0473864024598565	1	97	35	rpart	2
0.0518112889637743	-1	98	35	rpart	2
0.0518112889637743	-0.9	98	35	rpart	2
0.0518112889637743	-0.8	98	35	rpart	2
0.0518112889637743	-0.7	98	35	rpart	2
0.0518112889637743	-0.6	98	35	rpart	2
0.0518112889637743	-0.5	98	35	rpart	2
0.0518112889637743	-0.4	98	35	rpart	2
0.0518112889637743	-0.3	98	35	rpart	2
0.0518112889637743	-0.2	98	35	rpart	2
0.0518112889637743	-0.1	98	35	rpart	2
0.0518112889637743	0	98	35	rpart	2
0.1	0.049939197405756	98	35	rpart	2
0.2	0.049939197405756	98	35	rpart	2
0.3	0.049939197405756	98	35	rpart	2
0.4	0.049939197405756	98	35	rpart	2
0.5	0.049939197405756	98	35	rpart	2
0.6	0.049939197405756	98	35	rpart	2
0.7	0.049939197405756	98	35	rpart	2
0.8	0.049939197405756	98	35	rpart	2
0.846533490011751	0	98	35	rpart	2
0.9	-0.046	98	35	rpart	2
1	-0.046	98	35	rpart	2
-1	-0.231578947368421	100	36	rpart	2
-0.9	-0.231578947368421	100	36	rpart	2
-0.8	-0.231578947368421	100	36	rpart	2
-0.7	-0.231578947368421	100	36	rpart	2
-0.6	-0.231578947368421	100	36	rpart	2
-0.5	-0.231578947368421	100	36	rpart	2
-0.4	-0.231578947368421	100	36	rpart	2
-0.3	-0.231578947368421	100	36	rpart	2
-0.2	-0.231578947368421	100	36	rpart	2
-0.1	-0.231578947368421	100	36	rpart	2
0	-0.231578947368421	100	36	rpart	2
0.1	-0.231578947368421	100	36	rpart	2
0.2	-0.231578947368421	100	36	rpart	2
0.3	-0.231578947368421	100	36	rpart	2
0.4	-0.231578947368421	100	36	rpart	2
0.5	-0.231578947368421	100	36	rpart	2
0.6	-0.231578947368421	100	36	rpart	2
0.7	-0.231578947368421	100	36	rpart	2
0.8	-0.231578947368421	100	36	rpart	2
0.9	-0.231578947368421	100	36	rpart	2
1	-0.231578947368421	100	36	rpart	2
-0.349726775956284	-1	101	37	rpart	2
-0.349726775956284	-0.9	101	37	rpart	2
-0.349726775956284	-0.8	101	37	rpart	2
-0.349726775956284	-0.7	101	37	rpart	2
-0.349726775956284	-0.6	101	37	rpart	2
-0.349726775956284	-0.5	101	37	rpart	2
-0.349726775956284	-0.4	101	37	rpart	2
-0.349726775956284	-0.3	101	37	rpart	2
-0.349726775956284	-0.2	101	37	rpart	2
-0.349726775956284	-0.1	101	37	rpart	2
-0.349726775956284	0	101	37	rpart	2
-0.349726775956284	0.1	101	37	rpart	2
-0.349726775956284	0.2	101	37	rpart	2
-0.349726775956284	0.3	101	37	rpart	2
-0.3	0.358558558558559	101	37	rpart	2
-0.2	0.358558558558559	101	37	rpart	2
-0.1	0.358558558558559	101	37	rpart	2
0	0.358558558558559	101	37	rpart	2
0.1	0.358558558558559	101	37	rpart	2
0.2	0.358558558558559	101	37	rpart	2
0.3	0.358558558558559	101	37	rpart	2
0.4	0.358558558558559	101	37	rpart	2
0.5	0.358558558558559	101	37	rpart	2
0.6	0.358558558558559	101	37	rpart	2
0.7	0.358558558558559	101	37	rpart	2
0.8	0.358558558558559	101	37	rpart	2
0.9	0.358558558558559	101	37	rpart	2
1	0.358558558558559	101	37	rpart	2
-1	0.0687500000000001	102	38	rpart	2
-0.9	0.0687500000000001	102	38	rpart	2
-0.8	0.0687500000000001	102	38	rpart	2
-0.7	0.0687500000000001	102	38	rpart	2
-0.6	0.0687500000000001	102	38	rpart	2
-0.5	0.0687500000000001	102	38	rpart	2
-0.4	0.0687500000000001	102	38	rpart	2
-0.3	0.0687500000000001	102	38	rpart	2
-0.245	0	102	38	rpart	2
-0.2	-0.045	102	38	rpart	2
-0.1	-0.045	102	38	rpart	2
-0.0439393939393939	-0.1	102	38	rpart	2
-0.0439393939393939	-0.2	102	38	rpart	2
-0.0439393939393939	-0.3	102	38	rpart	2
-0.0439393939393939	-0.4	102	38	rpart	2
-0.0439393939393939	-0.5	102	38	rpart	2
-0.0439393939393939	-0.6	102	38	rpart	2
-0.0439393939393939	-0.7	102	38	rpart	2
-0.0439393939393939	-0.8	102	38	rpart	2
-0.0439393939393939	-0.9	102	38	rpart	2
-0.0439393939393939	-1	102	38	rpart	2
1	-0.0414798206278027	103	38	rpart	2
0.9	-0.0414798206278027	103	38	rpart	2
0.8	-0.0414798206278027	103	38	rpart	2
0.7	-0.0414798206278027	103	38	rpart	2
0.6	-0.0414798206278027	103	38	rpart	2
0.5	-0.0414798206278027	103	38	rpart	2
0.4	-0.0414798206278027	103	38	rpart	2
0.3	-0.0414798206278027	103	38	rpart	2
0.2	-0.0414798206278027	103	38	rpart	2
0.1	-0.0414798206278027	103	38	rpart	2
0.0595588235294118	0	103	38	rpart	2
0.0595588235294118	0.1	103	38	rpart	2
0.0595588235294118	0.2	103	38	rpart	2
0.0595588235294118	0.3	103	38	rpart	2
0.0595588235294118	0.4	103	38	rpart	2
0.0595588235294118	0.5	103	38	rpart	2
0.0595588235294118	0.6	103	38	rpart	2
0.0595588235294118	0.7	103	38	rpart	2
0.0595588235294118	0.8	103	38	rpart	2
0.0595588235294118	0.9	103	38	rpart	2
0.0595588235294118	1	103	38	rpart	2
-1	0.152386237513874	104	39	rpart	2
-0.9	0.152386237513874	104	39	rpart	2
-0.8	0.152386237513874	104	39	rpart	2
-0.7	0.152386237513874	104	39	rpart	2
-0.6	0.152386237513874	104	39	rpart	2
-0.5	0.152386237513874	104	39	rpart	2
-0.4	0.152386237513874	104	39	rpart	2
-0.3	0.152386237513874	104	39	rpart	2
-0.2	0.152386237513874	104	39	rpart	2
-0.1	0.152386237513874	104	39	rpart	2
-0.0507077856420627	0.2	104	39	rpart	2
-0.0507077856420627	0.3	104	39	rpart	2
-0.0507077856420627	0.4	104	39	rpart	2
-0.0507077856420627	0.5	104	39	rpart	2
-0.0507077856420627	0.6	104	39	rpart	2
-0.0507077856420627	0.7	104	39	rpart	2
-0.0507077856420627	0.8	104	39	rpart	2
-0.0507077856420627	0.9	104	39	rpart	2
-0.0507077856420627	1	104	39	rpart	2
-0.0487684729064039	-1	105	39	rpart	2
-0.0487684729064039	-0.9	105	39	rpart	2
-0.0487684729064039	-0.8	105	39	rpart	2
-0.0487684729064039	-0.7	105	39	rpart	2
-0.0487684729064039	-0.6	105	39	rpart	2
-0.0487684729064039	-0.5	105	39	rpart	2
-0.0487684729064039	-0.4	105	39	rpart	2
-0.0487684729064039	-0.3	105	39	rpart	2
-0.0487684729064039	-0.2	105	39	rpart	2
-0.0487684729064039	-0.1	105	39	rpart	2
-0.0487684729064039	0	105	39	rpart	2
-0.0487684729064039	0.1	105	39	rpart	2
0	0.150448430493274	105	39	rpart	2
0.1	0.150448430493274	105	39	rpart	2
0.2	0.150448430493274	105	39	rpart	2
0.277586206896552	0.1	105	39	rpart	2
0.277586206896552	0	105	39	rpart	2
0.277586206896552	-0.1	105	39	rpart	2
0.277586206896552	-0.2	105	39	rpart	2
0.277586206896552	-0.3	105	39	rpart	2
0.277586206896552	-0.4	105	39	rpart	2
0.277586206896552	-0.5	105	39	rpart	2
0.277586206896552	-0.6	105	39	rpart	2
0.277586206896552	-0.7	105	39	rpart	2
0.277586206896552	-0.8	105	39	rpart	2
0.277586206896552	-0.9	105	39	rpart	2
0.277586206896552	-1	105	39	rpart	2
0.42	-1	106	39	rpart	2
0.42	-0.9	106	39	rpart	2
0.42	-0.8	106	39	rpart	2
0.42	-0.7	106	39	rpart	2
0.42	-0.6	106	39	rpart	2
0.42	-0.5	106	39	rpart	2
0.42	-0.4	106	39	rpart	2
0.42	-0.3	106	39	rpart	2
0.42	-0.2	106	39	rpart	2
0.42	-0.1	106	39	rpart	2
0.42	0	106	39	rpart	2
0.5	0.0615384615384616	106	39	rpart	2
0.6	0.0615384615384616	106	39	rpart	2
0.7	0.0615384615384616	106	39	rpart	2
0.8	0.0615384615384616	106	39	rpart	2
0.9	0.0615384615384616	106	39	rpart	2
1	0.0615384615384616	106	39	rpart	2
-1	0.0491353836051221	118	40	rpart	2
-0.9	0.0491353836051221	118	40	rpart	2
-0.8	0.0491353836051221	118	40	rpart	2
-0.7	0.0491353836051221	118	40	rpart	2
-0.6	0.0491353836051221	118	40	rpart	2
-0.5	0.0491353836051221	118	40	rpart	2
-0.4	0.0491353836051221	118	40	rpart	2
-0.3	0.0491353836051221	118	40	rpart	2
-0.2	0.0491353836051221	118	40	rpart	2
-0.1	0.0491353836051221	118	40	rpart	2
-0.0473864024598565	0.1	118	40	rpart	2
-0.0473864024598565	0.2	118	40	rpart	2
-0.0473864024598565	0.3	118	40	rpart	2
-0.0473864024598565	0.4	118	40	rpart	2
-0.0473864024598565	0.5	118	40	rpart	2
-0.0473864024598565	0.6	118	40	rpart	2
-0.0473864024598565	0.7	118	40	rpart	2
-0.0473864024598565	0.8	118	40	rpart	2
-0.0473864024598565	0.9	118	40	rpart	2
-0.0473864024598565	1	118	40	rpart	2
0.0518112889637743	-1	119	40	rpart	2
0.0518112889637743	-0.9	119	40	rpart	2
0.0518112889637743	-0.8	119	40	rpart	2
0.0518112889637743	-0.7	119	40	rpart	2
0.0518112889637743	-0.6	119	40	rpart	2
0.0518112889637743	-0.5	119	40	rpart	2
0.0518112889637743	-0.4	119	40	rpart	2
0.0518112889637743	-0.3	119	40	rpart	2
0.0518112889637743	-0.2	119	40	rpart	2
0.0518112889637743	-0.1	119	40	rpart	2
0.0518112889637743	0	119	40	rpart	2
0.1	0.049939197405756	119	40	rpart	2
0.2	0.049939197405756	119	40	rpart	2
0.3	0.049939197405756	119	40	rpart	2
0.4	0.049939197405756	119	40	rpart	2
0.5	0.049939197405756	119	40	rpart	2
0.6	0.049939197405756	119	40	rpart	2
0.7	0.049939197405756	119	40	rpart	2
0.8	0.049939197405756	119	40	rpart	2
0.846533490011751	0	119	40	rpart	2
0.9	-0.046	119	40	rpart	2
1	-0.046	119	40	rpart	2
-1	0.231578947368421	121	41	rpart	2
-0.9	0.231578947368421	121	41	rpart	2
-0.8	0.231578947368421	121	41	rpart	2
-0.7	0.231578947368421	121	41	rpart	2
-0.6	0.231578947368421	121	41	rpart	2
-0.5	0.231578947368421	121	41	rpart	2
-0.4	0.231578947368421	121	41	rpart	2
-0.3	0.231578947368421	121	41	rpart	2
-0.2	0.231578947368421	121	41	rpart	2
-0.1	0.231578947368421	121	41	rpart	2
0	0.231578947368421	121	41	rpart	2
0.1	0.231578947368421	121	41	rpart	2
0.2	0.231578947368421	121	41	rpart	2
0.3	0.231578947368421	121	41	rpart	2
0.4	0.231578947368421	121	41	rpart	2
0.5	0.231578947368421	121	41	rpart	2
0.6	0.231578947368421	121	41	rpart	2
0.7	0.231578947368421	121	41	rpart	2
0.8	0.231578947368421	121	41	rpart	2
0.9	0.231578947368421	121	41	rpart	2
1	0.231578947368421	121	41	rpart	2
-1	0.15072463768116	122	42	rpart	2
-0.9	0.15072463768116	122	42	rpart	2
-0.8	0.15072463768116	122	42	rpart	2
-0.7	0.15072463768116	122	42	rpart	2
-0.6	0.15072463768116	122	42	rpart	2
-0.5	0.15072463768116	122	42	rpart	2
-0.4	0.15072463768116	122	42	rpart	2
-0.3	0.15072463768116	122	42	rpart	2
-0.2	0.15072463768116	122	42	rpart	2
-0.1	0.15072463768116	122	42	rpart	2
-0.0333333333333333	0.2	122	42	rpart	2
-0.0333333333333333	0.3	122	42	rpart	2
-0.0333333333333333	0.4	122	42	rpart	2
-0.0333333333333333	0.5	122	42	rpart	2
-0.0333333333333333	0.6	122	42	rpart	2
-0.0333333333333333	0.7	122	42	rpart	2
-0.0333333333333333	0.8	122	42	rpart	2
-0.0333333333333333	0.9	122	42	rpart	2
-0.0333333333333333	1	122	42	rpart	2
0.353149606299213	-1	123	42	rpart	2
0.353149606299213	-0.9	123	42	rpart	2
0.353149606299213	-0.8	123	42	rpart	2
0.353149606299213	-0.7	123	42	rpart	2
0.353149606299213	-0.6	123	42	rpart	2
0.353149606299213	-0.5	123	42	rpart	2
0.353149606299213	-0.4	123	42	rpart	2
0.353149606299213	-0.3	123	42	rpart	2
0.353149606299213	-0.2	123	42	rpart	2
0.353149606299213	-0.1	123	42	rpart	2
0.353149606299213	0	123	42	rpart	2
0.353149606299213	0.1	123	42	rpart	2
0.4	0.164473684210526	123	42	rpart	2
0.5	0.164473684210526	123	42	rpart	2
0.6	0.164473684210526	123	42	rpart	2
0.7	0.164473684210526	123	42	rpart	2
0.8	0.164473684210526	123	42	rpart	2
0.9	0.164473684210526	123	42	rpart	2
1	0.164473684210526	123	42	rpart	2
-1	0.154744525547445	124	43	rpart	2
-0.9	0.154744525547445	124	43	rpart	2
-0.8	0.154744525547445	124	43	rpart	2
-0.7	0.154744525547445	124	43	rpart	2
-0.6	0.154744525547445	124	43	rpart	2
-0.5	0.154744525547445	124	43	rpart	2
-0.4	0.154744525547445	124	43	rpart	2
-0.3	0.154744525547445	124	43	rpart	2
-0.2	0.154744525547445	124	43	rpart	2
-0.1	0.154744525547445	124	43	rpart	2
0	0.139130434782609	124	43	rpart	2
0.1	0.139130434782609	124	43	rpart	2
0.151612903225807	0.2	124	43	rpart	2
0.151612903225807	0.3	124	43	rpart	2
0.151612903225807	0.4	124	43	rpart	2
0.151612903225807	0.5	124	43	rpart	2
0.151612903225807	0.6	124	43	rpart	2
0.151612903225807	0.7	124	43	rpart	2
0.151612903225807	0.8	124	43	rpart	2
0.151612903225807	0.9	124	43	rpart	2
0.151612903225807	1	124	43	rpart	2
-0.0490950226244344	-1	125	43	rpart	2
-0.0490950226244344	-0.9	125	43	rpart	2
-0.0490950226244344	-0.8	125	43	rpart	2
-0.0490950226244344	-0.7	125	43	rpart	2
-0.0490950226244344	-0.6	125	43	rpart	2
-0.0490950226244344	-0.5	125	43	rpart	2
-0.0490950226244344	-0.4	125	43	rpart	2
-0.0490950226244344	-0.3	125	43	rpart	2
-0.0490950226244344	-0.2	125	43	rpart	2
-0.0490950226244344	-0.1	125	43	rpart	2
0	-0.0355263157894737	125	43	rpart	2
0.1	-0.0355263157894737	125	43	rpart	2
0.2	-0.0355263157894737	125	43	rpart	2
0.3	-0.0355263157894737	125	43	rpart	2
0.4	-0.0355263157894737	125	43	rpart	2
0.5	-0.0355263157894737	125	43	rpart	2
0.6	-0.0355263157894737	125	43	rpart	2
0.7	-0.0355263157894737	125	43	rpart	2
0.8	-0.0355263157894737	125	43	rpart	2
0.9	-0.0355263157894737	125	43	rpart	2
1	-0.0355263157894737	125	43	rpart	2
-1	0.052555910543131	126	44	rpart	2
-0.9	0.052555910543131	126	44	rpart	2
-0.8	0.052555910543131	126	44	rpart	2
-0.7	0.052555910543131	126	44	rpart	2
-0.6	0.052555910543131	126	44	rpart	2
-0.5	0.052555910543131	126	44	rpart	2
-0.4	0.052555910543131	126	44	rpart	2
-0.3	0.052555910543131	126	44	rpart	2
-0.2	0.052555910543131	126	44	rpart	2
-0.152702702702703	0	126	44	rpart	2
-0.1	-0.0464285714285714	126	44	rpart	2
-0.0451612903225806	-0.1	126	44	rpart	2
-0.0451612903225806	-0.2	126	44	rpart	2
-0.0451612903225806	-0.3	126	44	rpart	2
-0.0451612903225806	-0.4	126	44	rpart	2
-0.0451612903225806	-0.5	126	44	rpart	2
-0.0451612903225806	-0.6	126	44	rpart	2
-0.0451612903225806	-0.7	126	44	rpart	2
-0.0451612903225806	-0.8	126	44	rpart	2
-0.0451612903225806	-0.9	126	44	rpart	2
-0.0451612903225806	-1	126	44	rpart	2
1	-0.0443072702331962	127	44	rpart	2
0.9	-0.0443072702331962	127	44	rpart	2
0.8	-0.0443072702331962	127	44	rpart	2
0.7	-0.0443072702331962	127	44	rpart	2
0.6	-0.0443072702331962	127	44	rpart	2
0.5	-0.0443072702331962	127	44	rpart	2
0.4	-0.0443072702331962	127	44	rpart	2
0.3	-0.0443072702331962	127	44	rpart	2
0.2	-0.0443072702331962	127	44	rpart	2
0.156948640483384	0	127	44	rpart	2
0.156948640483384	0.1	127	44	rpart	2
0.156948640483384	0.2	127	44	rpart	2
0.156948640483384	0.3	127	44	rpart	2
0.156948640483384	0.4	127	44	rpart	2
0.156948640483384	0.5	127	44	rpart	2
0.156948640483384	0.6	127	44	rpart	2
0.156948640483384	0.7	127	44	rpart	2
0.156948640483384	0.8	127	44	rpart	2
0.156948640483384	0.9	127	44	rpart	2
0.156948640483384	1	127	44	rpart	2
-1	0.0491353836051221	133	45	rpart	2
-0.9	0.0491353836051221	133	45	rpart	2
-0.8	0.0491353836051221	133	45	rpart	2
-0.7	0.0491353836051221	133	45	rpart	2
-0.6	0.0491353836051221	133	45	rpart	2
-0.5	0.0491353836051221	133	45	rpart	2
-0.4	0.0491353836051221	133	45	rpart	2
-0.3	0.0491353836051221	133	45	rpart	2
-0.2	0.0491353836051221	133	45	rpart	2
-0.1	0.0491353836051221	133	45	rpart	2
-0.0473864024598565	0.1	133	45	rpart	2
-0.0473864024598565	0.2	133	45	rpart	2
-0.0473864024598565	0.3	133	45	rpart	2
-0.0473864024598565	0.4	133	45	rpart	2
-0.0473864024598565	0.5	133	45	rpart	2
-0.0473864024598565	0.6	133	45	rpart	2
-0.0473864024598565	0.7	133	45	rpart	2
-0.0473864024598565	0.8	133	45	rpart	2
-0.0473864024598565	0.9	133	45	rpart	2
-0.0473864024598565	1	133	45	rpart	2
0.0518112889637743	-1	134	45	rpart	2
0.0518112889637743	-0.9	134	45	rpart	2
0.0518112889637743	-0.8	134	45	rpart	2
0.0518112889637743	-0.7	134	45	rpart	2
0.0518112889637743	-0.6	134	45	rpart	2
0.0518112889637743	-0.5	134	45	rpart	2
0.0518112889637743	-0.4	134	45	rpart	2
0.0518112889637743	-0.3	134	45	rpart	2
0.0518112889637743	-0.2	134	45	rpart	2
0.0518112889637743	-0.1	134	45	rpart	2
0.0518112889637743	0	134	45	rpart	2
0.1	0.049939197405756	134	45	rpart	2
0.2	0.049939197405756	134	45	rpart	2
0.3	0.049939197405756	134	45	rpart	2
0.4	0.049939197405756	134	45	rpart	2
0.5	0.049939197405756	134	45	rpart	2
0.6	0.049939197405756	134	45	rpart	2
0.7	0.049939197405756	134	45	rpart	2
0.8	0.049939197405756	134	45	rpart	2
0.846533490011751	0	134	45	rpart	2
0.9	-0.046	134	45	rpart	2
1	-0.046	134	45	rpart	2
